athlete_id,sport,age,gender,training_years,vo2_max,hrv,lactate_threshold,stride_length,cadence,force_application,performance_score,adaptability_score,skiing_potential
A0001,running,24,M,6,56.9,86.6,78.2,1.26,178,243.5,9.12,7.96,77.9
A0002,cycling,22,F,14,73.3,84.7,74.7,1.36,165,345.2,8.56,7.36,85.5
A0003,running,25,M,1,59.1,85.0,86.7,1.1,195,216.2,8.86,6.48,80.4
A0004,running,31,F,9,71.4,71.9,82.4,1.19,189,290.2,9.85,9.31,67.0
A0005,cycling,30,F,3,56.7,76.6,70.7,1.44,157,335.2,9.78,7.03,67.1
A0006,cycling,32,F,14,62.9,92.0,86.4,1.2,183,253.4,8.96,7.35,97.6
A0007,running,34,M,5,52.7,72.3,72.1,0.95,155,214.8,8.97,9.23,95.6
A0008,rowing,32,M,7,66.5,78.8,78.1,1.04,194,391.4,7.74,5.45,84.4
A0009,running,35,F,15,70.9,60.8,81.4,1.17,194,382.8,9.49,6.95,60.0
A0010,running,35,M,7,68.0,89.3,70.2,0.91,179,385.3,8.9,7.01,77.3
A0011,running,19,F,3,63.1,76.7,83.1,1.23,193,395.7,9.48,7.48,81.2
A0012,running,21,F,15,51.1,81.0,83.2,1.5,183,236.9,8.97,5.53,78.0
A0013,cycling,18,M,4,73.3,64.6,83.1,1.26,170,231.6,7.9,5.51,97.0
A0014,running,21,M,10,67.6,99.7,73.3,1.06,161,206.8,7.57,7.08,61.6
A0015,rowing,35,M,7,68.6,72.1,75.1,1.03,198,378.4,7.23,5.17,86.2
A0016,cycling,22,M,8,69.9,85.4,74.9,1.45,155,350.6,8.76,6.27,72.6
A0017,rowing,32,F,2,68.7,83.2,89.2,1.41,188,326.7,7.85,6.01,82.4
A0018,rowing,25,M,9,61.0,91.4,71.4,1.13,155,385.5,8.89,7.45,86.2
A0019,rowing,34,M,7,68.3,71.8,78.6,1.05,153,315.0,7.18,5.06,77.6
A0020,rowing,18,F,13,65.6,90.2,87.4,1.3,158,225.9,8.13,8.38,65.9
A0021,cycling,29,F,8,71.4,75.3,85.4,1.02,154,235.4,7.78,9.28,80.8
A0022,cycling,32,F,6,70.1,76.4,86.4,0.88,159,226.4,8.11,8.53,97.3
A0023,rowing,26,F,6,51.0,86.9,89.4,1.02,196,261.5,7.16,9.09,81.4
A0024,rowing,24,M,9,59.5,91.4,77.7,1.1,157,275.9,9.17,8.22,64.9
A0025,cycling,19,M,4,50.9,86.7,76.2,0.98,172,359.4,7.35,7.54,93.0
A0026,cycling,26,F,11,52.6,96.0,70.6,0.95,153,238.3,7.04,6.1,68.9
A0027,cycling,27,F,11,65.0,71.4,73.0,0.8,186,345.1,9.84,6.4,74.8
A0028,running,19,M,5,71.8,96.0,81.2,1.24,156,298.2,7.58,6.59,77.2
A0029,running,28,M,9,53.0,65.2,73.2,1.23,155,399.9,9.48,5.19,73.6
A0030,running,30,M,1,61.3,86.4,84.7,0.93,194,355.3,9.89,9.57,76.2
A0031,rowing,27,M,4,72.8,81.9,70.7,1.46,200,393.8,8.6,9.5,91.8
A0032,running,31,M,7,70.4,79.8,75.2,1.09,191,268.5,8.58,5.54,68.9
A0033,rowing,35,F,11,63.0,72.4,83.9,0.82,164,224.6,8.1,7.78,78.8
A0034,rowing,26,F,15,69.3,80.1,75.1,0.95,184,301.2,8.28,7.34,60.8
A0035,running,24,F,9,63.1,66.5,84.6,1.28,199,224.8,8.45,8.42,80.3
A0036,rowing,20,F,15,54.0,74.8,89.9,0.94,181,298.5,7.46,8.02,64.5
A0037,running,23,M,14,53.1,63.9,85.9,0.84,163,254.0,8.09,5.62,71.3
A0038,running,19,F,13,54.7,82.9,76.8,1.23,184,298.2,9.45,8.3,73.0
A0039,cycling,23,M,11,58.8,63.8,88.0,1.16,160,389.9,7.55,8.04,63.3
A0040,running,20,M,12,73.3,66.4,71.0,1.33,159,257.8,9.19,7.66,74.4
A0041,cycling,33,M,13,70.0,63.4,84.5,1.34,166,398.7,8.95,7.01,79.9
A0042,running,25,M,10,60.8,75.3,70.5,1.47,162,245.9,7.17,9.77,77.2
A0043,running,19,M,6,62.3,93.7,73.5,0.84,183,241.6,7.07,9.25,71.2
A0044,cycling,34,M,12,56.6,96.3,89.8,0.83,194,309.0,8.06,7.93,71.8
A0045,cycling,26,M,8,67.6,62.9,77.2,1.49,200,368.4,9.08,5.03,85.3
A0046,running,29,F,13,70.1,85.4,86.4,1.25,154,349.9,7.99,7.16,88.7
A0047,rowing,20,M,9,56.0,87.4,77.5,1.3,197,344.7,9.0,8.5,83.1
A0048,cycling,28,F,10,51.0,81.4,86.8,0.87,159,256.5,9.0,5.59,99.0
A0049,rowing,18,F,4,65.6,86.7,89.3,0.85,181,204.5,9.42,7.03,97.8
A0050,rowing,30,M,1,64.1,69.3,78.7,0.91,161,232.3,7.3,5.96,63.9
A0051,rowing,32,M,14,60.1,79.6,81.2,1.1,162,269.9,8.73,6.69,70.5
A0052,cycling,22,F,8,66.1,75.6,82.6,0.88,170,394.3,7.19,5.13,94.7
A0053,rowing,34,F,2,63.8,63.6,88.7,1.11,197,384.0,7.53,5.63,61.2
A0054,cycling,23,F,11,56.3,85.0,75.1,1.19,182,240.1,7.98,7.27,83.7
A0055,rowing,28,F,1,59.9,79.8,82.2,0.8,190,345.1,9.12,9.49,98.2
A0056,running,35,M,13,60.7,71.0,76.5,0.88,197,315.8,9.92,7.45,87.1
A0057,running,21,M,7,72.0,78.9,74.3,1.06,200,210.0,8.03,7.27,63.7
A0058,cycling,20,M,12,74.0,91.0,71.7,0.84,196,274.3,8.56,8.94,89.9
A0059,running,30,F,10,72.3,92.1,82.4,0.89,199,297.2,7.78,6.34,75.1
A0060,running,26,M,9,68.0,86.0,87.6,0.96,181,333.5,9.03,5.48,96.9
A0061,rowing,23,F,11,64.6,78.7,77.0,1.1,161,259.0,8.1,6.05,71.5
A0062,cycling,29,M,15,67.2,83.0,81.1,1.3,195,386.8,8.44,8.96,78.9
A0063,rowing,19,F,12,73.5,75.4,82.8,0.89,184,290.4,8.7,8.39,89.9
A0064,rowing,20,M,12,56.2,65.1,78.3,1.32,185,249.7,9.06,5.46,70.3
A0065,rowing,20,M,9,63.4,75.4,88.1,1.4,187,263.3,7.18,8.34,67.3
A0066,rowing,29,F,3,67.2,81.2,77.3,1.26,197,350.4,8.66,9.66,60.1
A0067,rowing,32,F,6,67.0,84.0,72.5,0.83,177,328.1,8.29,5.22,79.5
A0068,rowing,26,F,7,56.3,97.4,72.9,1.11,162,348.4,7.4,8.08,97.1
A0069,rowing,25,F,14,64.7,91.1,87.8,1.26,161,258.5,7.62,6.9,71.3
A0070,cycling,28,F,10,69.9,66.1,89.8,1.48,171,265.4,9.65,7.51,61.7
A0071,running,33,M,9,61.9,67.0,75.8,1.47,193,279.3,9.62,7.64,84.8
A0072,rowing,21,F,15,69.8,64.0,72.9,1.08,151,237.7,7.1,8.86,62.2
A0073,rowing,18,M,2,59.0,89.5,79.6,1.23,178,338.2,9.07,7.79,80.3
A0074,rowing,24,M,8,73.5,88.2,84.2,1.42,162,265.9,8.66,7.97,75.3
A0075,rowing,19,M,14,63.3,99.5,82.2,1.38,184,265.2,9.82,6.66,79.0
A0076,rowing,22,M,7,64.9,80.9,89.0,1.14,162,253.9,9.72,5.63,66.5
A0077,rowing,24,M,4,50.8,93.1,86.4,0.98,183,290.6,8.74,8.41,63.6
A0078,running,21,F,2,54.3,83.1,87.4,0.9,168,354.4,7.42,5.0,90.0
A0079,running,22,F,8,65.8,95.0,80.8,1.14,158,367.1,8.38,6.64,69.8
A0080,rowing,18,M,11,60.5,88.8,76.5,1.31,180,360.9,9.18,6.09,92.0
A0081,running,18,M,5,62.7,85.7,84.0,1.48,182,324.2,9.86,6.94,90.3
A0082,cycling,32,F,6,51.6,82.6,78.8,1.4,176,256.1,8.09,6.56,67.9
A0083,rowing,27,F,14,70.9,88.9,75.8,0.94,194,347.0,9.35,8.52,96.3
A0084,cycling,35,M,11,69.6,76.8,73.0,1.3,151,207.9,9.05,6.3,66.5
A0085,cycling,20,F,7,54.6,63.9,80.6,1.0,164,359.6,7.23,7.8,91.9
A0086,rowing,28,F,15,65.9,61.6,81.9,1.28,168,356.0,8.67,7.28,76.8
A0087,running,32,F,15,70.5,79.2,81.4,1.27,180,334.0,7.55,9.01,67.3
A0088,cycling,28,M,10,66.0,84.0,72.3,0.99,165,219.6,9.05,7.14,97.5
A0089,rowing,34,F,1,57.8,63.2,81.4,0.96,192,399.5,8.83,9.32,98.5
A0090,cycling,34,M,8,66.4,71.5,73.4,0.87,164,351.3,9.92,5.0,80.5
A0091,cycling,23,M,4,55.3,72.9,83.3,0.84,155,347.0,9.81,8.02,78.8
A0092,cycling,22,M,13,58.0,82.5,78.6,1.4,163,212.8,7.03,5.05,96.0
A0093,cycling,25,M,9,56.0,71.1,87.0,0.83,176,279.7,7.24,8.57,83.8
A0094,running,19,M,1,63.9,63.8,85.6,0.86,187,217.2,9.31,6.17,70.6
A0095,cycling,33,F,11,52.7,66.6,84.5,0.97,168,272.2,9.06,6.9,77.0
A0096,cycling,29,M,2,73.3,67.0,84.0,1.42,186,314.1,9.4,6.9,93.4
A0097,cycling,23,M,14,58.3,93.7,81.2,1.03,192,375.8,7.8,9.23,94.4
A0098,running,18,M,6,55.5,71.4,71.2,0.93,153,256.6,9.55,5.51,97.6
A0099,cycling,21,F,11,62.4,88.6,83.1,1.3,175,324.7,8.33,8.33,71.5
A0100,cycling,34,F,10,56.9,82.7,79.3,1.02,158,232.9,7.79,9.91,87.2
A0101,running,30,F,11,63.4,99.1,79.4,1.03,190,270.8,7.03,5.11,62.7
A0102,running,35,F,14,58.7,70.9,77.6,1.32,198,389.4,9.61,9.83,89.0
A0103,running,22,F,1,53.3,66.3,88.6,0.98,189,349.5,8.61,5.09,82.5
A0104,cycling,20,F,4,56.6,62.1,75.0,1.43,164,309.2,9.93,9.21,70.0
A0105,running,28,F,8,61.0,69.6,76.3,1.19,190,250.3,9.14,9.81,86.2
A0106,running,30,M,15,50.8,87.4,89.3,1.18,186,275.9,7.24,9.97,65.4
A0107,cycling,21,M,10,69.3,63.4,86.2,0.99,153,231.3,8.76,7.3,73.4
A0108,running,31,F,5,65.5,69.8,70.3,1.38,175,270.7,7.05,9.33,76.0
A0109,cycling,28,M,13,65.0,94.2,88.1,1.2,167,230.1,8.67,5.61,91.1
A0110,rowing,27,M,9,63.7,83.3,74.5,0.91,190,359.1,8.05,7.13,72.4
A0111,running,35,F,11,64.8,62.8,84.1,0.94,184,216.2,8.93,6.54,62.0
A0112,rowing,23,M,11,73.4,61.9,81.1,1.13,190,237.9,8.62,6.98,67.2
A0113,cycling,32,M,6,50.2,62.4,80.7,1.35,190,338.2,7.78,8.51,84.3
A0114,running,27,F,1,51.2,97.7,84.4,1.46,178,380.5,7.49,5.44,60.6
A0115,cycling,22,M,6,54.8,94.0,74.1,1.26,173,392.9,8.21,9.99,91.7
A0116,rowing,22,F,6,54.2,93.8,73.2,1.15,153,367.2,9.96,8.18,96.0
A0117,cycling,27,F,13,54.5,97.0,83.0,0.98,170,242.3,8.31,9.37,79.8
A0118,running,22,M,6,66.8,80.2,75.8,1.27,188,257.1,9.25,9.15,88.3
A0119,running,20,M,8,61.5,69.9,89.5,1.49,156,374.2,7.17,8.83,78.5
A0120,rowing,23,M,15,74.8,76.1,79.0,1.13,172,377.9,8.14,5.2,72.4
A0121,cycling,21,F,6,55.7,88.8,72.2,0.91,189,328.1,8.74,7.58,66.6
A0122,running,35,F,5,57.8,95.0,83.7,0.87,170,262.7,9.25,6.64,80.7
A0123,rowing,26,F,15,74.6,77.4,76.1,0.99,150,244.8,8.59,5.56,97.2
A0124,running,34,M,11,70.8,81.4,73.0,1.2,190,370.5,8.55,6.71,95.6
A0125,running,30,M,2,61.7,97.3,78.5,1.46,174,241.1,9.29,8.22,96.8
A0126,cycling,32,F,4,63.9,64.3,89.3,1.01,180,332.4,7.94,6.15,98.7
A0127,running,34,M,14,71.1,94.5,78.2,1.01,193,393.6,7.27,7.22,66.6
A0128,cycling,30,M,15,62.0,66.4,76.9,1.14,187,341.1,8.04,7.02,65.9
A0129,running,33,F,10,55.2,79.4,78.9,1.44,194,251.5,7.48,5.26,77.1
A0130,rowing,21,F,5,70.7,68.7,70.2,1.09,154,256.5,9.9,8.14,87.6
A0131,running,22,M,10,63.4,84.1,72.7,0.96,180,218.6,8.73,8.09,77.6
A0132,cycling,22,F,4,53.8,82.3,87.0,0.91,200,337.2,8.34,9.83,95.7
A0133,cycling,26,M,2,62.6,75.2,89.6,1.12,150,303.7,9.74,6.49,88.7
A0134,rowing,34,F,7,60.3,94.5,73.2,1.36,179,241.3,9.7,7.09,85.4
A0135,running,30,F,10,71.9,86.4,80.7,1.0,167,245.5,8.25,7.02,62.8
A0136,running,19,F,10,53.2,88.8,89.3,1.16,157,201.8,9.62,9.6,67.0
A0137,rowing,30,M,2,71.9,66.0,73.1,1.22,175,395.7,7.19,7.04,77.1
A0138,running,20,M,1,62.8,95.3,73.7,1.12,189,365.6,9.66,7.21,99.1
A0139,running,27,F,14,60.1,66.7,88.5,0.93,164,278.8,7.93,6.26,73.4
A0140,cycling,19,F,5,54.0,68.9,84.1,1.45,168,389.2,8.7,5.01,85.2
A0141,running,30,F,12,67.5,65.1,73.0,1.2,159,335.4,7.81,5.55,99.6
A0142,running,34,M,13,73.2,77.6,77.9,1.31,173,350.3,9.95,8.52,70.6
A0143,rowing,31,F,1,59.4,95.5,71.1,1.25,165,336.0,7.22,8.41,66.7
A0144,rowing,29,F,1,56.0,70.1,78.7,1.5,192,351.4,8.34,6.61,81.9
A0145,cycling,29,F,15,63.9,75.0,85.6,1.12,180,234.2,8.86,7.37,82.1
A0146,running,28,F,1,69.9,93.8,81.1,1.1,193,312.5,8.85,6.49,96.9
A0147,running,24,M,6,50.1,84.7,82.9,1.05,165,369.9,9.22,8.65,61.1
A0148,running,21,M,9,65.8,90.1,76.5,1.05,165,203.9,9.17,9.21,76.3
A0149,cycling,18,F,10,64.9,68.6,73.2,0.99,177,224.7,9.38,9.5,72.5
A0150,cycling,20,M,13,58.0,88.7,70.3,1.49,169,249.1,7.7,5.87,82.8
A0151,rowing,30,M,11,61.3,69.1,86.4,1.41,184,258.9,8.11,8.48,60.4
A0152,cycling,32,M,12,56.2,99.5,82.7,1.02,158,236.5,8.15,9.82,88.4
A0153,running,19,F,1,69.7,82.4,74.6,1.01,189,324.9,9.87,8.25,79.4
A0154,running,28,M,5,65.9,87.8,78.4,0.87,159,258.8,8.23,6.75,88.0
A0155,cycling,21,M,15,63.3,64.7,86.0,1.41,194,231.6,7.67,8.18,77.9
A0156,running,34,M,9,59.8,70.0,80.8,1.06,167,381.2,8.9,8.44,79.0
A0157,running,20,F,14,57.3,65.6,76.0,1.2,194,339.0,8.28,6.99,95.8
A0158,cycling,35,F,9,70.6,75.6,75.3,1.43,194,249.2,7.75,5.52,68.4
A0159,cycling,25,M,1,61.3,71.4,74.4,1.09,164,272.2,9.15,8.03,68.7
A0160,running,22,M,8,62.5,89.3,86.5,1.36,194,348.2,7.58,9.01,82.4
A0161,running,24,F,1,63.0,64.3,81.6,1.1,179,358.2,8.9,9.99,86.4
A0162,running,25,F,15,61.2,90.1,84.2,1.29,197,235.3,8.29,6.12,74.2
A0163,rowing,22,M,8,56.4,61.8,87.2,1.1,181,387.3,7.96,8.5,80.8
A0164,rowing,34,M,1,53.0,68.1,89.7,1.07,189,357.1,9.84,5.14,69.1
A0165,rowing,22,F,12,52.5,91.7,75.0,1.49,176,371.4,7.97,9.85,65.4
A0166,cycling,21,F,5,68.9,89.7,73.6,1.23,176,228.8,8.04,5.06,69.5
A0167,rowing,19,M,8,55.6,79.1,79.2,1.06,168,228.7,9.61,6.79,96.7
A0168,cycling,28,F,6,51.4,62.0,70.7,0.98,159,261.1,7.39,5.38,92.1
A0169,cycling,30,M,9,69.9,84.4,85.8,0.83,193,212.9,7.32,8.1,65.6
A0170,rowing,32,M,1,53.9,76.3,87.7,1.29,195,218.2,7.85,6.7,61.9
A0171,rowing,29,M,9,65.6,72.7,83.7,1.06,155,228.6,8.77,8.66,63.7
A0172,rowing,28,F,1,58.5,85.6,75.4,1.37,173,342.5,8.15,7.43,71.7
A0173,running,24,M,10,53.2,77.5,72.5,1.05,158,206.0,8.83,7.1,92.5
A0174,rowing,22,M,10,60.4,63.7,77.6,1.06,176,216.6,7.48,6.74,72.9
A0175,running,34,F,3,50.4,96.6,86.7,1.35,156,388.8,7.78,5.43,67.4
A0176,cycling,26,F,1,71.0,91.1,77.0,1.14,155,216.7,8.7,6.02,75.8
A0177,running,31,M,3,62.8,62.3,70.7,1.42,182,307.5,7.65,8.2,65.0
A0178,rowing,29,M,12,53.5,81.0,75.5,1.21,170,328.5,8.27,7.48,78.8
A0179,cycling,23,F,11,55.9,63.3,89.8,0.97,195,391.7,8.72,5.35,87.0
A0180,cycling,34,F,13,61.2,93.5,83.5,1.2,187,380.0,9.92,7.72,74.8
A0181,cycling,33,F,2,54.7,84.5,88.0,0.8,193,288.1,7.24,5.27,66.9
A0182,running,29,M,2,56.7,66.9,85.5,1.02,166,388.4,8.38,7.56,78.1
A0183,rowing,29,M,9,63.4,60.8,80.8,0.95,180,286.5,8.19,9.82,90.5
A0184,cycling,23,M,8,70.8,61.3,73.0,1.26,186,334.0,9.47,6.54,63.1
A0185,cycling,21,F,1,60.0,80.3,77.0,0.9,160,251.9,9.7,8.62,62.8
A0186,cycling,23,M,12,67.9,89.4,81.7,1.0,177,327.3,9.72,8.73,72.7
A0187,running,28,F,14,71.9,64.8,87.4,1.03,154,307.6,8.13,7.02,76.6
A0188,running,18,M,4,55.4,68.9,75.4,0.8,161,321.4,7.91,7.97,68.7
A0189,rowing,32,F,13,70.2,73.1,72.4,0.83,152,336.5,8.35,7.36,61.1
A0190,running,28,M,1,68.9,68.7,81.2,1.02,190,234.7,8.03,6.42,68.8
A0191,cycling,35,M,1,58.9,75.7,73.5,0.96,187,260.3,9.16,8.77,77.4
A0192,rowing,34,F,12,74.7,82.4,82.2,0.88,151,347.2,7.64,8.51,63.2
A0193,cycling,31,F,12,56.6,87.4,75.3,0.91,175,232.8,8.98,9.5,88.6
A0194,cycling,35,M,4,56.4,98.6,74.6,1.38,151,268.8,9.78,8.09,82.1
A0195,running,32,F,2,69.3,97.2,78.0,1.28,161,333.3,7.84,6.94,77.4
A0196,rowing,32,F,3,60.9,82.8,81.9,1.14,189,387.5,9.03,8.57,80.7
A0197,running,21,M,11,58.3,89.4,80.9,1.44,151,215.1,7.43,8.1,86.2
A0198,running,24,F,9,54.5,98.0,74.9,0.82,190,303.3,7.36,8.08,99.8
A0199,rowing,30,M,2,69.1,63.3,87.8,1.04,165,216.4,7.35,9.25,91.0
A0200,cycling,20,M,4,69.7,60.2,72.2,1.38,179,275.8,7.42,9.55,81.6
A0201,cycling,33,F,1,64.2,61.2,70.8,1.24,196,235.1,7.65,5.9,90.8
A0202,rowing,26,F,2,73.9,82.5,82.1,1.49,195,329.9,8.69,6.57,79.0
A0203,cycling,25,M,5,58.0,90.5,72.5,1.46,185,351.6,9.3,8.25,72.4
A0204,rowing,30,M,14,55.5,74.7,80.1,0.92,153,249.5,7.38,7.79,70.5
A0205,rowing,34,M,10,66.9,81.8,89.0,1.48,160,342.6,9.61,8.26,76.0
A0206,running,34,M,15,69.0,80.7,84.0,1.46,173,289.4,9.53,7.17,60.1
A0207,rowing,34,M,1,55.6,63.8,82.3,1.06,167,256.7,9.18,7.06,67.1
A0208,running,18,M,11,51.9,72.9,81.5,1.49,176,304.7,8.28,5.59,65.1
A0209,cycling,25,F,7,70.3,60.8,73.6,0.83,186,275.9,7.0,8.12,98.4
A0210,cycling,23,F,4,74.4,64.4,78.7,1.26,151,246.0,9.2,5.88,62.6
A0211,cycling,20,F,6,66.1,92.5,76.9,0.99,164,351.4,9.64,8.36,80.0
A0212,cycling,22,M,8,56.9,93.2,89.1,0.89,160,359.5,8.01,9.84,96.8
A0213,running,30,F,13,74.9,92.1,74.8,1.2,176,360.1,9.15,6.28,84.3
A0214,cycling,32,M,6,72.3,89.1,79.4,1.01,198,276.4,7.19,5.71,79.8
A0215,rowing,31,M,14,62.8,91.7,88.8,1.27,197,233.9,9.13,5.12,89.7
A0216,rowing,33,F,2,70.6,86.8,85.8,1.18,196,368.1,7.2,6.89,74.1
A0217,rowing,35,M,1,70.4,86.8,89.3,1.07,172,265.9,8.76,6.07,67.7
A0218,running,28,M,8,73.4,86.7,82.2,0.93,184,349.6,8.79,7.46,93.9
A0219,cycling,20,M,8,71.0,80.6,76.7,1.22,179,363.5,7.91,7.62,62.3
A0220,cycling,27,M,9,66.1,74.5,86.5,1.38,196,353.6,7.24,6.75,92.3
A0221,cycling,27,M,6,65.2,89.2,75.8,1.22,173,278.0,9.85,8.75,64.1
A0222,running,33,M,12,61.7,71.9,73.3,1.23,168,387.6,8.61,9.52,85.0
A0223,rowing,29,F,1,65.7,81.7,84.1,1.16,178,332.0,8.74,6.06,79.1
A0224,rowing,19,M,14,69.9,77.3,82.8,1.07,162,315.1,8.85,9.18,99.9
A0225,cycling,26,M,9,74.2,71.1,87.6,1.12,197,339.6,9.67,5.66,75.5
A0226,rowing,20,M,12,61.7,99.0,89.2,1.49,172,208.9,7.18,6.14,98.3
A0227,rowing,32,M,13,64.3,70.4,87.1,1.32,161,278.1,9.68,7.81,76.2
A0228,running,20,F,15,61.1,72.4,71.2,1.1,198,376.2,7.72,6.53,87.3
A0229,running,35,F,14,66.7,66.5,83.3,1.12,197,232.2,7.23,5.21,85.7
A0230,running,25,M,3,65.7,92.9,85.7,1.15,190,282.9,8.97,6.47,63.5
A0231,running,34,M,11,50.4,83.5,89.6,1.26,178,281.0,9.93,9.52,89.7
A0232,cycling,25,M,6,63.5,84.5,77.5,1.13,155,271.2,7.17,5.87,68.3
A0233,running,24,F,10,52.2,92.8,73.4,1.28,200,312.5,8.28,8.82,75.5
A0234,rowing,24,F,13,50.7,73.7,87.1,1.03,172,399.2,8.59,8.61,91.3
A0235,cycling,20,F,10,69.8,67.7,76.3,1.09,180,251.2,7.76,5.53,97.8
A0236,rowing,18,F,15,56.5,67.9,82.0,1.4,194,341.0,9.95,6.65,82.4
A0237,rowing,21,M,11,58.5,89.3,77.8,1.03,170,351.6,8.92,5.95,80.8
A0238,rowing,22,F,12,51.6,84.6,78.0,1.48,173,316.9,9.53,5.12,80.2
A0239,running,18,F,14,54.5,68.3,84.6,0.92,157,219.5,8.25,5.87,92.7
A0240,running,32,M,15,69.1,65.8,77.2,0.97,193,314.5,8.06,6.01,99.7
A0241,cycling,22,M,9,62.3,64.8,83.9,1.12,158,390.7,8.66,5.83,85.3
A0242,cycling,30,F,11,72.0,85.1,70.3,1.36,171,268.4,8.31,5.46,75.1
A0243,running,25,F,13,59.9,60.0,76.5,1.31,153,327.9,9.14,7.63,68.7
A0244,rowing,25,F,3,56.7,60.7,76.4,0.92,162,391.9,7.8,6.61,68.0
A0245,cycling,22,F,5,58.7,75.6,85.0,0.97,183,359.6,8.35,9.54,94.2
A0246,running,26,M,13,67.8,87.7,76.3,1.2,152,337.7,9.69,5.94,99.7
A0247,running,18,M,14,63.9,87.8,82.7,1.01,186,394.2,9.27,8.01,87.9
A0248,running,21,F,5,72.6,77.2,83.8,1.1,177,234.1,7.5,9.5,98.2
A0249,rowing,20,F,10,65.1,87.6,83.2,1.14,175,354.5,9.66,5.24,74.0
A0250,running,19,F,7,62.3,80.8,82.1,1.22,199,281.4,8.77,7.58,85.1
A0251,running,25,F,4,69.6,99.1,78.3,0.98,195,272.1,9.04,7.25,80.5
A0252,running,26,F,11,73.7,66.5,77.5,0.91,183,304.1,7.88,9.64,79.3
A0253,running,19,M,4,58.9,84.0,81.3,1.08,164,206.8,8.32,8.32,85.3
A0254,cycling,31,M,7,56.2,79.6,71.3,0.86,157,262.5,9.42,6.75,72.4
A0255,cycling,31,M,9,65.4,67.8,87.5,1.17,197,233.2,7.99,8.56,85.6
A0256,running,21,F,15,62.5,90.0,86.5,1.39,184,227.7,7.5,7.91,86.9
A0257,rowing,23,F,11,74.7,71.0,76.9,0.88,173,267.5,8.13,6.74,93.4
A0258,cycling,28,M,4,61.6,75.3,81.3,0.88,186,360.5,7.21,8.93,89.2
A0259,running,20,M,4,51.9,75.0,88.6,0.86,153,240.2,9.15,8.34,72.8
A0260,cycling,25,F,6,74.4,69.8,75.4,1.39,161,306.3,7.44,5.03,78.0
A0261,cycling,20,M,6,71.1,77.2,84.8,0.86,168,349.7,7.86,9.33,64.8
A0262,rowing,31,F,7,54.5,78.9,71.7,1.49,164,248.2,9.64,6.99,70.3
A0263,running,30,F,15,72.6,89.8,80.5,1.05,179,384.8,8.62,8.23,80.8
A0264,running,30,M,1,58.5,90.6,87.7,1.03,194,373.3,7.96,6.98,64.0
A0265,rowing,19,M,13,59.4,66.3,81.0,0.86,186,250.2,8.64,9.41,82.8
A0266,rowing,30,M,11,72.7,83.7,82.3,1.21,161,397.9,7.65,8.25,75.6
A0267,running,23,F,14,63.3,95.8,88.2,1.21,168,333.8,7.08,7.9,61.4
A0268,running,33,F,3,53.4,64.4,84.3,1.15,183,257.2,8.81,9.9,77.4
A0269,rowing,19,M,9,59.2,78.9,83.9,1.02,156,336.2,9.14,6.4,71.2
A0270,cycling,25,F,6,68.1,90.0,81.7,1.06,177,333.2,9.64,5.33,62.7
A0271,cycling,34,F,6,54.4,84.5,82.7,1.02,177,321.2,9.32,7.58,71.7
A0272,rowing,19,F,5,64.8,64.0,86.1,1.1,178,342.3,9.78,7.12,71.8
A0273,cycling,27,M,11,67.4,75.9,89.6,1.04,186,253.7,9.96,7.27,74.2
A0274,rowing,33,F,3,58.6,80.3,85.9,1.27,169,395.8,9.23,8.1,74.7
A0275,cycling,23,M,11,67.3,99.8,84.2,1.01,160,371.6,9.6,8.08,77.2
A0276,cycling,19,M,5,72.1,67.1,72.7,1.05,199,349.1,9.02,6.96,63.7
A0277,running,19,F,14,61.8,99.3,86.3,1.1,199,205.3,7.51,9.31,60.2
A0278,running,30,M,1,59.6,75.0,84.7,0.8,188,318.1,7.55,8.26,89.4
A0279,cycling,32,F,3,56.3,68.0,85.4,1.14,191,341.3,7.33,9.45,73.5
A0280,cycling,19,M,4,65.1,76.6,74.6,0.98,172,370.8,9.83,9.57,84.5
A0281,running,24,M,5,72.0,84.6,88.1,0.84,195,389.2,9.02,5.84,72.3
A0282,running,20,F,10,58.1,68.5,71.9,1.44,169,383.2,9.37,8.4,99.4
A0283,running,25,M,9,59.9,71.7,75.1,1.03,169,281.2,7.99,6.59,72.6
A0284,rowing,31,M,4,60.2,94.2,83.3,1.1,160,379.3,8.38,9.18,84.2
A0285,cycling,24,M,3,64.0,100.0,83.5,1.38,151,200.1,7.12,8.66,68.8
A0286,running,24,F,10,55.7,72.7,76.3,0.92,162,270.3,9.67,5.99,80.7
A0287,cycling,18,F,1,70.6,66.0,84.0,1.4,162,222.8,9.56,9.69,83.2
A0288,rowing,34,M,13,57.4,91.7,77.8,0.97,190,376.6,9.35,8.42,67.3
A0289,rowing,26,M,10,67.6,84.0,70.0,1.21,198,385.6,7.17,9.74,64.9
A0290,running,30,M,6,62.8,64.0,73.3,1.28,164,251.2,7.52,6.01,98.9
A0291,rowing,34,F,7,64.6,97.9,87.7,1.43,180,273.5,8.0,9.35,95.7
A0292,cycling,27,F,10,54.5,63.1,74.5,1.23,172,396.8,7.79,8.34,86.4
A0293,running,27,M,15,68.4,85.0,72.3,1.12,171,313.2,9.52,7.76,94.4
A0294,cycling,21,F,8,54.7,77.0,83.6,1.2,165,299.4,7.58,9.1,63.8
A0295,cycling,25,F,12,52.8,82.3,78.8,0.94,191,300.1,8.6,8.16,89.2
A0296,rowing,35,F,1,63.7,68.5,85.9,1.28,178,339.2,8.71,8.35,71.4
A0297,rowing,31,F,12,67.7,87.5,87.2,0.93,169,390.9,8.28,6.27,81.6
A0298,rowing,35,M,4,51.3,98.4,86.9,1.19,177,273.3,7.72,9.09,90.6
A0299,rowing,31,F,11,51.7,78.3,76.3,1.25,176,234.5,9.88,8.25,61.3
A0300,rowing,32,F,5,70.1,80.9,80.1,1.43,193,237.0,8.24,9.22,87.8
A0301,running,21,M,2,70.2,69.6,83.0,1.12,178,204.1,9.18,6.76,77.4
A0302,cycling,30,M,1,56.1,95.7,76.4,1.34,154,311.1,7.55,6.66,77.6
A0303,cycling,25,F,8,65.4,98.8,70.8,0.92,198,385.8,9.47,5.12,96.3
A0304,cycling,35,F,6,61.1,91.5,79.9,0.91,191,342.6,7.65,8.84,94.4
A0305,cycling,29,M,5,65.8,81.7,70.3,1.17,187,398.6,9.03,6.65,62.3
A0306,rowing,31,M,13,71.6,98.3,89.0,1.22,187,381.9,8.52,6.64,84.7
A0307,cycling,19,M,9,52.0,66.2,85.9,1.24,193,298.4,7.44,8.44,77.4
A0308,running,35,F,13,69.4,79.1,73.8,1.32,200,297.3,7.07,6.26,64.7
A0309,running,19,F,11,62.3,81.5,75.8,1.01,151,325.7,9.79,9.55,94.0
A0310,cycling,28,M,13,64.1,79.7,89.7,1.24,194,222.2,7.38,7.69,62.9
A0311,cycling,26,F,11,66.3,92.1,77.5,0.93,169,321.5,9.11,9.85,61.3
A0312,running,29,M,2,73.1,86.8,85.7,0.95,192,292.8,8.96,5.38,67.9
A0313,running,34,F,10,51.4,65.1,78.9,0.85,196,328.5,8.03,6.68,72.1
A0314,rowing,32,M,12,50.7,73.9,87.3,1.32,162,313.0,7.56,6.91,62.4
A0315,running,34,M,8,54.5,73.6,84.1,1.15,175,262.1,7.53,8.65,85.7
A0316,rowing,35,F,11,74.7,82.6,70.5,0.97,184,321.6,8.76,6.06,77.5
A0317,rowing,23,F,14,67.9,71.7,75.9,1.19,195,273.2,8.64,6.88,76.5
A0318,rowing,34,F,10,65.4,64.7,81.2,1.05,157,238.9,9.63,9.55,65.8
A0319,rowing,35,F,13,51.2,86.1,88.5,1.39,177,335.0,8.92,5.57,77.5
A0320,rowing,25,F,9,72.0,94.0,72.0,1.17,190,261.3,9.46,8.73,75.6
A0321,cycling,26,F,1,70.3,97.3,82.0,0.82,164,377.8,7.1,8.51,75.3
A0322,running,23,M,7,66.6,98.9,76.0,1.49,199,239.9,9.01,5.65,68.7
A0323,rowing,22,F,8,58.5,91.2,87.8,0.85,157,320.0,7.7,8.44,63.8
A0324,running,29,M,3,51.8,65.6,85.3,1.29,160,314.3,7.76,7.85,70.4
A0325,running,28,M,14,64.5,94.1,77.4,1.11,178,239.5,9.16,6.44,86.7
A0326,rowing,18,F,4,68.0,76.0,73.3,0.97,154,288.0,9.38,6.56,62.9
A0327,cycling,28,M,13,52.4,89.2,70.2,1.27,196,335.1,8.12,9.16,75.3
A0328,rowing,26,M,3,65.8,81.3,82.4,0.89,196,263.7,9.37,6.16,80.6
A0329,cycling,19,F,7,57.2,93.1,78.1,1.4,156,222.8,8.33,7.56,98.5
A0330,running,29,F,9,69.1,77.0,76.3,0.98,167,323.0,9.57,8.41,93.8
A0331,cycling,21,F,3,63.5,62.5,89.7,1.05,177,244.8,7.07,5.65,96.7
A0332,cycling,21,M,13,53.2,82.3,79.3,1.24,161,336.3,7.25,9.66,92.8
A0333,cycling,35,F,6,63.2,66.9,85.0,0.8,161,367.9,9.33,6.3,83.6
A0334,running,32,F,8,59.9,98.6,73.5,1.13,185,224.7,8.87,6.59,94.4
A0335,running,30,F,6,54.5,81.1,70.3,1.43,178,287.5,8.68,8.33,82.6
A0336,cycling,34,F,2,71.0,82.1,78.4,1.28,160,289.0,8.84,5.39,74.3
A0337,cycling,23,M,13,50.3,96.3,83.3,1.07,155,326.5,9.79,8.14,74.9
A0338,rowing,33,F,7,57.8,85.0,80.1,1.26,170,266.9,8.97,9.58,82.6
A0339,cycling,29,M,2,50.3,72.1,87.8,1.46,159,283.7,8.94,6.25,92.4
A0340,rowing,22,F,2,52.4,71.8,78.7,0.93,181,202.4,9.28,6.81,65.3
A0341,cycling,34,M,2,57.4,80.1,76.2,1.17,196,224.5,9.6,6.16,61.6
A0342,rowing,18,M,11,51.4,94.7,88.3,0.96,182,314.0,7.79,9.09,91.6
A0343,running,27,M,15,64.9,91.8,78.1,1.4,166,243.2,8.85,5.84,85.9
A0344,cycling,32,F,1,52.2,98.5,75.4,1.3,152,228.9,8.75,6.73,92.9
A0345,cycling,28,M,14,67.5,62.9,72.0,1.36,192,264.9,7.4,8.01,99.1
A0346,cycling,30,F,11,51.3,70.7,85.9,1.46,167,232.7,8.56,7.02,70.1
A0347,cycling,22,F,1,51.5,63.2,86.5,0.96,159,211.9,7.21,5.33,67.8
A0348,rowing,18,F,14,57.6,90.0,70.7,0.83,190,256.8,7.55,9.74,73.6
A0349,cycling,29,F,7,72.4,65.6,77.2,1.0,188,232.9,9.74,6.69,95.1
A0350,running,28,F,15,66.0,64.0,85.0,1.08,192,359.9,7.36,7.23,60.6
A0351,running,34,M,13,69.3,82.5,88.9,1.24,157,212.5,8.74,5.84,60.4
A0352,cycling,21,F,14,53.5,76.5,77.6,1.36,183,349.5,7.97,9.33,68.7
A0353,running,32,M,14,70.9,88.6,87.4,1.04,186,276.6,8.67,6.46,75.0
A0354,cycling,26,M,15,50.2,79.5,77.9,1.13,190,335.1,7.7,5.1,72.1
A0355,cycling,29,M,14,55.3,77.0,73.6,1.35,182,210.5,8.33,6.58,93.0
A0356,running,22,M,12,65.4,77.0,70.1,0.96,198,384.1,9.6,9.92,87.6
A0357,cycling,27,M,5,59.4,94.9,76.6,0.95,159,353.5,8.13,5.73,93.5
A0358,running,34,M,11,74.6,75.8,77.6,1.21,189,228.0,8.06,5.16,75.4
A0359,rowing,22,M,3,50.8,73.3,88.9,1.11,167,243.8,8.34,7.89,83.8
A0360,cycling,33,F,1,75.0,73.5,74.1,1.46,174,328.8,7.3,6.86,80.6
A0361,rowing,24,M,11,65.6,67.9,77.6,1.05,191,384.3,8.16,8.97,79.0
A0362,running,26,F,10,64.0,94.4,70.5,1.33,190,289.2,7.02,8.66,71.5
A0363,rowing,20,M,6,51.5,65.9,85.3,1.21,185,297.1,8.51,5.93,88.4
A0364,rowing,32,M,11,56.8,96.3,88.3,0.84,151,247.6,9.54,7.82,81.0
A0365,running,33,M,1,73.1,71.3,74.8,0.86,168,276.6,8.66,5.16,63.1
A0366,rowing,35,M,9,58.9,96.0,78.6,0.94,159,257.2,8.82,7.2,60.0
A0367,rowing,31,F,2,66.5,91.6,72.4,0.9,198,270.1,7.09,8.57,60.8
A0368,running,20,F,1,75.0,83.3,79.1,1.03,152,204.1,9.58,7.07,63.0
A0369,rowing,29,F,15,56.6,86.8,72.7,1.21,168,208.2,8.16,5.59,74.8
A0370,running,26,M,12,64.4,73.0,80.5,1.22,200,336.1,9.92,5.31,72.2
A0371,rowing,24,M,7,67.4,83.0,84.7,1.21,175,336.4,7.36,9.27,66.3
A0372,running,26,M,6,54.1,71.7,81.1,0.88,200,266.0,9.83,9.46,80.6
A0373,running,30,F,6,53.7,76.1,74.9,1.22,200,377.1,8.9,6.72,98.8
A0374,rowing,35,M,14,61.4,90.6,77.1,1.09,196,253.2,7.16,5.82,66.4
A0375,rowing,22,F,5,59.6,69.8,82.8,1.43,174,279.2,9.92,9.89,70.0
A0376,rowing,30,F,11,67.9,93.6,81.8,1.44,199,346.3,7.04,7.73,78.5
A0377,cycling,21,M,4,51.7,75.0,72.7,1.34,166,348.7,9.19,7.38,85.6
A0378,cycling,19,M,11,74.3,81.3,86.9,1.29,159,372.2,9.67,8.71,84.0
A0379,cycling,33,F,4,50.4,97.7,79.5,0.88,195,205.8,7.53,5.84,80.8
A0380,running,26,F,3,65.0,87.3,73.2,0.86,200,236.8,8.03,7.9,89.5
A0381,rowing,26,F,10,64.1,85.8,72.5,1.39,199,328.1,8.68,9.45,93.8
A0382,running,23,M,8,53.4,88.5,89.3,1.1,160,267.6,9.04,5.12,100.0
A0383,cycling,28,M,7,53.8,96.7,75.6,1.12,160,208.7,9.62,8.36,78.6
A0384,rowing,18,M,9,69.8,69.9,88.2,1.39,161,317.3,9.28,7.76,99.8
A0385,running,21,M,1,72.2,84.5,78.2,1.24,189,278.6,8.09,9.75,89.2
A0386,rowing,30,M,7,57.1,76.0,77.7,0.93,197,272.8,9.47,6.29,86.3
A0387,running,30,M,10,60.9,60.5,84.0,0.95,157,252.9,9.9,9.29,85.6
A0388,rowing,30,F,4,58.9,65.0,70.2,0.8,173,201.2,7.68,6.54,96.4
A0389,cycling,19,F,7,51.8,73.0,76.8,1.3,163,236.5,7.22,7.15,97.9
A0390,cycling,26,F,13,66.8,82.6,76.1,1.14,172,294.8,8.28,6.07,67.1
A0391,rowing,25,M,12,70.6,95.3,87.4,1.46,199,255.1,9.64,9.32,79.7
A0392,running,24,F,1,57.6,91.6,80.6,1.3,185,374.9,7.45,5.98,97.7
A0393,cycling,21,M,5,74.8,82.1,77.3,0.87,166,228.6,9.66,9.3,75.3
A0394,cycling,35,M,3,51.9,63.0,75.3,0.91,194,375.1,9.98,7.28,69.3
A0395,cycling,20,F,5,66.5,71.4,81.8,1.15,154,281.0,7.16,9.18,64.1
A0396,rowing,23,M,4,61.2,74.7,73.0,1.45,152,255.2,8.49,6.32,83.9
A0397,rowing,29,F,2,61.2,84.9,74.9,0.97,158,260.9,7.99,5.66,88.0
A0398,running,29,F,11,61.4,62.6,75.9,1.38,169,266.0,8.18,7.77,67.8
A0399,running,25,M,4,56.5,81.2,82.2,1.02,199,301.3,8.35,7.55,86.9
A0400,running,18,F,3,67.9,96.1,77.5,0.99,169,270.8,9.22,6.78,96.0
A0401,rowing,21,F,13,68.0,88.2,80.1,1.43,200,329.4,8.77,8.31,69.7
A0402,rowing,28,F,1,57.1,91.9,83.0,0.83,168,285.0,9.88,5.48,64.9
A0403,running,20,F,12,70.9,87.3,89.1,1.26,170,334.3,8.0,8.11,93.4
A0404,running,30,M,10,57.9,68.3,85.3,0.83,165,320.9,8.62,6.06,96.7
A0405,rowing,34,F,8,68.1,64.4,78.1,1.36,182,248.9,9.44,5.64,68.6
A0406,running,27,F,15,53.0,93.2,85.0,1.38,154,362.6,8.12,9.55,88.9
A0407,cycling,29,F,5,54.2,87.8,89.0,1.43,173,359.8,8.4,7.3,83.6
A0408,rowing,32,M,4,57.9,83.0,80.0,0.93,164,397.8,9.05,8.82,69.6
A0409,running,27,F,10,64.8,67.6,78.2,0.89,175,235.0,9.58,5.45,92.9
A0410,rowing,31,M,12,66.1,84.1,71.6,1.15,193,369.6,8.25,5.29,78.8
A0411,cycling,30,F,5,59.9,61.3,87.8,0.99,174,374.4,8.6,7.47,88.0
A0412,rowing,22,F,4,51.9,64.8,74.9,1.22,177,328.4,9.93,6.58,72.1
A0413,rowing,23,F,3,59.3,72.5,71.3,1.16,182,301.3,7.13,5.02,92.6
A0414,rowing,19,M,5,67.2,77.7,80.7,0.9,195,391.5,8.34,5.92,70.6
A0415,rowing,34,M,4,66.8,64.8,86.9,1.32,167,394.5,8.91,6.09,74.6
A0416,cycling,21,M,15,54.0,64.8,78.1,1.36,167,328.3,7.03,6.44,75.7
A0417,rowing,31,M,1,50.2,89.0,85.7,1.47,187,271.9,8.79,9.39,68.3
A0418,rowing,27,M,12,68.8,82.8,86.7,1.08,182,363.4,7.17,7.1,95.0
A0419,running,20,M,3,52.7,81.3,79.1,1.04,176,217.9,9.57,8.4,64.5
A0420,rowing,20,F,10,52.1,78.1,81.8,0.93,198,258.1,9.42,5.09,82.5
A0421,running,32,M,15,50.1,99.1,80.7,0.93,199,397.1,7.1,9.07,92.6
A0422,cycling,23,F,10,60.8,62.0,88.8,1.02,164,362.9,7.15,6.2,83.2
A0423,cycling,34,M,8,62.6,67.2,84.5,1.49,193,387.9,9.26,6.55,73.1
A0424,cycling,29,M,7,65.9,85.9,88.5,0.86,162,319.0,8.11,5.23,91.3
A0425,cycling,28,M,2,57.4,65.5,74.4,0.98,183,281.5,8.73,7.05,80.0
A0426,running,21,F,1,67.8,83.6,76.2,0.86,153,395.9,7.81,9.26,66.5
A0427,rowing,23,M,3,54.2,82.7,71.4,0.99,184,261.9,7.52,6.89,72.7
A0428,cycling,18,M,5,70.8,98.8,80.0,0.86,168,351.5,7.89,9.54,83.7
A0429,rowing,33,F,10,64.3,95.3,87.5,1.16,180,311.6,7.74,9.34,86.4
A0430,running,32,F,15,64.6,97.8,76.5,1.11,174,245.7,8.34,5.31,81.9
A0431,running,34,F,11,55.2,64.5,72.6,0.92,189,203.5,9.24,6.53,70.9
A0432,running,25,F,12,51.9,94.7,71.4,0.92,161,276.8,8.66,9.55,83.8
A0433,cycling,29,M,1,61.6,65.2,79.0,1.24,161,309.5,8.83,5.15,73.3
A0434,rowing,27,F,3,65.4,85.3,73.3,1.07,191,236.6,8.41,8.83,69.0
A0435,rowing,32,M,3,52.4,88.8,76.9,0.84,174,282.9,7.97,9.53,97.8
A0436,rowing,26,M,5,73.8,66.4,86.4,1.44,182,323.0,7.43,8.85,72.6
A0437,running,19,F,3,74.5,85.3,77.7,1.08,186,343.0,8.06,8.72,73.4
A0438,cycling,22,M,13,63.6,62.1,82.2,1.21,177,210.5,9.0,9.22,95.9
A0439,running,23,F,9,73.8,71.7,80.0,1.42,192,332.8,9.2,8.33,65.7
A0440,running,24,M,1,54.5,96.8,84.4,1.08,158,211.3,8.41,7.12,83.4
A0441,rowing,18,F,4,50.6,66.9,73.1,1.37,163,205.6,8.93,5.31,91.3
A0442,running,24,F,13,51.0,62.6,88.4,1.44,152,230.5,7.63,8.94,70.9
A0443,rowing,29,F,13,64.7,77.7,82.9,0.92,154,330.7,9.58,9.53,93.8
A0444,cycling,33,F,10,51.5,94.0,75.4,1.42,175,210.6,9.6,7.56,90.8
A0445,rowing,33,F,10,74.0,63.1,72.5,0.88,190,204.2,7.96,7.66,79.4
A0446,cycling,28,F,4,53.5,74.2,73.0,0.99,167,223.6,8.64,7.02,64.7
A0447,rowing,21,M,1,57.6,96.0,85.7,1.37,187,389.9,8.82,9.28,98.8
A0448,running,30,M,14,70.6,64.7,81.8,1.43,170,381.5,8.42,5.07,85.0
A0449,running,24,M,2,55.5,72.4,77.6,1.28,188,217.3,9.73,8.12,80.7
A0450,cycling,21,F,11,56.1,91.1,76.7,0.87,165,260.8,9.22,9.54,95.4
A0451,cycling,32,M,1,66.1,81.7,87.1,1.17,189,389.5,9.02,5.52,76.9
A0452,cycling,26,F,6,56.9,93.3,87.5,1.2,172,219.5,8.56,9.8,82.5
A0453,rowing,28,M,3,55.4,64.5,81.6,1.0,178,218.9,7.25,9.84,94.3
A0454,rowing,25,M,7,56.4,96.8,80.5,1.49,159,217.2,7.32,9.65,75.7
A0455,cycling,18,F,5,62.3,97.4,86.3,1.03,154,395.3,7.9,7.31,90.9
A0456,running,25,M,9,74.2,66.2,85.0,0.95,160,348.6,7.63,6.91,70.2
A0457,rowing,30,M,7,70.8,61.4,78.0,0.88,178,242.9,9.86,8.53,88.1
A0458,rowing,21,M,4,57.1,99.6,71.7,1.06,194,209.2,8.23,6.59,80.4
A0459,rowing,25,F,5,59.1,79.3,85.4,1.28,176,393.0,9.63,5.34,66.6
A0460,cycling,20,M,5,61.6,82.9,73.4,0.96,183,285.1,9.45,9.51,65.4
A0461,cycling,26,F,11,74.5,84.6,70.3,1.34,163,319.7,9.44,8.17,78.3
A0462,cycling,19,M,15,54.3,91.6,86.9,0.89,190,255.8,7.65,6.04,88.4
A0463,cycling,19,M,5,58.9,92.5,81.6,1.11,191,351.7,8.34,5.09,84.1
A0464,cycling,30,M,10,68.2,67.8,87.8,1.29,159,239.4,7.95,8.62,94.2
A0465,running,32,M,9,74.1,69.5,79.7,0.89,191,357.4,9.91,9.26,75.6
A0466,running,29,F,10,53.9,95.1,88.5,1.22,200,246.1,9.63,7.03,93.7
A0467,cycling,21,M,3,55.7,92.8,77.1,1.36,160,219.6,7.75,5.4,61.5
A0468,rowing,25,F,6,55.6,84.7,84.5,1.22,160,295.8,7.94,8.24,74.6
A0469,cycling,26,F,8,50.5,99.8,76.0,1.16,184,362.6,8.59,6.48,62.9
A0470,running,22,M,11,65.1,89.4,70.0,1.39,168,277.0,7.84,5.72,96.8
A0471,running,35,M,9,66.8,68.6,77.6,1.49,173,205.8,9.47,7.55,79.0
A0472,rowing,28,F,13,65.1,93.9,84.8,0.93,150,310.7,9.46,7.41,72.6
A0473,running,32,F,15,51.8,76.6,73.0,1.28,161,336.1,9.17,7.58,79.7
A0474,cycling,26,M,7,51.7,61.4,80.1,0.86,196,348.1,9.07,9.12,81.3
A0475,rowing,34,M,12,55.3,72.9,74.2,0.83,163,280.4,8.64,7.42,93.8
A0476,cycling,29,M,3,57.3,90.5,71.5,1.0,152,219.4,8.04,9.5,81.7
A0477,cycling,24,M,1,69.7,98.4,82.3,1.48,194,316.9,9.51,9.21,77.3
A0478,rowing,27,M,4,54.0,71.0,89.0,1.19,199,265.9,9.58,8.26,98.5
A0479,cycling,27,F,13,51.1,69.9,76.2,0.99,181,389.4,7.15,5.28,98.7
A0480,running,30,M,6,59.8,82.5,81.6,0.89,165,300.5,8.2,9.32,61.5
A0481,cycling,28,M,3,60.4,92.5,89.1,1.44,187,294.5,7.08,9.53,88.3
A0482,rowing,30,F,14,61.3,89.9,83.0,1.05,159,261.8,9.52,6.88,74.9
A0483,rowing,25,M,1,70.7,82.4,83.5,1.01,166,267.8,7.53,7.63,87.0
A0484,rowing,25,M,6,52.5,85.3,73.6,1.4,198,302.6,9.02,6.41,85.5
A0485,cycling,21,F,14,67.6,69.7,79.9,1.22,189,261.3,8.07,5.07,73.2
A0486,rowing,32,M,1,58.4,77.3,77.3,0.92,153,378.5,9.45,7.4,99.5
A0487,rowing,28,F,9,57.7,70.2,79.4,1.1,164,287.8,8.53,5.65,74.3
A0488,cycling,28,M,11,73.3,95.4,86.0,1.45,182,258.4,7.97,5.92,85.3
A0489,running,18,M,14,56.2,64.5,79.2,1.43,188,231.1,7.97,7.4,92.5
A0490,cycling,34,M,12,66.1,87.2,71.3,0.85,159,334.5,7.98,9.34,65.8
A0491,rowing,32,F,1,56.9,70.4,88.1,0.99,156,205.2,9.37,9.22,72.0
A0492,rowing,23,F,13,62.7,79.0,80.9,0.91,182,290.0,9.13,9.83,68.0
A0493,cycling,32,F,6,69.7,72.0,88.5,1.17,166,310.0,7.96,7.41,91.3
A0494,running,26,F,1,72.0,72.9,81.4,1.32,161,268.0,8.47,7.76,92.0
A0495,rowing,31,M,12,71.0,70.4,71.4,1.01,166,350.0,7.23,9.11,70.2
A0496,rowing,35,F,7,64.6,90.1,81.1,1.33,196,335.1,9.48,8.5,60.2
A0497,rowing,34,F,3,56.2,74.6,81.5,1.27,165,394.3,7.8,5.91,76.9
A0498,cycling,35,F,6,66.5,89.1,74.3,1.31,163,301.8,9.67,6.99,87.5
A0499,rowing,22,M,7,67.7,78.2,79.4,1.46,152,307.6,8.79,9.65,84.9
A0500,running,26,M,1,50.3,81.9,79.2,1.1,200,249.2,8.7,5.73,77.8
A0501,rowing,28,F,1,61.0,81.7,82.5,1.04,193,277.1,7.49,6.05,72.1
A0502,rowing,18,F,13,71.1,99.0,75.2,1.28,200,205.4,7.21,7.0,79.0
A0503,running,35,M,5,62.2,74.7,81.6,1.37,199,337.9,8.66,9.7,60.6
A0504,rowing,23,F,6,57.8,68.3,74.8,0.93,179,262.3,8.4,5.57,63.0
A0505,cycling,19,F,15,71.8,96.5,78.9,1.39,195,308.1,7.36,8.36,66.5
A0506,cycling,32,F,15,53.9,67.0,72.5,0.84,190,251.0,9.51,5.66,85.0
A0507,cycling,31,F,9,55.2,93.4,70.7,0.8,184,324.2,8.25,7.62,68.8
A0508,running,22,M,14,67.2,66.0,76.4,0.91,175,289.5,7.78,7.68,76.9
A0509,rowing,23,M,1,58.8,86.3,75.5,1.49,161,296.4,9.36,5.21,84.9
A0510,cycling,23,M,13,67.8,66.0,78.1,1.17,180,388.5,9.74,9.77,93.2
A0511,running,35,F,4,53.9,96.9,89.2,0.83,166,341.2,7.92,9.03,82.0
A0512,rowing,31,F,10,56.3,82.6,80.4,1.5,186,252.4,9.33,6.51,67.1
A0513,running,27,M,8,53.9,73.2,81.1,1.32,157,300.8,8.96,5.65,98.1
A0514,cycling,31,M,10,73.8,65.6,88.8,1.39,168,293.3,9.97,6.73,63.6
A0515,cycling,30,M,9,60.1,74.8,88.4,0.95,175,359.0,7.61,9.47,74.7
A0516,cycling,20,F,15,58.4,88.2,87.7,0.87,153,366.7,9.88,5.66,96.9
A0517,running,23,M,13,50.4,75.4,72.0,1.16,164,256.7,7.95,6.75,84.1
A0518,running,25,F,3,53.8,69.8,82.7,1.34,200,364.2,8.24,7.47,86.5
A0519,cycling,29,F,11,60.5,83.1,86.2,1.25,196,235.9,8.08,5.16,72.1
A0520,running,30,M,2,51.7,76.7,86.7,1.24,163,352.6,7.81,6.34,63.1
A0521,cycling,28,M,4,62.8,66.6,81.6,1.33,179,249.8,9.08,7.98,74.6
A0522,cycling,29,F,2,61.4,66.2,70.3,0.96,197,259.6,8.77,6.62,76.1
A0523,rowing,18,M,1,69.2,88.3,89.5,1.26,191,370.5,7.92,9.35,70.8
A0524,running,34,M,12,66.5,99.0,79.4,1.07,173,284.0,7.4,9.68,68.6
A0525,cycling,33,F,3,61.1,69.3,77.9,0.85,195,398.1,7.95,7.21,74.2
A0526,cycling,28,F,7,55.6,90.9,77.9,0.94,192,230.4,8.14,7.66,85.6
A0527,running,30,F,13,68.2,63.5,78.5,1.36,183,292.7,8.14,8.15,98.0
A0528,rowing,35,F,13,67.7,75.3,74.8,1.43,168,346.5,8.07,8.32,88.2
A0529,rowing,28,F,1,53.8,80.3,76.5,1.0,152,201.1,7.15,5.32,91.2
A0530,cycling,29,M,2,72.9,70.7,89.7,0.93,153,230.4,8.39,5.27,72.2
A0531,running,23,F,1,51.6,81.2,77.4,0.82,160,204.1,9.51,9.33,64.2
A0532,rowing,26,F,8,51.4,95.3,80.5,1.46,162,398.6,7.54,6.1,71.7
A0533,running,33,F,5,54.7,97.8,87.0,1.28,199,352.1,7.44,7.92,76.1
A0534,running,21,M,8,72.7,64.0,80.5,1.47,167,274.7,8.42,8.12,87.6
A0535,cycling,20,F,3,63.0,70.9,76.5,1.4,168,231.3,8.11,5.82,97.6
A0536,rowing,33,F,13,69.7,99.2,80.5,1.04,193,218.1,8.68,8.81,92.4
A0537,cycling,29,F,12,55.7,70.8,72.3,0.88,182,306.4,9.84,9.33,70.7
A0538,rowing,28,M,7,62.3,87.7,72.6,1.15,187,395.2,9.28,6.43,92.8
A0539,rowing,22,F,8,59.0,70.1,83.9,0.82,152,334.9,9.06,9.39,76.5
A0540,rowing,35,F,15,70.7,74.3,88.3,0.9,198,273.0,8.25,5.41,67.0
A0541,rowing,23,F,6,50.6,67.7,84.5,0.96,184,300.2,7.86,9.0,78.5
A0542,rowing,35,M,13,56.1,94.3,71.5,1.27,150,399.8,8.62,8.2,82.5
A0543,running,23,M,13,53.8,95.3,78.1,1.16,184,303.8,9.66,7.92,90.5
A0544,cycling,21,M,7,71.5,71.9,70.1,1.01,185,392.8,9.63,6.15,74.0
A0545,running,29,M,14,61.7,92.9,80.2,1.2,187,203.3,8.34,6.81,65.9
A0546,rowing,19,F,12,60.1,74.3,73.9,0.89,188,344.2,7.74,9.55,63.8
A0547,cycling,34,F,2,61.2,64.0,87.4,1.33,174,325.4,7.68,7.33,64.5
A0548,rowing,28,M,8,74.3,90.3,72.1,1.3,189,337.1,7.1,7.97,98.0
A0549,cycling,28,M,5,71.3,83.9,70.0,0.95,162,314.1,9.53,9.68,98.1
A0550,running,33,F,7,67.7,71.0,79.0,1.22,153,208.8,7.79,7.33,98.8
A0551,cycling,19,F,1,57.3,70.1,73.1,1.15,155,229.9,8.08,6.94,72.1
A0552,cycling,19,M,5,54.1,99.0,84.8,0.84,160,384.5,9.43,9.47,67.7
A0553,cycling,25,M,1,73.0,94.5,88.4,0.99,150,246.6,7.36,9.55,99.2
A0554,cycling,30,M,12,60.6,92.4,70.8,1.5,157,398.6,8.38,6.77,99.5
A0555,cycling,27,M,13,57.0,65.1,77.9,0.87,183,335.9,7.37,7.96,63.1
A0556,rowing,25,F,8,61.8,90.2,89.9,1.15,189,288.9,8.33,9.82,90.1
A0557,cycling,21,M,15,72.9,68.6,84.7,1.39,158,384.0,7.14,5.28,71.5
A0558,cycling,32,M,4,59.7,99.1,89.1,1.01,185,359.0,8.55,5.2,96.4
A0559,running,18,F,4,64.1,62.1,73.3,0.98,198,285.8,9.39,7.58,63.6
A0560,cycling,28,F,2,70.1,74.1,74.4,1.42,188,213.7,9.03,6.46,95.5
A0561,running,24,F,5,60.7,77.1,73.1,1.01,191,373.7,8.53,7.91,60.1
A0562,rowing,34,F,1,55.8,93.0,76.0,1.26,186,353.0,9.49,8.62,80.9
A0563,cycling,35,F,9,74.9,90.6,84.5,1.32,191,358.1,7.68,5.35,73.4
A0564,running,29,M,5,73.9,75.0,73.3,1.35,193,349.0,9.49,9.41,77.1
A0565,running,26,M,6,71.1,82.6,80.5,1.5,170,255.2,7.83,6.38,77.4
A0566,rowing,22,M,2,67.2,93.4,75.4,1.36,169,371.8,8.09,6.91,86.1
A0567,cycling,27,F,10,57.4,60.7,86.6,1.26,187,200.4,7.39,6.69,60.9
A0568,cycling,21,M,10,72.8,92.1,70.1,1.43,150,247.5,7.31,9.2,87.7
A0569,running,22,F,1,56.9,97.9,74.5,1.43,184,209.3,9.8,5.85,60.9
A0570,cycling,27,M,4,70.0,61.3,82.1,1.48,177,222.1,7.57,5.14,67.4
A0571,running,28,M,7,73.0,61.8,71.9,1.34,156,306.5,8.0,9.86,84.3
A0572,cycling,27,F,6,65.1,73.8,79.3,0.94,192,207.5,8.59,9.9,63.5
A0573,running,25,F,10,70.1,63.5,78.7,1.3,193,236.3,8.04,6.29,99.6
A0574,cycling,19,M,1,69.8,79.2,87.1,0.85,158,246.5,9.61,5.05,91.4
A0575,rowing,25,M,1,54.8,89.1,82.5,1.02,150,331.1,9.7,8.23,88.2
A0576,cycling,33,M,8,66.7,82.7,82.8,0.88,185,293.8,7.98,8.24,70.7
A0577,cycling,22,M,4,52.3,67.9,89.0,1.46,183,291.7,7.28,9.7,61.9
A0578,rowing,20,M,5,62.7,86.2,89.6,1.04,183,353.7,7.63,6.49,99.2
A0579,cycling,29,F,13,54.1,87.4,83.1,1.3,166,291.3,8.42,5.95,65.9
A0580,rowing,30,F,7,60.4,97.3,80.4,1.2,181,269.7,7.87,8.08,93.2
A0581,cycling,30,F,8,70.8,65.9,82.2,0.88,151,392.5,8.36,7.82,67.9
A0582,running,27,F,15,74.7,87.7,77.6,1.19,185,201.7,9.28,8.59,75.0
A0583,running,21,M,10,57.9,96.5,89.7,1.26,174,261.1,8.26,9.43,87.7
A0584,cycling,26,M,7,63.3,80.1,84.1,1.42,192,321.9,7.59,7.8,97.8
A0585,cycling,19,F,2,62.8,74.5,75.8,0.85,200,356.6,8.07,5.75,60.8
A0586,cycling,18,M,14,73.9,66.8,71.2,1.01,175,363.3,9.23,7.99,70.4
A0587,running,24,F,15,62.0,94.7,70.9,1.28,194,209.2,8.27,6.87,90.6
A0588,cycling,34,M,4,67.5,75.8,74.1,0.82,175,341.8,7.75,7.26,66.9
A0589,running,20,M,10,73.0,97.0,74.7,0.94,170,344.1,8.28,9.8,64.5
A0590,rowing,20,M,12,59.3,93.9,78.3,0.95,167,242.8,8.36,7.77,61.8
A0591,running,20,F,1,72.6,75.1,74.3,1.27,178,222.6,7.89,5.75,80.1
A0592,running,34,F,10,72.9,83.0,82.6,1.0,200,349.9,9.99,7.22,90.7
A0593,rowing,24,F,9,73.3,61.1,74.2,1.22,173,249.9,9.3,6.14,98.5
A0594,running,31,F,3,56.8,70.5,73.8,1.48,196,200.3,9.08,5.68,70.7
A0595,cycling,34,M,12,60.0,88.4,79.4,1.36,177,244.7,9.56,8.56,64.9
A0596,cycling,35,M,3,71.8,87.1,87.8,1.03,161,206.2,9.0,8.14,76.1
A0597,running,30,M,10,59.0,74.1,79.4,1.13,160,249.8,9.37,7.49,62.2
A0598,cycling,35,M,9,65.0,92.3,78.3,0.94,176,267.0,8.24,7.12,73.3
A0599,running,21,F,10,53.0,69.4,81.6,0.81,172,254.3,8.5,6.61,85.7
A0600,cycling,18,M,3,51.4,78.5,75.1,1.0,182,384.0,7.14,5.44,66.7
A0601,cycling,35,M,8,60.3,78.9,77.1,1.06,165,246.5,7.84,6.5,85.3
A0602,running,18,M,2,64.5,73.6,74.3,1.2,177,293.5,8.1,9.19,98.9
A0603,cycling,30,F,14,59.8,98.2,81.4,1.46,177,391.5,8.88,8.92,94.6
A0604,running,27,F,13,64.4,87.9,83.9,1.46,194,375.8,8.39,9.86,74.3
A0605,cycling,28,F,3,62.9,81.6,83.5,0.85,187,261.9,8.82,8.28,76.9
A0606,cycling,26,M,2,67.1,80.4,75.1,1.23,155,265.3,9.14,7.77,76.8
A0607,rowing,26,F,1,66.2,66.4,85.6,0.83,191,318.7,7.13,6.48,94.4
A0608,rowing,22,M,2,60.6,74.9,75.1,1.25,178,383.6,7.77,5.38,99.8
A0609,running,18,M,8,60.6,86.9,73.0,0.88,183,202.0,7.51,8.09,93.0
A0610,rowing,34,M,9,53.5,97.0,77.0,1.46,152,278.6,7.56,7.44,82.3
A0611,running,19,F,13,62.8,92.7,82.0,1.41,155,370.0,8.51,8.8,63.9
A0612,rowing,30,F,2,64.7,72.0,72.8,0.82,197,282.1,9.22,7.06,98.2
A0613,cycling,26,M,7,61.9,77.4,83.0,1.35,187,344.0,7.82,9.93,94.4
A0614,running,21,M,15,58.1,63.3,87.3,1.25,162,338.4,9.47,6.99,93.7
A0615,running,22,F,5,68.0,64.1,75.9,1.15,185,241.1,9.68,6.67,75.7
A0616,cycling,28,F,3,51.9,78.8,79.0,1.22,164,289.9,8.05,9.35,77.9
A0617,running,20,F,9,72.9,81.2,74.6,1.27,155,313.2,9.04,6.98,64.8
A0618,running,29,M,15,50.5,70.6,77.2,1.42,182,343.1,7.35,9.35,97.5
A0619,rowing,30,M,6,74.1,85.7,70.4,1.34,190,364.5,9.23,5.14,97.7
A0620,running,24,M,11,61.6,88.1,89.1,1.2,161,352.0,7.5,8.46,70.2
A0621,cycling,32,F,1,60.3,72.0,78.3,1.38,192,205.7,9.06,5.36,87.8
A0622,rowing,24,F,5,56.4,90.3,85.8,1.49,162,334.1,8.27,5.74,68.1
A0623,rowing,25,F,7,50.3,68.2,72.9,1.01,182,299.5,9.79,8.5,75.7
A0624,cycling,22,M,4,56.9,81.8,86.2,0.88,200,314.8,8.39,6.45,72.1
A0625,cycling,31,M,8,52.7,92.2,87.2,1.31,177,274.6,7.09,6.05,75.6
A0626,rowing,21,F,10,66.5,81.5,84.3,1.49,185,342.8,8.44,9.01,72.4
A0627,running,27,M,5,58.0,96.3,88.1,0.88,154,334.8,9.39,9.73,73.8
A0628,rowing,32,F,9,69.2,62.3,73.3,1.1,174,315.9,8.94,6.16,91.6
A0629,cycling,35,M,9,55.2,83.5,79.5,0.84,166,372.3,9.9,6.59,72.0
A0630,rowing,30,F,9,72.5,82.5,82.4,1.34,186,220.4,9.53,8.57,92.6
A0631,cycling,25,M,1,63.1,86.4,81.9,1.46,168,260.2,8.58,9.08,82.7
A0632,rowing,26,M,2,52.9,93.3,87.2,1.15,184,299.0,7.62,10.0,91.2
A0633,running,33,F,3,60.0,89.0,74.3,1.09,192,391.7,7.01,6.37,96.8
A0634,rowing,33,F,14,55.2,91.6,73.5,1.44,183,214.4,9.94,7.78,65.5
A0635,rowing,24,F,4,55.0,71.6,75.1,0.89,195,267.4,9.81,5.67,73.8
A0636,cycling,31,F,10,62.7,75.5,87.8,1.42,155,385.2,7.82,6.65,62.2
A0637,cycling,31,F,9,66.8,85.1,88.8,1.07,168,379.6,8.91,5.22,76.3
A0638,cycling,21,M,10,72.8,82.1,81.4,1.19,150,373.0,9.19,6.05,69.5
A0639,rowing,32,F,13,62.6,98.4,80.0,1.17,156,261.7,8.73,7.53,82.9
A0640,running,20,F,6,74.1,67.5,82.1,1.23,183,369.4,9.53,5.82,91.3
A0641,cycling,22,F,1,73.5,74.1,82.3,1.46,168,301.1,7.23,9.45,79.5
A0642,cycling,18,M,12,71.6,82.9,73.4,1.47,182,324.0,9.69,8.55,73.3
A0643,rowing,20,F,9,62.5,94.7,83.7,1.38,175,247.8,8.18,5.14,66.1
A0644,cycling,32,F,6,53.5,97.2,79.0,0.93,190,341.3,8.44,9.38,61.1
A0645,running,25,F,4,55.4,73.4,80.3,1.03,198,265.5,8.33,9.89,87.1
A0646,running,21,M,14,66.2,62.7,70.6,1.14,191,268.8,8.59,7.51,61.2
A0647,cycling,19,M,4,60.5,76.9,85.3,1.43,176,327.4,8.79,6.57,96.8
A0648,cycling,27,F,3,53.7,75.8,86.7,1.16,187,248.0,9.13,6.32,83.8
A0649,rowing,21,M,7,62.0,99.5,82.4,1.48,175,244.9,8.57,5.44,74.1
A0650,running,20,F,3,50.4,77.2,85.0,1.49,184,273.8,9.05,7.46,61.7
A0651,running,19,M,2,68.3,72.2,80.5,1.22,169,355.6,8.01,5.25,76.5
A0652,cycling,34,F,10,51.8,74.6,82.4,1.41,173,244.9,9.81,7.52,94.7
A0653,rowing,30,M,8,65.7,75.9,77.9,1.5,196,357.5,7.19,6.26,98.8
A0654,running,22,F,4,69.8,92.9,85.8,1.39,170,339.1,8.64,7.38,63.4
A0655,running,26,F,8,53.3,63.2,79.4,1.26,175,335.8,7.26,7.09,91.1
A0656,rowing,23,M,1,63.0,72.7,83.6,1.39,169,295.0,8.33,6.53,70.3
A0657,rowing,22,F,15,69.5,98.7,82.4,0.86,155,349.2,7.77,7.24,75.2
A0658,running,27,F,5,56.5,66.1,84.0,1.24,152,202.7,9.81,7.37,81.9
A0659,running,25,F,13,54.1,89.7,85.7,0.95,159,261.1,7.04,9.17,99.8
A0660,rowing,24,F,9,58.4,74.3,80.3,0.88,161,335.8,8.17,8.33,68.4
A0661,running,24,M,1,63.9,83.3,86.3,1.43,182,397.5,9.35,7.17,65.2
A0662,cycling,23,F,11,64.4,64.0,79.9,1.25,171,200.5,7.57,9.53,83.8
A0663,cycling,20,M,13,53.3,72.3,89.1,0.97,165,302.0,9.45,8.78,94.1
A0664,rowing,32,M,4,61.4,80.0,85.1,1.07,166,384.8,9.58,5.38,85.9
A0665,rowing,21,M,6,56.7,69.3,73.4,1.48,159,372.7,9.12,5.77,73.9
A0666,rowing,29,M,10,71.1,81.7,86.6,1.4,161,204.6,7.63,5.41,99.1
A0667,cycling,23,F,8,57.8,68.8,81.0,0.81,168,305.9,7.82,6.59,99.8
A0668,running,21,F,14,71.0,86.0,89.7,1.49,189,200.9,7.5,7.18,90.8
A0669,cycling,32,M,3,60.7,96.2,84.4,1.06,172,357.9,7.55,7.52,92.1
A0670,running,26,F,5,68.2,63.4,71.7,1.29,189,261.8,7.11,9.26,90.4
A0671,cycling,22,M,7,62.8,68.7,77.9,1.3,159,353.1,9.57,5.09,70.3
A0672,running,30,F,1,65.5,93.8,80.3,1.44,159,389.0,8.59,7.14,66.0
A0673,cycling,35,F,15,59.9,85.3,86.8,1.42,199,395.2,7.98,7.05,82.2
A0674,rowing,22,F,7,69.2,63.1,84.6,1.0,159,378.8,7.87,9.74,98.2
A0675,cycling,33,M,13,60.6,79.5,77.4,1.25,188,240.8,8.63,6.21,95.1
A0676,running,31,M,12,61.4,68.4,83.1,1.08,179,238.9,7.98,5.61,64.3
A0677,cycling,33,F,11,62.9,68.0,81.5,1.17,153,325.2,9.59,5.71,62.3
A0678,cycling,32,M,8,70.8,97.6,72.5,1.19,150,308.8,7.63,7.6,95.0
A0679,cycling,21,M,8,66.5,90.5,74.7,1.08,192,201.9,9.65,6.95,84.5
A0680,rowing,24,F,9,58.7,87.8,76.8,1.12,168,278.3,8.99,8.77,72.2
A0681,cycling,33,M,6,66.8,69.6,73.9,0.95,154,381.3,9.87,6.62,82.5
A0682,rowing,25,F,12,66.1,64.7,73.0,1.23,179,379.7,7.05,5.64,68.9
A0683,rowing,34,F,6,73.3,94.8,71.2,1.33,175,240.8,7.18,6.93,97.9
A0684,cycling,33,F,2,71.0,60.2,87.5,1.1,189,276.4,8.5,9.42,93.1
A0685,cycling,27,M,3,66.2,75.5,75.8,1.48,183,312.1,9.74,7.03,98.5
A0686,cycling,27,F,4,58.5,71.1,75.8,0.84,151,370.6,9.19,9.17,67.5
A0687,running,19,F,4,69.5,82.8,74.1,1.21,173,306.4,8.87,6.86,93.7
A0688,cycling,26,M,8,64.4,70.0,79.5,1.21,163,393.6,7.09,6.41,82.4
A0689,rowing,34,M,14,74.6,72.4,80.3,0.83,190,359.8,8.06,8.87,73.0
A0690,cycling,28,M,1,56.2,94.0,74.2,0.96,191,390.6,8.04,6.05,79.2
A0691,running,27,M,10,52.0,84.1,82.2,1.43,162,346.3,8.63,6.16,97.8
A0692,cycling,34,F,14,51.7,65.8,84.5,1.18,178,375.5,7.77,5.25,87.7
A0693,running,21,M,4,66.0,89.1,77.5,1.11,150,366.2,7.8,5.94,74.4
A0694,running,33,M,11,73.5,68.3,81.7,1.09,195,250.8,8.86,6.89,100.0
A0695,cycling,32,M,12,50.0,77.3,80.0,1.42,183,245.9,9.83,7.0,73.8
A0696,rowing,22,M,13,68.1,85.9,73.9,1.06,153,372.9,8.98,7.1,92.5
A0697,running,23,F,11,66.4,70.9,84.6,1.4,177,216.9,9.0,7.4,91.4
A0698,cycling,34,M,11,68.3,75.4,86.0,1.02,168,281.7,9.96,7.86,88.9
A0699,cycling,18,F,4,58.9,89.4,83.0,1.17,150,364.1,7.46,5.95,86.8
A0700,rowing,21,M,1,70.5,97.5,76.5,0.9,185,362.6,7.1,8.07,64.3
A0701,running,34,F,3,51.1,81.2,88.5,1.38,192,227.8,9.24,6.68,99.8
A0702,running,26,F,5,68.9,60.4,79.1,1.32,162,297.5,8.32,8.67,66.4
A0703,cycling,19,M,6,56.7,73.5,75.3,1.17,199,296.0,8.29,7.79,83.8
A0704,cycling,25,F,9,61.9,75.9,78.2,0.82,191,264.7,7.68,7.77,70.0
A0705,rowing,32,M,9,70.6,73.6,83.8,1.14,154,383.4,8.52,8.43,66.8
A0706,rowing,24,F,9,56.8,77.5,86.9,0.96,182,330.6,8.33,6.67,82.4
A0707,running,23,F,11,54.6,85.3,77.1,1.09,163,396.0,8.04,7.15,93.5
A0708,running,18,F,1,67.0,64.8,74.7,1.4,165,213.4,8.33,7.91,75.1
A0709,cycling,32,M,12,63.3,70.9,82.5,1.34,181,278.9,8.15,7.11,63.1
A0710,running,24,F,9,62.9,80.3,88.4,0.97,199,367.0,9.82,7.22,85.0
A0711,rowing,34,M,13,56.4,72.6,73.7,1.49,176,284.5,9.94,6.36,90.7
A0712,rowing,19,F,8,50.9,99.6,86.1,1.43,184,252.4,9.52,6.44,71.8
A0713,cycling,26,F,2,60.3,77.3,79.5,1.17,152,399.6,9.97,8.49,87.6
A0714,rowing,26,F,13,52.7,94.8,86.0,1.17,153,374.6,7.8,5.02,63.0
A0715,rowing,30,F,11,72.6,95.9,80.1,1.43,156,309.3,9.53,5.48,74.5
A0716,rowing,23,F,1,51.0,93.4,77.5,1.25,162,312.3,8.22,9.74,79.0
A0717,rowing,23,F,1,60.8,61.9,83.9,1.18,190,201.4,9.24,5.94,91.3
A0718,cycling,20,M,12,51.3,97.9,88.0,1.32,152,396.2,7.6,7.09,73.5
A0719,cycling,34,M,6,52.4,65.1,76.4,0.96,166,361.3,9.44,9.25,78.1
A0720,running,34,M,9,66.5,61.4,79.2,1.41,196,207.3,7.25,5.0,85.1
A0721,rowing,29,F,7,66.2,76.6,74.6,1.17,159,235.3,7.81,9.63,85.0
A0722,running,33,M,5,50.8,67.8,73.7,1.22,196,364.2,9.47,5.27,80.7
A0723,cycling,32,F,11,50.0,67.4,85.6,0.86,150,217.4,9.24,5.85,73.1
A0724,cycling,30,M,2,52.0,71.5,74.0,1.02,177,388.4,8.5,5.15,86.8
A0725,cycling,18,M,1,69.1,69.9,85.9,1.1,159,400.0,9.02,7.6,93.5
A0726,cycling,34,F,2,64.6,87.4,78.6,1.09,156,377.3,7.56,9.72,66.2
A0727,cycling,20,F,1,51.0,67.5,89.9,1.34,188,347.8,9.0,9.2,73.6
A0728,cycling,32,M,3,62.2,81.7,73.9,1.0,152,297.5,7.02,8.2,86.7
A0729,cycling,21,M,6,67.8,99.5,71.9,0.93,156,216.5,9.5,5.93,90.2
A0730,rowing,21,M,13,71.7,77.3,71.5,1.21,158,346.1,8.55,9.35,91.3
A0731,running,35,M,8,73.4,85.7,86.7,1.23,189,279.4,9.83,8.77,86.1
A0732,cycling,34,F,3,58.2,98.8,78.8,0.89,184,314.0,8.43,6.33,79.1
A0733,rowing,28,M,10,53.4,65.5,70.1,0.8,175,258.7,8.3,9.03,85.8
A0734,rowing,20,F,9,55.9,76.7,87.5,1.44,154,248.4,8.35,9.39,65.4
A0735,running,25,F,10,69.4,94.0,87.5,0.86,162,264.9,8.08,8.49,68.3
A0736,cycling,31,M,5,74.3,97.3,86.1,1.43,194,362.8,7.5,5.5,97.1
A0737,running,18,F,7,61.7,84.0,75.0,1.08,179,285.3,9.53,9.92,96.9
A0738,cycling,31,M,8,57.6,65.7,77.5,1.26,189,262.3,8.17,5.38,89.0
A0739,rowing,19,F,3,60.7,96.1,84.9,0.93,199,286.6,8.59,8.27,73.1
A0740,rowing,21,F,2,57.6,67.0,79.8,1.38,188,206.5,7.06,5.55,86.0
A0741,rowing,23,M,2,56.4,74.1,73.1,0.93,159,378.1,7.18,9.53,87.5
A0742,rowing,18,F,5,64.8,75.0,74.9,1.07,191,310.4,8.79,6.75,80.6
A0743,running,34,F,15,50.4,77.9,89.5,0.97,172,221.0,9.64,7.56,89.9
A0744,cycling,25,M,1,56.5,91.6,73.0,1.39,160,257.7,8.48,5.89,61.2
A0745,cycling,18,F,15,66.5,92.1,84.5,1.4,161,396.7,7.49,7.73,70.2
A0746,running,22,F,2,50.8,88.8,79.6,1.06,162,318.6,7.35,9.69,91.8
A0747,cycling,33,M,13,52.1,60.9,85.0,1.02,189,258.3,9.7,9.51,97.5
A0748,rowing,23,M,9,57.3,82.6,83.2,1.34,198,285.3,9.1,5.32,95.0
A0749,cycling,25,F,7,71.9,89.9,78.8,1.41,195,251.7,9.9,6.89,88.7
A0750,rowing,30,F,15,69.1,77.8,77.1,1.24,198,206.4,7.25,6.34,66.6
A0751,running,33,F,15,50.6,97.8,85.1,1.45,200,368.4,9.71,7.41,74.7
A0752,cycling,20,M,6,62.5,93.0,76.5,1.07,165,258.5,9.54,9.17,62.0
A0753,running,29,F,9,56.9,85.5,85.8,0.91,158,367.7,9.68,8.69,85.6
A0754,cycling,33,F,7,66.2,62.5,83.6,0.93,159,295.7,7.02,6.72,78.0
A0755,rowing,28,F,14,68.0,86.1,81.6,1.27,178,236.6,9.23,6.91,82.9
A0756,running,27,F,11,71.6,96.5,77.4,1.09,158,360.4,8.65,8.27,99.2
A0757,cycling,21,F,5,61.9,75.2,74.1,0.91,182,275.4,8.72,5.97,76.1
A0758,rowing,29,F,15,74.9,93.5,84.2,1.0,173,341.5,8.41,5.51,72.3
A0759,running,19,M,9,74.5,72.5,71.8,1.17,184,367.4,9.23,6.21,66.0
A0760,running,22,M,6,72.1,82.8,89.4,0.89,160,392.6,10.0,5.62,65.7
A0761,cycling,25,F,6,64.4,85.9,89.6,0.8,188,217.2,9.13,6.76,80.7
A0762,cycling,24,F,11,60.0,87.1,72.6,1.44,199,201.7,9.03,9.69,90.0
A0763,cycling,31,M,4,59.1,95.3,72.1,1.01,162,309.7,8.96,5.6,82.6
A0764,rowing,20,M,13,50.3,69.4,78.3,0.96,172,252.8,9.09,9.09,94.9
A0765,cycling,35,M,12,56.2,70.5,89.3,1.29,174,293.8,8.03,7.67,72.6
A0766,running,33,F,1,68.0,88.2,78.0,1.4,199,214.5,7.96,8.16,83.8
A0767,running,35,F,5,65.1,67.1,77.3,1.24,165,300.3,9.35,5.85,86.4
A0768,cycling,33,F,11,72.9,78.6,84.1,0.98,197,225.0,7.16,5.76,71.2
A0769,cycling,25,F,9,51.3,60.8,73.6,1.4,170,367.7,9.28,5.81,75.9
A0770,running,18,M,13,53.9,65.6,77.3,1.16,159,351.9,9.44,8.34,83.6
A0771,rowing,34,M,8,69.7,87.2,75.8,1.07,190,214.8,8.56,8.74,60.8
A0772,cycling,29,M,8,59.0,89.9,82.0,1.22,189,367.3,9.73,9.6,95.5
A0773,cycling,28,M,5,53.0,64.6,73.3,1.29,168,265.0,8.42,6.99,64.4
A0774,running,22,F,12,74.9,69.1,81.0,1.22,184,270.6,7.53,7.31,61.9
A0775,cycling,29,F,9,69.7,64.0,87.2,1.44,177,236.0,8.08,7.35,68.6
A0776,rowing,34,M,3,60.2,77.3,80.3,1.24,190,367.1,9.72,6.35,80.1
A0777,running,23,M,3,70.6,65.0,83.7,1.42,151,280.9,9.98,6.64,73.1
A0778,cycling,18,M,1,67.0,77.5,71.5,1.21,200,209.8,8.27,9.23,77.6
A0779,running,22,M,9,69.7,89.3,79.0,1.03,179,393.2,7.5,6.72,63.4
A0780,cycling,31,M,6,70.4,87.3,71.9,1.17,189,251.2,7.86,9.35,69.3
A0781,cycling,22,F,2,52.1,71.2,82.0,0.86,199,387.2,8.66,6.53,63.9
A0782,cycling,18,F,8,65.6,87.0,75.6,0.96,189,260.2,8.72,6.7,69.2
A0783,rowing,35,M,12,50.2,97.1,75.7,1.34,154,366.3,8.89,7.8,88.1
A0784,rowing,33,M,9,51.1,73.9,71.5,1.26,187,332.8,9.51,5.52,83.0
A0785,running,26,M,9,72.6,73.2,76.2,0.92,191,372.3,9.13,9.61,73.4
A0786,cycling,22,F,2,63.2,82.9,80.1,1.11,164,395.2,7.78,9.1,70.4
A0787,cycling,19,F,2,68.4,69.8,81.7,0.9,185,374.3,8.19,8.35,99.9
A0788,rowing,32,F,13,71.0,86.1,71.3,1.4,152,280.7,9.52,9.94,90.7
A0789,cycling,24,M,7,73.7,93.3,83.0,0.88,173,362.9,8.9,5.08,92.9
A0790,rowing,21,F,11,71.7,78.4,79.8,1.26,190,342.3,7.5,7.06,61.1
A0791,cycling,18,M,4,62.1,87.2,80.7,1.22,197,212.3,7.98,9.29,62.4
A0792,running,30,F,13,58.4,86.1,86.7,1.13,197,386.0,9.37,7.17,88.5
A0793,cycling,24,F,1,53.9,61.5,76.8,0.99,196,293.2,7.52,5.03,67.7
A0794,cycling,32,F,8,60.0,67.3,73.5,1.08,190,226.9,9.07,5.79,77.0
A0795,rowing,31,M,2,59.2,95.7,81.0,1.36,198,285.1,8.69,7.17,67.4
A0796,cycling,35,M,14,64.0,97.6,88.9,1.33,161,320.6,7.44,8.34,67.1
A0797,cycling,27,F,3,66.6,91.2,80.4,1.32,157,314.6,9.07,5.81,64.4
A0798,rowing,26,M,5,74.5,96.8,86.6,1.32,163,315.0,7.43,7.24,83.8
A0799,running,25,M,14,68.2,72.2,85.1,0.9,167,251.2,8.2,5.06,89.6
A0800,running,27,M,3,66.1,69.9,80.4,0.87,193,326.5,7.93,7.39,62.3
A0801,rowing,34,M,7,58.4,75.4,83.0,1.4,195,381.5,9.07,9.48,71.0
A0802,rowing,19,M,7,50.9,62.2,78.1,1.39,169,277.7,9.35,7.98,86.3
A0803,rowing,23,M,14,57.2,92.4,80.6,1.28,172,326.1,7.5,7.2,75.7
A0804,rowing,22,M,2,69.2,99.4,80.1,1.22,154,248.8,9.44,5.81,88.2
A0805,rowing,26,F,13,55.1,93.0,84.2,1.06,150,209.7,7.02,6.01,90.4
A0806,running,22,M,13,67.8,82.2,78.2,0.96,194,317.1,8.59,5.38,61.3
A0807,running,35,M,7,64.5,71.8,72.0,1.27,195,209.5,8.55,8.71,75.2
A0808,rowing,26,F,11,54.3,67.9,85.8,1.44,151,344.7,8.87,5.39,89.2
A0809,cycling,34,F,6,56.5,74.6,83.7,1.11,165,334.1,7.72,6.92,75.1
A0810,rowing,34,F,10,62.4,86.7,89.0,1.01,154,273.9,7.03,8.75,60.2
A0811,cycling,29,F,9,60.5,77.9,78.6,0.99,171,282.3,8.36,8.56,73.5
A0812,rowing,24,M,13,69.5,97.4,71.6,0.82,150,383.6,7.21,7.89,94.9
A0813,rowing,20,F,9,68.4,94.2,72.4,1.16,161,202.6,9.68,7.86,98.1
A0814,running,27,F,2,64.4,64.1,85.5,1.49,168,312.7,7.52,5.45,82.4
A0815,cycling,19,M,7,70.6,65.3,71.4,1.37,171,384.7,8.28,5.87,72.3
A0816,cycling,20,M,5,64.1,87.0,88.2,1.43,191,382.8,8.3,7.67,78.6
A0817,running,33,M,13,74.1,69.2,75.6,1.23,193,316.9,8.66,6.74,69.4
A0818,running,19,F,6,55.4,91.6,88.0,1.14,200,276.2,9.35,5.09,66.7
A0819,running,27,M,1,67.9,83.7,85.5,1.49,197,219.8,8.42,8.99,79.7
A0820,running,23,F,7,59.2,69.2,87.4,1.11,166,234.8,7.08,8.27,89.5
A0821,cycling,28,M,6,57.0,79.1,74.3,1.44,162,335.9,9.31,6.63,68.9
A0822,cycling,24,M,4,54.5,76.2,81.9,1.33,188,203.3,7.25,5.49,96.4
A0823,rowing,32,F,1,63.8,94.9,71.9,1.03,177,376.7,8.92,7.96,66.7
A0824,rowing,23,M,9,55.4,61.3,74.0,1.15,152,317.6,9.41,6.74,82.3
A0825,running,26,M,4,55.0,95.8,76.2,1.07,154,209.0,7.85,6.28,91.1
A0826,running,29,M,2,74.8,86.1,84.8,0.9,185,248.0,8.35,8.61,68.5
A0827,running,20,M,8,70.0,89.5,70.5,1.05,164,318.8,7.04,6.64,71.9
A0828,rowing,32,M,2,68.7,60.1,88.1,1.42,166,207.1,9.41,5.68,62.1
A0829,rowing,19,F,5,69.9,85.1,71.4,1.33,193,356.0,9.11,7.41,97.8
A0830,rowing,19,F,11,74.2,83.5,77.5,0.99,195,384.0,7.69,9.14,79.5
A0831,rowing,20,M,6,64.3,81.5,71.6,1.06,178,392.2,8.17,9.25,62.6
A0832,rowing,23,F,11,55.5,91.4,85.4,1.23,153,346.7,9.09,9.25,93.2
A0833,rowing,32,F,13,71.6,82.2,72.8,1.09,181,371.4,8.07,7.1,82.8
A0834,rowing,27,F,8,68.6,94.3,87.7,1.15,198,322.1,7.49,8.95,62.2
A0835,running,26,M,11,60.4,69.3,80.6,1.29,192,291.7,8.56,9.25,78.0
A0836,running,18,M,1,61.8,92.2,89.0,1.13,187,342.6,9.17,7.3,77.4
A0837,running,33,M,1,60.3,67.2,75.8,0.93,153,244.8,7.96,6.59,65.8
A0838,running,23,F,12,73.2,92.5,79.1,1.16,162,222.0,7.37,8.51,76.8
A0839,rowing,26,F,4,58.6,97.6,83.9,1.05,169,352.4,9.49,9.52,71.3
A0840,cycling,21,M,5,74.1,73.4,86.6,1.0,196,391.6,7.76,9.86,88.0
A0841,rowing,19,M,13,72.8,81.2,78.4,1.03,167,315.5,8.54,6.45,60.2
A0842,cycling,21,F,15,65.8,86.3,87.8,1.11,198,296.5,9.07,9.78,64.3
A0843,running,18,F,13,64.5,63.2,72.4,1.42,200,306.9,7.95,7.5,96.7
A0844,rowing,27,M,9,59.3,79.8,84.2,1.31,191,295.7,8.95,6.53,77.3
A0845,running,32,F,11,50.5,74.4,77.0,1.27,186,288.4,8.38,9.94,67.0
A0846,rowing,33,F,14,53.2,94.9,72.0,1.13,161,389.4,8.71,9.39,91.7
A0847,running,21,F,7,68.9,95.1,77.7,0.8,174,296.0,8.77,8.46,94.1
A0848,cycling,19,F,7,61.8,88.0,87.6,1.04,179,216.2,9.47,9.47,68.4
A0849,cycling,30,F,8,53.7,86.2,89.6,1.37,164,353.1,8.97,8.41,88.5
A0850,cycling,18,F,15,56.6,89.3,77.9,1.07,185,278.3,7.79,7.2,84.6
A0851,rowing,34,F,5,73.7,74.6,87.7,1.19,157,342.1,7.18,9.74,89.8
A0852,cycling,30,M,5,59.2,76.2,80.2,0.94,177,315.9,7.01,9.82,91.5
A0853,rowing,21,M,1,72.7,82.1,84.3,1.44,171,342.6,9.71,6.57,86.4
A0854,cycling,24,F,14,57.6,97.5,70.9,1.45,198,212.4,9.83,6.77,98.2
A0855,cycling,34,F,9,63.6,89.0,81.1,0.9,187,206.8,7.28,6.91,94.6
A0856,rowing,26,F,6,50.5,82.0,71.4,1.31,165,275.7,8.46,9.11,69.2
A0857,rowing,21,M,9,63.0,90.8,75.4,0.85,154,338.6,7.45,8.96,96.5
A0858,cycling,18,M,3,65.9,74.8,81.3,1.22,195,244.7,9.85,9.92,74.4
A0859,rowing,27,F,5,55.9,89.2,86.1,0.93,183,286.7,7.74,7.33,89.1
A0860,cycling,21,M,2,64.5,76.4,81.2,0.9,198,396.2,8.5,8.68,93.9
A0861,rowing,26,F,10,66.2,71.2,88.7,0.8,187,243.0,7.5,9.28,77.5
A0862,running,30,F,5,67.2,84.4,86.2,1.46,160,369.6,8.0,6.11,62.1
A0863,running,31,F,15,69.4,87.5,73.1,1.38,151,365.1,7.8,8.1,98.0
A0864,running,27,F,13,57.8,78.4,77.8,0.85,174,378.3,8.43,7.74,62.9
A0865,running,23,F,13,64.2,82.6,83.4,1.22,174,383.0,8.26,8.71,73.9
A0866,running,33,F,13,74.5,87.8,88.8,0.96,150,301.5,7.99,8.48,83.9
A0867,cycling,23,F,15,72.5,90.7,89.8,0.98,180,336.4,7.32,9.06,64.7
A0868,running,34,M,14,73.8,95.8,85.3,1.41,154,323.8,8.45,6.56,93.5
A0869,running,27,F,8,59.7,74.2,81.5,0.88,189,261.8,9.55,6.08,68.1
A0870,running,35,M,11,69.7,98.1,85.1,1.22,153,256.0,9.19,9.03,99.4
A0871,running,35,F,2,65.5,85.5,75.5,1.08,200,268.3,9.16,6.8,96.7
A0872,rowing,20,F,8,52.1,91.5,75.7,0.93,154,243.7,8.1,6.44,84.2
A0873,cycling,32,M,4,70.6,88.0,83.1,1.12,154,351.5,9.13,6.68,86.4
A0874,running,32,M,10,66.9,68.2,87.4,1.46,165,392.9,8.4,5.33,81.3
A0875,running,21,F,10,55.0,62.9,89.4,1.35,167,373.6,7.45,8.87,75.6
A0876,running,26,M,15,52.0,89.1,76.8,0.89,192,243.6,8.26,8.58,74.1
A0877,cycling,34,F,1,70.9,80.4,85.9,1.39,166,210.4,7.4,7.76,95.7
A0878,rowing,28,F,13,52.0,88.1,87.0,1.46,184,351.4,7.34,8.58,83.1
A0879,cycling,26,M,5,52.3,79.1,82.5,0.99,167,278.0,7.07,6.87,92.9
A0880,rowing,27,M,13,60.7,72.5,77.0,1.03,153,364.9,7.85,6.48,80.6
A0881,running,35,M,1,53.4,71.4,82.4,0.89,200,355.8,7.99,9.31,72.3
A0882,running,30,M,7,72.8,89.2,81.7,1.04,180,325.1,9.1,7.11,63.7
A0883,cycling,25,F,8,61.8,71.1,82.1,1.27,180,251.1,8.61,5.98,72.9
A0884,cycling,24,M,3,64.2,88.6,82.4,0.99,158,220.8,9.58,8.75,95.2
A0885,rowing,34,M,3,73.2,75.4,86.9,0.8,180,250.5,7.53,6.68,88.5
A0886,rowing,32,M,7,63.3,90.8,73.4,1.04,154,302.0,7.8,6.06,91.4
A0887,cycling,32,M,4,58.8,65.7,77.3,1.12,185,395.9,9.82,5.14,90.9
A0888,rowing,18,M,3,69.9,68.2,81.7,1.2,165,212.7,8.33,9.85,64.8
A0889,cycling,31,F,15,61.1,87.4,75.7,1.28,191,240.0,9.37,7.34,66.4
A0890,rowing,22,F,8,58.0,82.4,89.6,0.84,190,325.5,8.48,5.81,72.7
A0891,cycling,28,M,3,68.1,68.2,75.3,1.13,165,260.9,8.41,8.79,72.0
A0892,cycling,33,M,13,70.0,96.1,79.4,0.99,169,371.7,7.44,9.44,62.6
A0893,cycling,19,F,14,69.8,71.0,87.5,1.46,179,227.9,9.55,7.64,66.1
A0894,rowing,25,M,7,74.4,76.8,71.6,1.05,175,392.6,7.24,5.14,94.2
A0895,rowing,28,F,2,69.7,68.1,86.4,0.87,198,382.5,7.93,6.83,83.6
A0896,rowing,35,F,11,69.2,75.5,81.4,0.83,180,377.5,9.02,6.22,73.7
A0897,cycling,20,M,11,71.4,79.7,70.6,0.99,199,234.6,8.52,8.18,81.1
A0898,rowing,18,F,1,50.0,71.8,88.1,0.93,164,265.9,9.64,7.59,70.5
A0899,rowing,28,M,12,59.1,90.8,70.8,1.25,190,360.8,7.12,6.78,83.4
A0900,cycling,33,M,6,68.4,75.8,80.3,1.39,187,361.6,8.95,8.24,63.0
A0901,running,35,F,8,65.0,89.2,71.0,1.02,187,341.0,8.43,7.92,96.1
A0902,cycling,33,F,1,54.4,68.3,71.4,1.2,192,289.6,7.46,9.53,69.6
A0903,rowing,27,M,13,57.6,75.1,87.7,1.31,169,262.3,9.23,7.98,92.8
A0904,cycling,35,F,10,58.4,60.3,85.3,1.08,184,392.6,8.23,7.54,86.4
A0905,running,23,M,12,64.2,90.3,73.9,0.85,172,227.9,8.59,9.12,80.9
A0906,cycling,21,F,9,70.8,85.0,82.4,0.96,193,208.8,9.9,6.01,97.2
A0907,rowing,30,F,15,73.3,92.7,85.9,1.42,196,201.8,8.46,6.22,66.3
A0908,running,31,M,3,68.8,78.2,87.8,1.38,188,355.0,9.47,8.92,64.8
A0909,rowing,20,M,3,71.1,92.0,79.4,0.86,174,211.3,9.31,7.21,72.9
A0910,running,27,M,4,61.8,85.9,87.9,0.96,199,307.7,8.99,7.05,93.2
A0911,running,23,F,11,59.7,60.1,80.2,1.34,171,273.5,9.69,9.44,61.4
A0912,cycling,18,M,15,59.8,70.1,83.8,1.14,196,229.4,7.75,8.05,69.6
A0913,cycling,31,M,1,65.4,79.8,89.6,1.33,157,348.1,9.46,9.01,77.0
A0914,rowing,25,F,9,53.1,84.7,74.7,0.95,158,211.0,8.13,9.05,88.5
A0915,cycling,31,F,11,64.5,62.6,73.4,1.47,164,263.7,9.44,5.6,72.0
A0916,cycling,27,M,3,66.6,88.2,76.8,1.35,197,312.4,8.48,8.27,77.9
A0917,running,34,M,13,61.0,81.7,73.3,0.94,169,280.5,9.57,9.76,73.5
A0918,cycling,26,M,10,73.8,81.0,75.7,1.19,184,251.8,9.68,7.4,63.7
A0919,running,23,M,4,65.2,71.7,84.9,0.88,186,385.2,8.79,8.66,89.5
A0920,running,28,F,1,55.5,83.8,79.6,1.05,152,386.2,8.52,7.83,78.5
A0921,running,24,F,4,62.0,61.1,77.5,1.26,183,283.2,9.35,6.02,92.5
A0922,rowing,34,M,13,66.9,62.6,77.4,1.03,183,278.7,7.8,5.98,87.8
A0923,rowing,18,M,1,58.1,89.4,73.9,1.26,185,261.5,7.05,7.17,62.3
A0924,rowing,22,M,5,52.0,72.9,78.9,0.97,184,371.2,8.22,7.41,80.0
A0925,running,26,F,5,64.6,73.9,82.5,1.3,158,313.6,8.52,7.52,99.6
A0926,rowing,35,M,14,73.7,68.3,72.8,1.05,179,217.9,7.89,9.78,72.3
A0927,rowing,19,M,11,62.1,77.8,89.5,1.35,175,370.7,8.15,5.5,79.7
A0928,cycling,28,F,7,72.7,62.1,78.9,0.9,161,307.0,7.4,6.9,86.1
A0929,rowing,23,F,14,70.9,72.0,89.0,1.05,173,283.1,7.83,7.57,68.1
A0930,rowing,25,M,8,53.7,81.1,72.7,1.12,190,267.6,7.72,9.82,88.1
A0931,running,21,M,4,67.7,78.6,85.3,1.1,168,219.9,7.9,7.52,86.4
A0932,running,35,F,7,60.9,100.0,82.4,1.1,193,391.3,7.9,8.88,75.0
A0933,running,28,M,4,56.3,75.6,86.4,1.11,165,348.2,8.68,8.75,71.4
A0934,running,22,M,3,67.2,75.5,82.0,1.49,175,226.4,7.75,7.83,96.8
A0935,running,32,F,15,68.6,80.1,89.3,0.94,172,302.3,9.82,5.65,65.1
A0936,running,35,F,6,54.5,67.6,82.5,1.34,182,311.1,8.53,6.09,77.3
A0937,rowing,19,F,4,72.9,95.1,85.7,1.19,191,233.6,7.39,6.2,90.7
A0938,running,28,M,14,68.8,82.9,87.6,1.09,179,285.4,7.84,5.19,65.9
A0939,running,30,F,3,73.3,67.7,84.3,1.24,172,329.1,9.19,6.9,97.3
A0940,cycling,21,F,15,57.9,91.7,80.5,1.4,159,256.8,7.04,8.05,81.1
A0941,rowing,24,M,15,73.5,61.4,75.5,1.13,185,266.3,9.81,5.72,80.2
A0942,rowing,28,M,9,59.2,99.3,87.1,1.41,180,224.4,8.34,5.88,77.0
A0943,rowing,21,F,5,51.3,94.6,79.6,0.87,192,282.6,8.56,8.53,94.7
A0944,running,32,F,13,69.1,83.2,82.4,1.26,171,316.8,9.97,5.85,97.9
A0945,running,18,M,14,67.6,64.5,71.6,1.03,192,223.3,8.51,5.68,75.2
A0946,running,20,M,7,64.9,68.6,79.9,1.07,192,323.0,9.84,9.89,81.7
A0947,cycling,31,F,12,62.2,71.2,84.0,1.2,187,279.6,9.75,5.07,72.6
A0948,running,23,F,14,50.8,69.6,81.7,1.14,196,335.6,9.82,6.63,74.7
A0949,cycling,35,M,6,65.6,79.9,79.0,1.07,151,263.0,9.44,5.17,61.1
A0950,rowing,18,F,10,60.4,97.8,74.5,1.02,172,313.7,7.89,9.19,91.4
A0951,running,23,M,15,64.0,77.8,76.2,1.23,184,322.6,8.04,7.92,98.8
A0952,cycling,23,F,5,60.7,86.5,84.0,1.15,186,338.1,8.09,5.24,90.8
A0953,cycling,33,M,7,74.2,87.5,74.5,1.03,181,351.4,9.94,8.08,80.7
A0954,running,22,M,11,65.1,94.9,82.4,0.94,192,227.3,8.08,5.62,93.1
A0955,rowing,34,F,6,68.7,61.4,81.8,1.34,161,393.0,7.33,7.48,94.3
A0956,rowing,27,F,10,73.4,76.2,89.4,1.36,184,368.7,9.33,8.35,81.8
A0957,rowing,35,M,2,64.8,91.4,71.2,0.95,190,312.5,8.1,5.74,97.5
A0958,cycling,24,F,13,50.3,92.6,72.2,0.98,152,378.1,8.86,7.49,61.2
A0959,cycling,20,F,13,50.9,97.1,80.1,0.97,183,276.5,9.77,7.29,60.4
A0960,cycling,30,F,13,67.6,88.1,80.5,1.42,187,206.9,8.73,9.58,63.3
A0961,cycling,32,M,3,57.0,69.8,70.8,1.34,173,345.4,8.91,9.98,62.3
A0962,rowing,20,F,2,64.5,80.2,86.5,0.85,187,388.7,8.93,8.27,77.0
A0963,running,21,F,12,55.1,61.3,79.9,1.38,166,232.4,8.84,9.27,97.6
A0964,cycling,22,M,3,56.8,85.9,76.9,0.83,189,328.8,7.48,8.23,87.0
A0965,cycling,18,F,1,62.6,82.2,76.4,0.98,150,362.7,8.37,9.38,86.4
A0966,rowing,21,F,8,74.4,86.7,87.2,1.44,157,381.0,7.02,7.17,75.4
A0967,running,29,M,6,65.4,97.2,73.9,1.41,164,255.3,8.88,8.04,81.4
A0968,running,27,M,13,73.4,87.5,73.2,1.35,199,225.7,8.73,9.23,72.2
A0969,rowing,30,F,2,74.0,72.8,74.3,1.12,194,249.6,7.95,9.59,80.7
A0970,rowing,31,F,8,55.2,67.9,82.5,1.02,174,315.5,8.57,5.12,89.9
A0971,running,22,M,6,57.8,94.2,86.2,1.42,157,383.7,8.48,5.52,82.3
A0972,cycling,21,M,7,69.2,67.8,76.6,1.26,181,316.5,7.75,9.66,76.8
A0973,running,31,F,11,71.7,66.5,73.5,1.01,199,383.9,7.88,7.84,93.8
A0974,rowing,27,F,1,63.0,68.3,74.2,1.12,162,354.0,9.29,9.95,71.5
A0975,cycling,34,F,7,74.8,80.4,82.4,1.42,195,319.7,9.27,8.96,79.3
A0976,cycling,27,M,3,50.3,65.0,74.9,1.43,164,204.4,8.41,9.09,99.1
A0977,rowing,24,F,11,57.5,97.5,87.5,1.26,155,266.6,9.15,6.93,98.7
A0978,rowing,33,M,12,65.6,98.7,72.1,1.31,182,211.5,8.35,6.29,60.3
A0979,rowing,18,M,8,61.7,99.0,70.6,0.83,156,264.4,9.55,7.99,81.3
A0980,running,34,M,6,52.9,61.6,71.8,1.22,182,212.5,8.0,9.4,73.5
A0981,running,26,F,4,59.2,97.8,86.9,1.28,196,233.6,9.78,8.63,71.6
A0982,cycling,23,F,11,50.6,99.9,83.0,0.81,178,282.1,8.63,7.36,83.9
A0983,rowing,30,F,8,66.1,97.7,89.2,1.39,187,303.0,8.61,8.77,77.9
A0984,cycling,20,M,9,72.3,86.8,76.7,1.45,186,243.4,9.01,8.45,89.3
A0985,cycling,24,F,10,72.1,88.0,74.3,0.97,193,346.5,8.02,9.57,61.1
A0986,cycling,26,M,2,67.5,64.9,81.2,1.39,181,318.1,9.17,6.32,97.1
A0987,cycling,22,M,15,61.6,95.0,80.8,1.27,152,338.4,7.96,5.6,82.7
A0988,rowing,27,M,6,62.8,62.4,81.8,1.21,169,346.6,8.19,7.35,87.4
A0989,cycling,34,M,5,53.4,72.7,77.0,1.39,163,345.4,9.02,6.81,84.2
A0990,rowing,29,M,5,58.5,99.6,70.1,1.0,177,387.2,8.14,9.87,99.6
A0991,rowing,33,M,10,54.7,76.9,70.7,1.35,187,247.4,7.6,5.04,99.5
A0992,running,20,F,11,70.5,65.2,83.3,1.02,153,254.0,9.62,9.67,84.4
A0993,rowing,26,M,3,72.9,98.8,80.5,1.35,164,218.8,9.77,9.78,87.4
A0994,running,32,F,12,63.4,99.4,86.4,1.12,166,318.5,8.88,5.25,84.7
A0995,rowing,22,M,8,68.2,67.5,76.0,0.88,186,279.0,9.43,9.45,72.4
A0996,rowing,30,F,14,53.0,94.6,86.3,1.07,173,299.2,9.96,7.35,67.7
A0997,rowing,31,F,8,65.2,75.6,78.5,0.96,187,234.0,8.84,8.83,76.1
A0998,running,32,F,12,67.6,75.3,71.9,0.87,191,329.8,9.73,5.4,87.3
A0999,running,33,F,5,61.3,70.5,89.6,0.88,190,323.8,8.08,9.78,62.2
A1000,cycling,30,M,8,56.1,61.8,80.2,1.35,185,253.0,9.1,8.04,80.6
A1001,running,34,M,10,71.9,70.7,82.6,1.42,190,293.1,7.17,9.49,76.3
A1002,running,25,M,15,68.6,62.2,83.4,1.45,157,378.9,9.37,8.36,81.1
A1003,running,19,M,8,72.5,97.0,77.2,1.4,152,354.7,9.49,7.68,94.4
A1004,running,22,F,3,70.5,86.5,85.0,1.38,179,245.4,8.2,5.86,61.9
A1005,cycling,23,F,2,74.8,95.5,87.4,0.85,171,375.8,8.92,5.89,90.5
A1006,running,29,F,9,54.8,88.7,77.7,1.35,182,213.5,9.58,7.36,86.7
A1007,rowing,35,M,2,52.2,65.3,83.1,1.35,174,282.8,9.65,9.35,68.2
A1008,rowing,18,F,9,58.4,97.6,85.1,0.89,179,216.0,7.32,5.58,89.4
A1009,running,34,M,4,53.2,96.0,73.8,1.26,186,384.8,9.48,9.99,79.9
A1010,running,28,F,12,63.1,73.9,76.7,1.12,152,208.1,7.82,9.38,79.2
A1011,rowing,27,F,13,65.8,64.5,72.2,1.43,153,230.2,9.18,6.96,79.3
A1012,rowing,31,F,2,64.5,88.2,82.0,1.29,178,383.0,7.98,6.27,98.0
A1013,cycling,27,F,10,56.5,89.1,86.0,1.47,181,316.4,7.17,9.61,97.8
A1014,rowing,32,F,1,72.7,95.9,82.2,0.87,172,359.0,7.63,5.62,96.5
A1015,rowing,21,M,4,50.5,62.1,73.6,0.83,168,203.3,8.23,6.74,95.5
A1016,running,19,F,9,58.7,65.7,80.9,1.48,164,283.8,9.22,5.42,61.5
A1017,rowing,26,M,12,68.0,83.9,86.7,0.86,200,396.9,7.3,9.77,76.0
A1018,cycling,27,M,9,69.2,84.8,76.1,1.07,165,316.0,9.44,8.09,95.8
A1019,rowing,28,M,4,60.4,61.3,86.7,1.25,172,369.9,9.99,6.68,90.2
A1020,running,31,M,9,50.4,75.9,85.7,1.42,189,392.7,9.36,6.38,78.3
A1021,running,24,M,15,65.5,83.4,70.4,0.98,195,337.0,8.42,7.22,90.9
A1022,rowing,32,M,12,51.6,89.5,74.8,0.82,186,265.5,8.7,5.46,68.3
A1023,running,32,M,6,52.7,72.6,80.9,1.16,150,261.7,7.02,9.45,84.0
A1024,cycling,25,M,1,66.3,79.4,84.4,1.13,168,214.3,7.63,7.55,81.3
A1025,cycling,28,F,10,57.8,92.6,87.6,1.01,186,285.6,9.7,8.63,82.9
A1026,rowing,26,F,13,58.7,98.2,82.8,1.41,184,383.1,7.07,6.17,88.9
A1027,rowing,32,M,14,62.2,69.2,77.6,1.32,179,295.6,9.71,7.52,98.0
A1028,rowing,18,M,6,74.5,70.1,73.7,1.4,166,382.2,7.34,6.06,70.6
A1029,running,18,M,9,74.1,97.6,85.2,0.91,188,363.4,7.4,9.08,90.3
A1030,cycling,20,F,13,60.4,75.8,74.1,1.28,198,396.8,7.53,8.88,85.8
A1031,cycling,27,F,2,56.6,88.7,83.9,1.48,175,389.5,9.4,5.74,87.8
A1032,running,25,M,6,57.6,84.5,73.6,1.23,162,341.3,8.43,5.37,77.2
A1033,cycling,32,M,2,56.7,71.4,71.8,0.92,171,374.2,7.44,9.12,97.8
A1034,rowing,27,F,4,63.3,86.1,75.0,1.5,195,349.6,9.06,5.55,79.2
A1035,rowing,18,F,15,65.2,86.2,75.7,1.17,172,340.7,9.82,7.74,64.9
A1036,rowing,35,M,8,62.2,83.7,82.9,1.39,193,343.1,8.72,7.67,87.2
A1037,cycling,19,M,13,60.2,64.0,73.2,0.9,192,344.2,7.3,6.01,65.2
A1038,rowing,30,M,7,55.3,99.8,88.6,1.27,182,275.9,7.16,7.96,72.9
A1039,running,18,M,11,62.1,76.0,81.1,1.44,176,284.7,9.39,7.51,69.1
A1040,running,19,F,12,58.5,85.5,79.8,1.17,184,258.8,8.88,7.55,81.6
A1041,cycling,33,F,13,63.5,95.4,78.7,1.0,161,229.7,9.77,6.8,73.9
A1042,running,32,M,9,66.9,76.9,81.3,0.89,158,291.7,8.64,9.19,66.4
A1043,running,30,M,7,65.8,91.0,70.4,1.01,183,380.0,7.19,5.42,91.6
A1044,cycling,33,M,1,61.6,98.9,89.8,1.05,163,330.3,8.21,7.19,78.7
A1045,rowing,34,F,2,63.9,74.4,81.2,1.3,186,211.2,8.97,6.3,78.2
A1046,rowing,24,M,6,57.1,76.2,70.7,0.93,152,362.2,8.15,9.24,95.5
A1047,rowing,34,M,7,50.6,96.2,81.8,0.87,193,387.1,10.0,6.13,81.6
A1048,cycling,24,M,3,65.6,66.4,78.7,1.07,193,365.9,8.22,8.84,88.4
A1049,running,30,F,9,56.3,61.1,70.5,1.12,170,345.5,8.64,8.06,73.1
A1050,rowing,22,M,13,66.7,96.4,88.5,1.24,156,230.0,7.68,9.37,82.5
A1051,rowing,34,F,15,68.7,92.9,70.2,1.3,182,269.8,7.46,7.97,89.1
A1052,cycling,20,M,7,72.9,98.9,81.6,1.42,184,313.1,8.94,7.78,71.9
A1053,rowing,24,M,14,74.0,62.3,89.2,1.0,160,215.4,8.77,9.01,87.5
A1054,cycling,34,M,6,50.3,66.2,74.8,1.17,194,221.3,7.01,7.81,82.8
A1055,running,24,F,13,74.8,64.2,75.1,1.06,181,386.9,7.85,9.22,77.4
A1056,cycling,18,M,6,67.1,87.3,70.0,0.8,171,340.5,8.93,5.25,88.5
A1057,cycling,34,M,1,66.1,84.2,71.3,1.21,191,255.0,9.44,7.48,72.7
A1058,cycling,34,F,13,50.4,74.4,70.9,1.37,168,265.5,7.94,9.06,88.6
A1059,cycling,28,F,5,71.5,62.3,86.5,0.83,185,276.9,8.94,9.24,82.0
A1060,running,20,F,10,53.6,85.6,86.7,0.8,186,215.0,7.8,9.17,69.8
A1061,running,32,M,3,70.9,82.8,84.5,1.31,160,347.8,9.07,8.02,86.7
A1062,rowing,28,F,7,50.4,64.5,77.1,1.28,190,235.4,9.09,9.97,95.4
A1063,running,33,M,10,66.1,96.4,86.4,1.08,162,361.0,7.39,5.91,72.4
A1064,running,26,F,3,60.9,68.0,80.8,1.26,177,369.2,9.0,5.87,92.5
A1065,rowing,18,F,5,55.0,89.7,76.1,1.47,198,327.7,8.0,5.16,73.4
A1066,running,33,F,7,52.7,95.4,78.7,0.97,164,354.0,7.52,9.95,92.8
A1067,cycling,26,M,14,61.0,83.2,71.3,0.97,162,234.4,8.5,6.74,62.0
A1068,cycling,29,M,3,53.1,69.9,88.9,0.93,192,315.2,8.36,8.81,60.3
A1069,rowing,26,M,13,62.2,72.4,82.4,1.31,182,335.4,9.32,5.3,64.5
A1070,rowing,24,M,13,65.6,95.4,84.6,1.05,157,332.3,7.25,6.49,95.0
A1071,rowing,31,M,10,70.7,71.9,83.5,1.49,181,223.5,9.37,8.12,81.3
A1072,cycling,19,M,2,67.0,89.8,83.4,1.3,186,268.9,7.32,7.62,83.8
A1073,running,26,M,6,51.6,99.6,70.3,1.06,197,265.0,7.62,6.04,93.7
A1074,cycling,30,M,8,57.7,100.0,80.5,0.9,153,314.5,8.55,7.31,62.0
A1075,rowing,32,M,4,57.2,81.3,86.4,1.21,200,353.0,8.39,5.54,75.5
A1076,running,20,F,9,72.9,93.1,70.9,1.01,167,314.1,9.97,7.71,85.7
A1077,running,28,F,12,71.7,99.6,89.1,1.43,172,351.0,8.77,5.48,76.2
A1078,cycling,31,M,12,59.3,75.0,78.5,1.11,178,219.8,7.98,8.18,61.3
A1079,rowing,25,M,15,51.8,70.1,75.8,1.0,151,375.6,9.7,5.78,86.0
A1080,cycling,35,M,8,72.4,64.6,80.6,1.21,162,307.3,7.94,7.74,75.7
A1081,running,33,M,7,72.2,65.6,86.0,0.9,165,207.5,7.82,5.65,60.8
A1082,cycling,19,F,14,71.4,94.1,79.5,1.19,157,328.6,8.48,7.0,66.8
A1083,cycling,25,F,7,71.1,83.5,82.9,0.84,168,303.5,9.74,6.76,68.7
A1084,rowing,23,M,3,62.0,94.9,80.0,1.22,181,244.1,9.13,8.78,80.4
A1085,rowing,29,F,14,54.4,91.6,82.6,1.17,152,352.9,9.03,8.21,67.5
A1086,running,32,F,6,61.9,86.9,72.8,1.16,200,386.7,9.18,9.69,74.5
A1087,cycling,25,M,13,62.4,84.4,70.8,1.28,198,264.5,8.98,9.61,90.0
A1088,cycling,21,M,13,62.2,61.9,72.7,0.83,181,298.8,9.28,8.62,92.3
A1089,cycling,32,M,5,63.5,94.9,75.7,1.12,190,225.6,7.58,8.85,91.8
A1090,running,34,M,1,56.4,76.7,75.1,1.11,170,386.0,7.53,8.12,87.8
A1091,running,30,F,11,59.2,82.4,82.3,1.12,174,263.8,8.09,8.46,81.7
A1092,rowing,35,M,3,60.9,60.9,79.1,1.49,166,239.0,9.55,8.09,82.0
A1093,rowing,19,F,13,53.3,97.4,70.8,0.9,174,295.7,9.14,6.56,98.1
A1094,rowing,30,M,12,61.4,96.1,70.7,1.28,182,208.7,8.7,6.75,95.1
A1095,cycling,30,F,1,70.3,81.7,71.8,1.08,180,250.6,7.06,7.87,86.0
A1096,cycling,32,M,4,70.7,83.1,77.1,1.16,185,213.5,7.71,8.6,78.7
A1097,rowing,27,M,10,60.3,88.2,70.1,1.33,172,225.5,9.41,7.03,89.2
A1098,cycling,20,F,3,63.0,70.6,79.9,0.91,196,222.4,7.73,5.71,62.5
A1099,rowing,20,F,11,50.8,68.9,77.2,1.33,193,374.5,9.19,7.3,97.8
A1100,running,31,F,4,66.9,87.0,81.1,0.85,174,386.1,7.55,9.82,81.9
A1101,rowing,25,M,9,60.1,64.2,84.4,1.14,198,294.9,8.82,6.07,80.1
A1102,running,21,F,3,61.1,78.2,75.0,1.32,193,326.1,8.88,8.25,71.6
A1103,cycling,28,F,12,71.8,79.7,73.1,0.93,197,339.2,9.26,9.91,60.1
A1104,rowing,28,F,6,61.5,75.3,75.6,1.34,179,278.3,8.32,6.88,62.4
A1105,cycling,28,F,6,50.5,67.4,70.0,0.92,162,274.0,8.9,9.44,70.5
A1106,running,19,F,7,55.7,74.2,72.4,1.36,192,335.1,8.46,9.32,81.7
A1107,running,34,F,9,61.9,73.5,85.0,1.13,196,275.3,9.84,6.7,63.3
A1108,running,26,F,12,60.6,80.0,74.5,1.28,178,316.2,8.57,5.49,98.9
A1109,cycling,19,F,7,71.5,87.0,89.9,1.44,165,303.0,7.63,5.89,76.4
A1110,cycling,32,F,14,63.6,98.7,73.4,1.09,187,304.9,9.0,6.83,72.7
A1111,cycling,33,M,1,67.2,65.8,85.8,0.96,176,365.9,8.65,9.8,81.0
A1112,cycling,21,M,15,61.7,94.9,84.1,1.41,175,340.8,9.41,6.37,62.6
A1113,running,25,F,8,61.0,71.4,76.4,0.91,160,392.1,7.53,9.63,94.0
A1114,running,26,M,5,61.2,83.7,76.6,1.24,196,358.2,7.78,5.91,78.4
A1115,rowing,22,M,9,60.3,81.9,81.3,1.45,186,229.2,9.76,9.85,67.1
A1116,rowing,33,F,10,63.5,82.3,87.0,1.27,152,347.7,9.79,6.47,66.5
A1117,cycling,30,F,13,56.3,88.9,77.7,0.94,175,333.1,8.33,8.17,74.4
A1118,running,24,F,15,72.3,75.3,71.2,0.91,183,329.2,7.14,5.35,82.9
A1119,running,34,F,12,58.3,72.8,77.5,0.98,182,296.1,7.92,6.5,76.7
A1120,running,20,F,5,53.7,94.1,74.1,1.07,164,212.5,7.74,6.05,83.9
A1121,rowing,22,F,5,52.4,68.8,88.8,0.91,151,390.3,8.24,5.02,88.2
A1122,rowing,29,M,15,50.3,67.2,83.9,1.36,177,370.4,7.95,5.78,89.9
A1123,running,24,F,12,60.6,60.6,71.0,1.05,169,297.4,9.49,7.97,76.0
A1124,running,26,M,12,54.7,68.4,75.9,1.46,187,231.7,7.01,6.95,88.7
A1125,running,23,F,14,50.5,80.7,71.0,1.39,193,364.9,8.93,8.61,65.7
A1126,rowing,34,F,2,63.0,81.5,86.6,1.44,165,286.1,8.99,8.36,80.5
A1127,running,33,M,12,67.0,70.2,88.1,1.01,195,278.0,8.98,9.0,62.9
A1128,running,20,F,11,52.1,62.9,72.2,1.2,153,333.1,8.56,9.34,69.8
A1129,cycling,21,F,3,61.5,89.8,78.8,1.03,157,351.7,8.83,9.1,83.3
A1130,cycling,27,M,10,68.6,90.3,88.6,0.98,193,212.6,9.43,7.24,89.6
A1131,rowing,22,F,9,74.6,99.9,72.9,1.22,195,353.5,9.35,6.54,63.8
A1132,running,27,M,7,66.7,96.0,75.8,1.37,169,346.8,7.1,7.51,68.3
A1133,running,29,F,1,56.1,97.0,76.1,0.87,175,317.8,7.09,7.68,99.7
A1134,cycling,27,F,3,67.9,91.9,70.6,0.99,181,267.7,9.52,6.57,73.5
A1135,rowing,30,M,12,64.9,84.6,70.7,0.94,162,233.0,8.72,7.7,71.4
A1136,cycling,28,F,2,55.3,65.1,89.1,1.36,154,220.5,9.87,5.53,63.4
A1137,cycling,33,M,1,71.3,84.9,81.4,1.45,193,200.2,8.29,6.16,87.8
A1138,cycling,25,M,9,60.7,62.2,76.1,0.86,191,241.3,7.53,8.73,80.3
A1139,cycling,25,M,8,74.0,95.4,77.6,1.07,200,282.3,8.42,5.91,66.3
A1140,running,25,F,15,68.1,79.3,84.3,1.44,162,248.7,8.31,5.7,85.3
A1141,running,30,F,5,66.1,87.9,77.3,1.04,190,261.8,8.55,6.44,81.0
A1142,cycling,19,M,11,68.2,62.1,74.6,1.3,160,278.1,9.42,6.86,82.6
A1143,rowing,29,F,12,62.0,81.4,72.0,0.87,186,261.7,8.97,6.64,99.8
A1144,rowing,27,F,2,62.6,72.1,84.6,1.11,181,344.9,7.56,6.87,61.1
A1145,rowing,29,F,1,71.3,71.4,73.6,1.15,194,298.3,9.2,5.7,96.6
A1146,rowing,28,M,7,67.0,75.6,71.4,1.33,191,203.9,8.78,5.83,93.7
A1147,cycling,32,F,13,72.4,60.0,78.5,1.0,167,245.3,8.73,6.18,76.6
A1148,running,33,M,11,72.3,78.7,70.8,0.98,178,341.9,9.03,7.01,95.2
A1149,rowing,34,F,11,74.4,79.5,89.3,1.01,164,260.2,8.69,6.68,85.9
A1150,cycling,19,F,15,67.5,94.5,82.5,1.19,169,384.0,8.37,8.96,95.6
A1151,rowing,35,M,2,62.6,77.9,73.1,1.41,193,342.5,8.92,7.63,83.8
A1152,rowing,29,F,1,54.2,74.5,73.4,1.38,185,258.0,9.17,7.88,68.6
A1153,cycling,35,M,2,67.6,99.8,81.4,0.84,154,303.3,7.68,7.8,83.0
A1154,running,34,F,7,57.3,82.8,77.1,1.42,189,333.4,8.49,6.99,67.2
A1155,running,23,M,7,57.1,78.9,85.5,0.87,186,238.7,8.37,9.9,65.6
A1156,cycling,32,F,10,56.0,79.8,80.9,1.09,182,249.2,7.12,5.19,86.2
A1157,running,20,F,6,71.9,92.4,78.7,1.34,167,301.4,9.5,6.08,97.9
A1158,cycling,23,F,5,71.7,73.6,89.3,0.86,168,385.0,8.13,6.42,83.5
A1159,cycling,20,M,3,65.8,75.6,77.8,0.83,200,268.8,7.22,9.41,91.8
A1160,cycling,18,M,14,61.8,90.2,78.0,1.03,181,280.4,8.37,9.59,66.7
A1161,running,30,M,12,66.8,62.9,83.3,1.31,191,238.1,7.48,9.23,86.2
A1162,cycling,31,F,3,65.2,94.6,86.2,1.17,171,318.6,9.11,7.08,89.3
A1163,rowing,30,M,11,60.4,77.2,82.5,1.09,190,348.0,8.72,9.57,61.7
A1164,running,21,M,13,59.5,83.3,84.0,1.37,150,288.1,7.81,5.49,63.9
A1165,running,24,M,12,59.6,90.3,77.5,1.34,174,350.0,9.85,8.26,91.3
A1166,running,27,M,9,64.7,70.6,79.6,1.35,169,260.5,7.88,9.69,77.6
A1167,running,24,M,4,66.2,95.6,73.9,1.12,184,341.4,8.66,8.77,76.2
A1168,rowing,32,M,9,61.3,99.2,83.6,0.81,194,251.7,9.4,6.39,96.8
A1169,running,32,M,4,74.2,79.8,74.4,0.92,155,356.1,8.54,8.59,99.7
A1170,running,21,M,2,52.1,97.5,70.0,1.32,155,366.1,9.88,6.47,90.6
A1171,cycling,23,M,15,58.7,60.0,88.7,1.33,199,359.5,9.53,5.56,91.7
A1172,running,22,M,4,60.5,95.8,76.1,1.48,186,243.1,9.76,8.59,68.3
A1173,rowing,29,F,6,50.4,72.4,73.9,0.93,198,338.8,8.12,5.9,67.7
A1174,rowing,18,F,6,59.1,72.5,75.4,0.89,152,307.7,8.65,5.56,99.2
A1175,rowing,25,M,5,56.8,69.1,76.6,0.9,186,397.2,9.52,7.76,87.8
A1176,rowing,18,F,15,62.7,72.7,79.5,0.93,180,272.3,9.71,8.1,87.5
A1177,running,22,F,15,58.4,68.5,71.4,1.17,184,354.3,9.83,5.26,71.4
A1178,running,23,M,1,68.2,96.2,71.1,1.48,194,274.0,9.64,5.02,95.5
A1179,rowing,20,M,3,62.7,96.0,75.9,1.21,164,279.4,9.19,9.41,61.8
A1180,rowing,32,M,5,53.2,64.1,75.9,1.17,166,222.2,7.07,5.58,71.0
A1181,running,22,F,6,68.8,65.7,72.4,1.27,164,247.9,7.94,7.92,67.2
A1182,rowing,31,M,14,52.5,94.5,78.1,0.85,154,232.9,7.39,9.77,88.4
A1183,cycling,35,F,1,71.0,76.0,75.7,1.37,171,231.8,7.46,7.56,88.6
A1184,rowing,33,M,14,73.3,66.8,70.5,1.25,195,201.8,7.87,5.7,81.4
A1185,rowing,23,F,14,58.1,80.4,87.7,0.92,160,358.8,7.22,6.97,60.2
A1186,cycling,31,F,9,73.2,76.7,87.7,1.24,177,293.6,7.73,8.12,95.0
A1187,cycling,25,M,14,69.8,68.8,74.2,1.22,163,360.8,9.87,8.81,98.2
A1188,running,24,M,3,73.1,88.8,73.3,0.85,188,322.5,7.94,8.03,68.1
A1189,running,25,F,10,66.7,85.3,80.9,0.99,152,366.3,7.48,5.17,93.7
A1190,cycling,30,F,13,55.9,64.0,82.6,1.07,191,300.8,9.15,5.72,98.9
A1191,cycling,23,M,3,72.4,97.0,89.2,0.97,160,218.8,9.49,6.86,73.1
A1192,running,35,M,11,54.6,82.3,77.5,0.97,179,323.4,7.94,8.53,67.4
A1193,rowing,19,F,2,55.3,70.0,82.4,1.2,187,335.6,7.84,7.92,99.1
A1194,cycling,25,M,8,56.8,68.3,87.6,1.13,154,325.3,7.73,5.22,62.4
A1195,running,28,F,15,57.6,65.4,79.0,1.27,171,360.3,8.18,8.98,71.0
A1196,rowing,18,M,13,62.9,77.0,72.4,1.47,162,346.3,7.26,8.03,89.7
A1197,cycling,23,M,3,67.8,65.4,77.5,1.26,193,286.5,9.01,9.44,84.7
A1198,rowing,33,M,6,73.2,76.6,72.7,1.21,200,363.8,9.47,7.09,87.4
A1199,running,29,F,2,52.2,66.0,70.3,1.39,200,338.4,8.99,7.45,88.3
A1200,cycling,28,M,7,73.9,86.3,85.0,1.24,170,224.1,8.26,7.03,87.4
A1201,rowing,27,F,13,73.0,91.4,74.8,0.92,186,308.0,7.87,8.61,73.7
A1202,cycling,20,M,4,51.3,82.0,70.0,1.02,174,345.7,8.23,8.76,72.5
A1203,rowing,30,F,9,59.0,87.2,87.4,1.31,170,310.7,8.27,8.62,77.1
A1204,running,20,F,14,70.3,97.5,78.9,1.32,177,389.8,9.0,6.46,92.3
A1205,running,32,M,10,65.3,85.5,74.8,1.49,190,220.3,9.78,8.18,97.5
A1206,cycling,33,F,9,69.5,74.6,75.3,1.24,153,344.5,7.21,6.69,78.2
A1207,rowing,30,F,7,68.0,78.0,74.8,1.43,178,364.9,9.86,9.17,63.4
A1208,cycling,34,F,15,62.4,94.4,73.9,0.84,196,340.5,9.73,5.28,97.5
A1209,cycling,20,F,12,51.0,65.2,86.8,1.2,184,277.1,7.35,5.19,63.2
A1210,rowing,28,M,8,64.6,73.0,73.4,1.44,172,277.1,7.55,5.51,66.4
A1211,rowing,28,M,3,51.2,83.1,81.2,1.0,156,317.3,7.93,6.01,94.7
A1212,rowing,33,M,11,65.1,87.1,71.5,0.91,195,279.4,8.68,5.19,82.1
A1213,running,20,F,5,70.0,90.5,89.0,1.05,195,376.6,7.4,5.36,74.1
A1214,cycling,23,F,2,64.6,72.7,82.1,1.35,158,222.0,7.6,6.53,97.2
A1215,cycling,31,M,10,74.9,65.8,88.1,0.86,172,327.8,9.71,5.5,98.4
A1216,running,35,M,7,61.4,98.2,78.0,1.22,152,226.8,7.33,9.01,73.2
A1217,rowing,34,F,13,68.7,63.1,86.2,0.89,158,308.0,8.2,5.27,94.7
A1218,running,21,M,8,66.7,63.8,87.1,1.1,153,343.1,9.29,9.54,87.1
A1219,running,32,M,9,74.8,79.8,84.1,1.48,198,233.1,9.67,9.35,71.0
A1220,running,28,F,11,67.8,92.8,71.9,0.94,174,340.8,8.01,6.04,97.7
A1221,cycling,20,M,11,54.1,91.0,70.3,0.82,155,228.0,7.49,5.36,62.5
A1222,running,20,F,7,73.9,97.5,73.4,1.1,197,324.1,9.21,5.53,72.7
A1223,cycling,33,M,10,66.7,65.7,72.4,1.2,167,301.1,9.32,7.8,75.9
A1224,cycling,22,F,15,51.5,75.0,84.5,1.01,194,259.6,9.94,8.0,87.6
A1225,cycling,27,F,10,66.4,71.3,81.1,1.18,156,222.3,7.42,6.58,61.5
A1226,rowing,21,F,13,72.1,94.4,80.5,1.47,184,347.2,9.13,6.48,95.6
A1227,cycling,28,F,8,64.4,79.5,75.1,1.02,180,276.4,8.25,7.66,86.4
A1228,cycling,19,F,12,58.9,61.1,73.1,1.02,187,217.3,9.74,6.53,71.0
A1229,rowing,27,M,9,70.5,88.3,74.1,1.14,181,354.6,8.22,9.67,86.3
A1230,cycling,28,M,6,69.6,75.5,78.0,1.16,184,246.6,8.34,6.91,81.5
A1231,running,33,M,12,63.6,81.2,84.8,0.8,177,347.3,7.38,6.1,73.5
A1232,running,28,F,12,53.9,95.8,75.1,1.23,193,313.0,7.96,5.73,61.1
A1233,cycling,31,M,10,56.3,70.3,84.0,1.5,154,238.9,8.2,8.16,82.0
A1234,rowing,19,F,2,68.5,69.6,79.8,1.0,179,215.3,7.05,6.63,63.3
A1235,running,22,F,2,70.2,70.5,87.7,1.24,171,318.6,8.31,5.94,92.4
A1236,rowing,22,M,4,57.0,73.5,74.7,0.8,166,205.0,8.01,6.38,63.5
A1237,rowing,29,F,15,59.2,64.3,79.0,1.22,159,213.1,9.41,6.54,77.1
A1238,running,35,M,9,51.9,87.9,71.9,1.11,156,340.4,7.32,8.13,77.4
A1239,rowing,21,F,7,67.8,68.3,76.7,1.17,153,307.8,9.28,5.87,82.2
A1240,running,34,F,2,50.1,97.0,80.1,1.18,191,265.3,9.14,8.66,61.6
A1241,rowing,27,M,8,51.2,68.6,84.7,0.92,176,307.8,7.73,6.52,68.2
A1242,running,23,F,11,50.1,70.2,74.0,1.34,156,318.3,7.25,7.44,68.0
A1243,cycling,31,M,7,66.1,71.9,74.4,1.19,172,313.1,9.53,8.27,84.0
A1244,running,28,F,9,60.4,90.7,82.6,0.99,160,328.5,7.75,7.72,70.5
A1245,running,28,M,8,57.4,77.1,77.6,1.46,157,388.1,7.44,8.31,65.8
A1246,running,35,F,3,72.8,92.8,79.6,0.81,157,277.8,8.08,6.61,60.7
A1247,running,35,M,1,54.8,91.4,86.7,1.31,186,260.2,8.2,9.82,93.6
A1248,rowing,28,M,2,59.7,97.2,80.0,1.07,154,207.7,7.98,7.29,98.9
A1249,cycling,29,F,15,73.5,90.3,83.0,1.17,156,229.4,9.93,6.61,88.1
A1250,running,22,M,14,60.7,62.1,83.1,1.0,171,221.2,9.64,6.48,76.5
A1251,rowing,26,F,13,63.9,93.5,86.1,1.02,185,267.1,9.62,5.21,64.9
A1252,cycling,26,F,2,52.0,97.5,82.8,0.81,151,322.0,8.2,8.42,79.0
A1253,cycling,27,M,4,69.8,99.7,71.3,1.31,173,209.3,9.89,6.31,78.3
A1254,cycling,18,M,6,60.6,65.0,76.8,1.3,200,345.5,9.05,9.79,76.8
A1255,cycling,24,M,4,70.0,84.5,89.8,1.26,151,279.5,9.5,6.05,75.1
A1256,running,21,M,9,56.3,68.0,73.9,1.41,197,392.7,8.5,7.65,79.9
A1257,running,18,M,4,60.6,70.5,81.7,1.43,161,313.7,7.48,8.68,62.9
A1258,rowing,32,F,6,69.7,89.8,86.9,1.19,196,354.3,9.66,9.35,61.5
A1259,rowing,25,M,6,74.3,99.1,81.7,1.28,191,372.2,8.46,5.78,62.6
A1260,rowing,29,F,10,51.5,83.8,77.4,0.81,175,377.8,9.91,9.93,68.0
A1261,cycling,35,M,11,70.3,94.0,71.6,1.39,187,303.7,7.76,9.53,71.1
A1262,cycling,32,M,10,57.5,60.4,77.2,1.37,194,279.3,9.98,9.81,66.8
A1263,running,34,M,1,63.8,61.5,73.6,0.81,155,312.1,7.67,9.26,70.1
A1264,cycling,31,F,8,57.3,83.9,89.2,1.18,172,280.4,8.1,9.39,67.4
A1265,cycling,31,M,12,65.3,75.6,84.3,1.43,151,248.1,8.78,7.99,66.0
A1266,cycling,35,F,3,58.8,95.6,85.0,0.93,175,264.8,9.08,9.23,71.7
A1267,rowing,35,F,15,58.3,72.1,78.7,1.05,163,246.6,9.16,7.67,75.9
A1268,rowing,33,F,13,50.9,77.3,72.2,1.03,167,253.9,8.43,7.69,89.8
A1269,running,18,M,6,53.7,81.1,75.3,1.05,187,218.7,7.23,7.81,98.2
A1270,cycling,28,F,3,72.9,70.9,75.2,0.83,181,285.3,8.49,9.98,96.8
A1271,cycling,32,M,15,75.0,96.3,79.7,1.0,200,247.1,8.0,5.52,79.0
A1272,running,29,F,11,69.5,78.6,79.2,1.01,163,289.7,8.97,9.03,78.5
A1273,cycling,25,M,2,57.2,77.0,78.7,1.41,179,358.4,7.55,6.37,65.0
A1274,cycling,23,F,15,60.1,94.0,79.9,1.05,162,289.7,8.18,6.81,98.9
A1275,rowing,20,M,5,68.5,72.5,89.7,1.11,189,390.9,9.9,5.4,90.4
A1276,running,30,M,14,74.2,92.7,76.0,1.07,180,229.6,7.27,6.76,93.9
A1277,running,30,M,1,61.4,64.9,82.3,0.88,186,370.1,8.81,9.95,69.4
A1278,running,19,F,9,70.7,67.3,74.8,1.49,194,249.7,7.27,6.99,76.0
A1279,running,22,F,11,74.4,98.0,79.3,1.38,187,386.8,7.47,8.35,64.1
A1280,rowing,34,M,7,71.8,93.7,74.0,1.18,171,245.4,8.81,5.6,97.6
A1281,rowing,23,F,3,55.7,75.5,81.2,1.13,177,349.4,8.33,9.61,71.4
A1282,cycling,19,F,4,50.2,85.5,75.3,1.25,168,212.4,8.65,9.14,83.8
A1283,cycling,21,F,13,62.3,97.7,70.7,1.03,192,326.0,9.64,6.93,66.1
A1284,cycling,28,F,6,63.3,68.5,86.3,0.84,165,243.7,9.45,6.74,92.1
A1285,cycling,25,F,3,55.0,62.4,72.6,1.08,154,334.0,9.66,7.16,67.5
A1286,rowing,29,F,12,57.1,81.5,77.4,1.49,193,327.2,8.85,7.01,92.4
A1287,running,25,F,7,69.1,65.7,79.5,0.93,198,384.7,8.47,6.29,76.1
A1288,rowing,28,M,13,61.8,67.5,78.6,1.17,151,325.3,8.38,9.95,83.1
A1289,cycling,25,M,6,57.9,95.7,84.5,0.81,159,281.6,9.22,9.05,70.8
A1290,rowing,25,F,9,65.6,60.3,81.9,0.89,196,238.7,8.56,6.34,95.3
A1291,running,34,M,12,66.3,92.7,75.9,1.21,168,331.5,7.32,9.91,90.4
A1292,running,33,M,15,69.2,80.7,71.0,1.01,169,223.3,7.43,5.08,74.2
A1293,rowing,31,M,5,53.9,82.4,85.4,1.43,178,365.7,8.07,7.19,83.4
A1294,rowing,28,F,4,68.5,86.9,77.1,1.08,174,249.5,7.2,7.85,65.2
A1295,rowing,24,F,3,65.0,77.3,87.8,0.95,166,304.8,7.72,5.19,66.4
A1296,cycling,33,F,10,51.4,64.6,77.9,1.18,200,319.2,8.97,5.81,81.3
A1297,rowing,30,F,1,69.4,64.1,84.4,1.36,200,272.5,7.04,6.29,85.6
A1298,rowing,32,F,3,59.6,90.2,88.8,0.81,162,332.8,8.81,8.6,82.3
A1299,rowing,33,M,3,58.3,68.8,83.0,1.15,194,250.0,9.32,9.7,82.4
A1300,running,26,F,7,61.2,61.1,78.3,1.34,165,206.9,7.51,8.12,89.7
A1301,running,20,M,7,58.7,99.2,81.3,0.87,184,391.9,7.54,7.81,96.1
A1302,cycling,22,F,13,58.5,99.2,80.9,1.43,185,264.0,7.09,7.68,75.5
A1303,cycling,27,M,15,70.2,75.1,81.7,0.99,188,342.7,8.54,6.75,81.5
A1304,running,34,F,12,53.1,61.0,72.9,0.92,152,301.5,8.96,9.14,95.7
A1305,running,32,F,1,74.3,89.1,84.0,1.21,158,333.8,8.37,7.7,78.6
A1306,running,25,F,3,63.9,93.2,72.9,0.92,189,222.2,8.17,6.15,77.8
A1307,rowing,32,F,13,54.6,65.0,70.3,1.28,199,303.8,8.36,5.68,90.7
A1308,rowing,31,F,8,53.3,65.4,82.5,1.14,195,278.4,9.34,9.93,95.1
A1309,running,24,F,9,64.8,92.9,72.3,0.88,178,290.4,7.1,5.09,89.5
A1310,rowing,29,M,7,65.8,96.9,85.4,1.44,154,393.2,9.35,9.67,64.0
A1311,rowing,34,F,7,51.3,91.6,87.3,1.27,152,227.3,9.0,6.09,78.6
A1312,cycling,34,M,12,56.1,68.0,88.9,1.18,159,350.9,7.72,8.29,68.5
A1313,running,27,F,15,69.9,76.5,83.3,1.06,180,266.1,8.57,6.51,72.7
A1314,running,31,M,11,51.2,84.0,79.6,0.89,160,258.1,7.15,9.3,78.8
A1315,rowing,28,M,8,71.4,66.4,77.0,1.3,166,254.2,8.14,7.72,68.9
A1316,running,19,M,6,66.5,68.4,79.8,1.37,189,269.8,7.52,5.71,80.6
A1317,cycling,35,M,11,60.9,71.3,73.8,0.89,190,271.4,7.07,6.35,85.7
A1318,cycling,24,M,3,58.7,80.4,77.0,1.15,157,254.1,8.07,6.6,95.0
A1319,cycling,29,M,15,50.5,80.4,84.4,1.14,151,333.5,9.18,9.43,68.5
A1320,running,19,F,1,70.6,92.6,74.3,1.04,153,209.5,9.76,8.83,72.4
A1321,running,35,M,7,53.6,90.1,75.3,1.35,165,266.5,8.99,9.15,76.2
A1322,running,23,F,1,57.7,96.5,85.0,0.87,190,256.0,8.21,5.26,69.0
A1323,running,27,F,1,64.2,93.3,73.6,0.94,190,350.3,10.0,7.89,73.3
A1324,running,32,M,9,56.1,70.2,74.9,0.8,170,229.3,7.85,10.0,95.3
A1325,cycling,22,M,13,62.4,73.3,70.4,1.06,154,388.1,7.56,8.93,65.5
A1326,rowing,20,F,10,70.2,80.0,84.4,1.0,184,234.1,8.39,5.6,77.7
A1327,cycling,22,M,7,61.8,60.6,82.4,1.41,163,274.0,8.51,8.39,72.4
A1328,running,25,M,13,73.7,96.2,83.9,1.32,164,239.9,8.06,8.73,63.1
A1329,cycling,25,M,11,71.2,61.8,74.3,0.86,155,257.3,9.09,7.57,63.8
A1330,running,25,M,13,58.3,72.9,83.7,1.32,165,352.2,7.55,5.39,91.4
A1331,running,29,M,4,60.0,82.8,81.9,1.27,172,295.3,8.53,5.17,94.1
A1332,cycling,25,M,6,60.6,80.7,77.3,1.0,180,232.5,8.5,9.69,89.7
A1333,running,28,M,1,65.7,86.2,78.8,0.81,191,209.3,9.47,6.29,81.6
A1334,rowing,31,F,7,57.2,81.1,81.4,0.88,195,246.0,9.78,6.89,90.9
A1335,running,25,M,12,74.2,69.2,79.9,0.97,161,389.1,8.99,8.98,66.1
A1336,rowing,27,F,15,65.2,68.0,82.8,1.37,190,369.1,7.92,8.45,91.2
A1337,rowing,24,F,6,60.0,96.3,73.6,1.13,168,288.0,9.07,9.84,76.9
A1338,running,34,F,4,66.1,70.6,80.8,1.44,161,296.4,7.75,5.46,90.0
A1339,cycling,21,F,7,59.9,71.2,79.0,1.35,194,379.9,9.9,8.53,69.1
A1340,rowing,30,M,3,70.4,76.5,79.2,1.0,162,318.3,9.47,5.41,93.3
A1341,cycling,21,F,1,64.2,65.6,79.4,1.39,198,376.2,8.29,5.0,82.7
A1342,rowing,22,F,4,51.0,80.3,87.6,0.88,151,298.4,9.35,5.6,60.3
A1343,running,21,F,3,54.4,86.6,86.4,0.83,169,240.0,8.23,8.08,80.8
A1344,running,35,F,1,71.6,91.4,82.6,1.23,180,345.2,7.22,8.38,72.4
A1345,rowing,23,F,2,64.1,88.5,84.3,1.04,158,305.3,9.12,7.19,62.3
A1346,running,19,M,11,73.8,65.9,70.9,1.03,170,333.7,8.21,5.23,77.9
A1347,rowing,28,M,5,51.8,78.2,84.9,1.28,157,231.4,9.79,8.17,72.5
A1348,running,31,F,15,57.4,61.5,79.7,1.4,188,329.5,7.92,5.43,68.2
A1349,cycling,22,M,8,54.8,60.7,76.4,1.03,186,276.5,9.53,5.71,74.0
A1350,running,23,M,1,63.8,77.6,72.8,1.03,178,266.4,9.04,7.56,67.2
A1351,cycling,27,F,4,59.6,70.1,71.5,1.17,168,334.3,9.56,6.7,72.0
A1352,running,25,F,14,53.9,87.3,70.9,1.26,184,318.4,7.88,7.32,64.6
A1353,cycling,31,F,4,66.1,89.0,73.2,0.94,194,329.8,8.38,8.18,63.4
A1354,running,20,M,5,63.4,95.8,70.6,1.44,187,393.1,9.47,5.8,96.4
A1355,cycling,29,F,7,56.9,90.4,84.7,1.26,175,340.2,8.93,9.47,96.1
A1356,rowing,33,M,13,62.0,61.9,75.0,1.24,160,328.2,8.08,7.8,93.1
A1357,rowing,34,M,12,68.6,74.9,77.4,1.43,185,322.7,8.54,5.11,69.2
A1358,cycling,18,M,8,55.1,70.9,86.5,1.44,184,279.7,9.99,8.14,89.0
A1359,running,27,F,15,57.3,75.4,72.3,0.89,153,367.8,9.23,7.32,83.6
A1360,cycling,27,M,6,58.7,66.4,86.7,0.9,152,276.2,8.84,8.51,62.0
A1361,running,19,F,1,68.7,63.9,82.8,1.33,194,340.0,9.48,8.92,96.0
A1362,rowing,26,F,7,71.2,80.8,76.8,1.47,196,258.6,8.33,9.69,99.9
A1363,running,30,F,3,59.4,88.8,72.4,1.27,161,229.6,9.85,9.99,88.3
A1364,rowing,33,F,15,57.4,88.1,71.8,1.09,181,226.0,8.66,7.75,69.3
A1365,running,35,F,13,72.2,78.0,76.7,1.28,196,326.9,7.98,7.81,82.2
A1366,running,29,M,13,75.0,80.9,72.8,0.96,175,265.6,7.26,5.11,64.4
A1367,running,25,M,13,66.8,80.7,75.4,1.5,192,255.0,8.13,9.33,72.0
A1368,cycling,34,M,6,74.7,87.7,71.1,1.1,192,318.4,8.71,5.14,88.7
A1369,cycling,32,M,15,66.5,61.9,81.9,1.45,162,205.1,9.11,8.16,72.0
A1370,rowing,27,M,8,68.3,88.4,72.9,1.1,193,249.2,9.63,5.49,65.9
A1371,rowing,32,F,7,59.7,83.3,85.1,1.45,187,268.1,9.83,6.43,60.3
A1372,cycling,32,F,10,60.8,67.9,74.4,1.03,178,341.7,7.31,5.7,82.9
A1373,rowing,24,M,6,53.6,62.0,86.0,1.33,200,309.0,8.8,5.69,98.7
A1374,cycling,30,M,9,70.6,64.3,73.8,1.47,168,371.2,9.0,5.37,79.4
A1375,running,34,M,9,73.3,81.0,84.4,1.25,184,266.9,7.52,6.59,68.5
A1376,rowing,26,F,1,65.6,90.3,76.7,1.27,197,259.3,8.64,7.12,78.5
A1377,rowing,25,F,1,58.6,73.4,81.7,0.87,190,206.6,8.0,7.32,84.1
A1378,cycling,35,F,1,53.9,75.2,70.8,1.13,176,390.3,7.23,7.2,92.1
A1379,rowing,30,M,8,56.6,97.4,79.9,1.42,195,300.3,7.2,7.62,78.1
A1380,rowing,33,M,12,56.4,68.5,73.0,0.97,180,300.5,9.28,9.3,66.9
A1381,running,26,M,13,65.3,64.1,79.7,1.35,152,384.7,8.85,8.16,67.5
A1382,rowing,29,M,14,73.6,73.7,72.8,1.27,184,258.0,9.15,5.09,96.0
A1383,running,29,F,12,51.2,89.8,78.7,0.96,173,266.4,9.06,5.86,69.4
A1384,cycling,23,M,14,50.0,85.0,72.2,1.0,156,331.3,7.4,6.74,89.1
A1385,rowing,24,M,10,65.0,76.6,74.4,1.1,200,357.0,7.45,9.75,70.8
A1386,running,20,M,7,57.1,98.6,81.9,0.89,184,339.9,7.76,5.39,88.8
A1387,cycling,33,F,3,72.0,89.4,89.5,1.44,170,357.7,8.2,8.55,63.1
A1388,rowing,35,F,13,58.2,62.5,79.0,1.32,150,315.0,9.82,5.17,68.3
A1389,cycling,33,M,2,57.2,89.8,83.7,1.06,193,372.6,9.02,6.81,76.3
A1390,rowing,24,F,4,56.7,61.0,80.8,1.01,155,310.0,7.77,8.85,80.6
A1391,cycling,21,F,3,53.6,86.0,80.0,1.28,188,245.9,7.17,6.72,74.1
A1392,cycling,25,F,7,64.5,68.4,71.3,1.1,183,308.3,9.05,7.15,82.9
A1393,running,30,F,10,54.2,87.9,72.9,0.96,167,342.6,8.88,9.53,73.0
A1394,cycling,30,F,15,60.6,72.4,87.7,1.1,174,330.7,9.03,5.33,87.1
A1395,rowing,34,M,15,61.5,94.9,78.2,1.41,164,248.6,7.78,7.64,80.4
A1396,rowing,34,M,8,50.5,73.5,82.3,0.85,196,208.2,8.55,6.83,88.2
A1397,running,22,M,6,50.4,84.8,80.6,1.06,181,250.5,8.09,9.82,77.2
A1398,rowing,23,F,3,63.0,71.4,77.6,1.47,191,396.8,9.45,8.97,95.1
A1399,rowing,30,F,6,67.4,96.7,77.8,0.81,198,236.9,7.21,5.61,75.3
A1400,rowing,31,F,15,73.6,91.2,81.1,1.42,199,292.9,7.83,9.64,72.3
A1401,cycling,21,F,2,54.5,69.7,72.8,1.06,167,327.7,8.81,6.06,82.3
A1402,cycling,24,M,15,52.6,98.0,77.7,0.93,180,375.9,7.62,5.42,80.4
A1403,rowing,25,M,12,51.3,74.3,78.9,0.81,178,352.1,9.02,7.71,80.7
A1404,running,30,M,7,60.9,86.1,89.7,0.85,164,381.8,7.41,8.68,91.8
A1405,cycling,23,M,14,65.6,89.7,77.0,0.92,172,320.9,7.07,8.58,83.5
A1406,running,23,M,11,71.0,60.9,82.9,0.82,187,373.1,9.59,7.67,95.4
A1407,rowing,20,M,10,67.1,98.4,72.7,1.04,190,252.8,8.0,7.46,84.8
A1408,rowing,20,F,14,55.2,73.8,71.3,0.83,160,286.1,7.47,9.85,60.9
A1409,cycling,30,F,7,61.5,67.6,87.4,1.28,164,368.8,7.52,9.1,94.8
A1410,rowing,19,M,4,72.8,94.0,84.6,1.37,172,265.1,9.66,8.49,93.6
A1411,cycling,33,F,13,58.2,88.1,76.3,1.42,152,374.2,8.96,5.98,62.0
A1412,rowing,23,M,8,62.5,63.5,80.1,1.18,168,272.6,9.87,9.1,65.0
A1413,rowing,25,M,4,74.0,64.7,72.7,1.46,150,272.7,9.4,8.75,82.3
A1414,cycling,25,F,7,68.4,88.6,84.1,0.8,173,261.8,9.3,9.96,61.7
A1415,cycling,23,M,4,68.7,63.0,71.4,0.89,198,309.4,8.5,5.66,76.4
A1416,cycling,31,M,13,56.3,96.7,85.1,1.01,160,225.8,9.46,8.58,99.0
A1417,rowing,20,M,12,60.4,89.7,80.9,1.35,179,207.3,8.24,9.9,66.9
A1418,rowing,27,F,5,52.1,73.4,75.6,1.42,199,379.5,9.48,7.31,68.2
A1419,running,20,F,7,65.2,74.5,87.3,1.23,160,385.8,9.27,8.67,87.1
A1420,cycling,29,F,13,52.6,80.3,89.7,1.07,188,215.2,9.04,9.88,61.8
A1421,rowing,34,F,14,70.9,74.4,75.1,1.27,150,309.9,7.99,7.74,92.8
A1422,rowing,22,M,14,70.4,91.3,86.1,0.93,161,307.9,8.89,8.5,68.0
A1423,cycling,26,F,13,63.3,99.0,85.0,1.12,153,274.5,8.52,5.1,81.3
A1424,running,24,F,10,53.5,83.4,84.9,1.16,174,313.8,8.38,7.6,70.0
A1425,cycling,21,F,3,50.6,77.8,89.1,0.87,157,291.6,9.97,6.28,86.4
A1426,running,30,M,10,69.9,68.9,79.7,0.82,164,297.9,8.51,5.66,83.5
A1427,rowing,30,F,5,65.0,86.1,83.5,1.33,192,351.1,7.1,8.54,97.9
A1428,running,27,F,11,67.8,87.4,86.5,1.17,179,305.2,8.88,5.2,77.8
A1429,rowing,35,M,14,57.6,87.4,79.6,1.03,189,264.7,9.18,9.52,95.0
A1430,cycling,34,M,3,62.7,61.1,79.6,1.11,181,316.3,9.66,7.59,83.0
A1431,cycling,30,M,5,68.7,96.0,76.4,1.47,193,328.2,8.9,8.24,96.6
A1432,cycling,34,M,14,61.6,73.5,85.6,1.07,184,332.5,7.06,6.27,71.7
A1433,running,21,F,3,65.0,89.8,83.7,0.87,170,323.7,7.36,5.91,82.0
A1434,rowing,18,M,11,69.7,90.4,79.0,1.12,180,332.9,7.48,6.22,75.6
A1435,cycling,18,F,10,55.4,86.0,78.4,1.25,185,262.0,7.63,6.16,62.6
A1436,cycling,32,F,11,51.6,75.8,71.5,0.81,176,289.2,9.4,9.32,83.0
A1437,rowing,30,F,7,63.3,84.3,70.1,1.03,193,333.7,7.93,8.94,91.8
A1438,cycling,34,F,13,51.6,61.6,80.6,1.08,157,350.9,7.94,9.26,82.2
A1439,rowing,25,F,1,69.2,90.5,78.3,1.12,172,286.8,9.27,8.67,71.2
A1440,rowing,35,M,9,68.0,64.0,85.9,1.01,172,273.1,8.24,8.22,70.6
A1441,rowing,30,F,9,72.0,75.9,80.9,1.27,191,343.2,7.19,7.64,69.5
A1442,rowing,31,F,5,66.0,64.1,88.7,1.46,182,244.4,8.76,6.33,99.2
A1443,rowing,25,F,9,51.7,93.5,73.9,1.44,162,201.9,7.39,8.53,76.0
A1444,running,25,M,10,56.3,82.0,89.8,1.27,188,294.2,8.71,5.68,72.7
A1445,cycling,32,F,13,70.2,87.6,76.0,1.15,184,234.7,9.34,7.56,76.7
A1446,running,30,F,15,54.2,87.3,82.8,1.38,165,275.7,9.79,5.98,64.6
A1447,cycling,24,M,6,67.5,93.7,80.0,1.39,161,258.2,7.2,7.52,67.8
A1448,running,22,F,15,69.5,65.3,77.2,1.38,180,355.5,7.91,6.47,80.4
A1449,rowing,34,F,5,58.3,86.4,72.8,0.91,154,266.3,8.96,5.27,92.0
A1450,cycling,33,M,13,58.1,83.0,72.7,0.82,199,328.1,7.95,7.52,95.1
A1451,cycling,19,F,3,63.9,61.2,84.2,1.49,189,334.8,8.35,5.91,94.6
A1452,running,35,F,11,71.5,68.1,77.6,1.47,193,291.3,7.06,5.81,97.8
A1453,running,34,F,11,55.6,70.7,89.2,1.2,174,216.2,9.08,6.92,65.0
A1454,cycling,24,F,8,73.5,62.9,76.5,1.5,170,340.1,9.65,6.81,61.6
A1455,running,30,F,4,65.0,74.2,89.7,1.34,152,215.0,9.93,9.33,64.2
A1456,running,35,M,10,74.8,61.1,74.1,1.16,197,219.8,9.49,7.82,84.0
A1457,running,31,M,13,52.2,82.1,72.1,1.07,159,239.2,7.1,9.27,82.2
A1458,rowing,35,M,15,53.2,68.5,76.3,1.22,172,256.1,8.96,5.73,86.8
A1459,rowing,30,F,13,70.7,71.5,87.7,1.16,166,369.3,8.49,6.79,74.8
A1460,running,28,F,3,71.6,96.4,80.4,1.5,191,335.0,9.81,7.78,75.7
A1461,running,33,F,13,61.1,80.1,72.7,1.14,184,277.4,9.71,5.77,81.8
A1462,rowing,34,M,6,67.9,70.8,74.0,1.39,174,395.7,9.96,5.64,63.2
A1463,rowing,25,F,8,71.7,83.9,76.2,1.37,151,248.7,9.59,8.31,92.0
A1464,cycling,32,F,13,51.1,68.1,81.8,0.85,176,322.0,8.64,8.27,96.9
A1465,cycling,26,F,15,64.3,63.0,76.6,0.86,195,369.4,9.14,6.17,75.5
A1466,rowing,27,M,9,71.3,60.8,84.9,1.26,158,360.4,9.89,6.14,89.6
A1467,running,29,M,14,60.0,98.1,82.3,0.98,198,218.1,8.73,8.73,82.0
A1468,running,18,F,6,57.6,89.0,87.5,1.26,153,339.5,9.52,5.58,69.4
A1469,running,26,F,5,69.9,92.0,80.0,0.9,175,251.6,9.83,9.62,62.7
A1470,running,32,F,12,58.4,99.2,76.6,1.08,181,271.1,8.71,9.72,69.8
A1471,cycling,18,M,11,50.1,97.3,89.9,0.87,178,297.8,7.48,9.35,84.2
A1472,rowing,29,M,2,74.0,89.5,77.1,1.0,171,358.2,7.47,6.05,61.6
A1473,running,20,M,2,64.8,87.8,78.6,0.86,196,233.2,7.35,5.08,93.4
A1474,cycling,28,F,9,70.5,73.5,86.2,1.48,162,221.7,8.43,9.68,98.8
A1475,running,19,M,2,70.6,64.2,71.8,1.08,172,230.7,8.44,6.72,63.3
A1476,rowing,33,F,2,51.7,82.9,77.7,1.43,180,243.6,8.85,6.55,69.9
A1477,cycling,26,F,3,54.3,83.1,71.7,1.48,200,211.9,8.45,6.31,87.0
A1478,rowing,32,M,3,57.8,98.1,72.8,1.44,190,385.3,9.92,6.22,92.2
A1479,rowing,29,F,4,58.0,77.7,70.1,1.12,185,263.8,7.87,8.67,73.8
A1480,cycling,18,M,7,66.5,87.6,70.2,1.35,189,235.4,9.62,9.54,80.6
A1481,cycling,30,F,9,65.6,83.0,77.6,0.91,180,327.6,7.3,8.93,95.7
A1482,cycling,31,F,2,62.4,67.1,86.2,0.87,164,357.4,8.81,8.37,75.4
A1483,cycling,25,M,4,55.3,83.7,81.7,1.41,163,350.6,8.94,6.44,63.3
A1484,cycling,25,F,9,59.5,81.6,82.7,0.82,184,343.7,9.32,7.73,99.8
A1485,cycling,29,F,14,63.6,79.8,80.4,1.48,173,210.1,8.51,6.18,67.2
A1486,cycling,18,F,2,61.7,80.5,86.4,1.27,179,356.4,7.59,5.56,62.0
A1487,running,28,F,10,53.2,66.6,87.6,1.09,179,300.4,8.11,5.6,76.4
A1488,rowing,25,F,11,66.2,78.5,87.0,0.9,176,329.8,7.82,8.02,64.9
A1489,cycling,27,F,13,51.8,84.2,86.2,1.31,198,391.3,8.26,5.19,99.1
A1490,running,28,F,1,59.5,79.6,73.7,1.19,189,362.1,8.59,9.87,75.2
A1491,running,24,F,10,67.8,79.5,81.9,1.3,163,365.1,8.88,9.98,93.0
A1492,running,28,M,8,50.5,63.1,81.6,1.09,194,236.3,9.54,5.75,67.1
A1493,rowing,34,M,9,64.2,67.6,80.6,0.85,196,295.3,9.73,7.14,65.6
A1494,cycling,18,F,7,58.4,72.8,79.6,1.02,160,389.9,8.39,8.84,86.0
A1495,running,25,F,8,50.2,76.8,71.8,1.02,196,316.5,7.27,9.78,96.4
A1496,rowing,23,M,4,54.8,83.8,72.0,0.81,193,220.5,9.39,9.46,64.6
A1497,rowing,35,F,4,73.5,94.5,88.0,0.81,175,346.4,8.43,6.27,83.6
A1498,rowing,23,M,13,63.0,66.4,82.6,1.03,170,208.6,8.64,5.43,63.4
A1499,running,22,M,2,74.9,60.6,75.2,1.31,158,348.5,8.79,6.44,92.5
A1500,cycling,30,M,8,63.1,78.0,75.6,1.24,196,376.0,9.0,7.19,96.4
A1501,running,25,F,15,63.6,77.3,82.2,0.97,150,285.1,9.67,6.8,85.2
A1502,running,26,F,11,59.8,82.1,78.1,1.22,193,282.7,9.86,8.87,87.5
A1503,cycling,34,F,2,57.8,93.3,78.8,1.25,155,260.8,9.82,6.29,62.2
A1504,cycling,20,M,9,56.3,92.1,71.2,1.17,150,375.4,9.43,9.29,62.9
A1505,cycling,28,M,14,58.6,64.0,72.8,1.16,171,309.6,9.67,6.13,67.2
A1506,rowing,34,M,4,61.5,97.4,77.9,1.06,200,315.9,7.15,6.81,71.0
A1507,cycling,19,F,1,54.8,64.4,84.0,0.89,162,332.3,9.55,7.24,90.4
A1508,running,25,M,13,55.6,85.4,71.0,1.07,187,260.0,7.22,6.46,77.4
A1509,cycling,24,M,4,56.8,86.9,76.7,1.04,198,286.6,9.24,8.83,63.1
A1510,running,34,F,3,61.2,87.2,83.9,1.21,194,348.3,7.51,7.05,94.1
A1511,rowing,23,M,12,66.3,70.6,85.8,1.4,190,397.1,8.08,9.44,99.8
A1512,running,23,M,6,71.4,73.2,73.8,1.06,189,206.9,7.55,9.82,78.2
A1513,running,19,F,7,57.2,81.9,84.6,1.3,180,208.5,8.33,9.3,80.5
A1514,cycling,23,F,8,54.6,68.0,89.1,1.37,164,285.6,8.24,7.61,63.1
A1515,cycling,22,M,2,59.5,60.8,88.1,0.95,199,331.9,7.14,7.55,75.3
A1516,running,21,F,6,72.4,82.5,85.8,1.43,151,277.3,9.49,6.08,74.9
A1517,cycling,34,M,15,50.2,78.6,84.2,0.85,180,399.9,9.56,7.96,98.6
A1518,rowing,28,F,6,66.9,86.3,74.7,1.43,175,239.1,9.36,9.76,86.4
A1519,rowing,21,M,10,61.9,65.9,82.7,0.91,151,201.6,9.54,5.4,91.3
A1520,cycling,30,F,12,54.0,93.6,82.9,1.04,160,238.0,9.25,8.76,65.1
A1521,rowing,34,M,5,58.0,65.8,78.1,1.22,182,377.4,9.81,9.35,76.7
A1522,cycling,26,F,10,55.6,95.7,79.9,1.43,167,229.0,8.73,9.93,67.7
A1523,running,21,F,10,71.9,78.0,83.9,0.98,170,295.8,8.75,6.67,94.4
A1524,running,31,F,7,62.0,82.0,89.0,1.33,180,283.9,9.58,6.78,66.1
A1525,rowing,20,F,3,64.1,95.9,75.9,1.3,175,333.1,8.05,6.15,77.6
A1526,cycling,31,F,4,64.8,72.0,74.9,0.91,179,210.9,7.15,8.95,62.1
A1527,cycling,25,F,10,66.0,67.3,82.0,1.14,188,331.8,9.25,5.7,85.4
A1528,rowing,18,F,13,62.4,77.8,72.6,1.14,170,271.0,7.76,6.34,79.3
A1529,running,27,M,9,50.4,69.8,81.7,1.01,198,385.2,8.42,6.48,79.9
A1530,rowing,35,M,4,58.4,81.1,71.8,1.35,165,369.8,7.72,6.87,64.1
A1531,running,33,F,3,54.6,71.0,79.8,1.45,156,279.9,9.48,7.11,80.6
A1532,cycling,25,F,14,67.0,94.6,82.4,1.3,171,398.6,9.87,7.8,82.6
A1533,running,18,M,2,51.4,84.3,71.4,1.48,156,210.4,7.17,9.74,98.5
A1534,rowing,29,M,5,64.1,60.0,74.1,0.84,151,357.7,7.7,6.24,61.3
A1535,cycling,25,F,4,55.3,92.2,76.7,0.83,186,286.8,7.57,8.9,96.9
A1536,rowing,33,M,13,73.7,73.2,77.4,1.43,163,286.7,9.02,8.38,79.2
A1537,rowing,35,M,13,58.4,72.8,83.5,1.43,157,234.0,8.29,5.58,68.4
A1538,running,21,F,8,58.1,75.3,80.6,0.87,178,303.0,8.37,9.05,86.6
A1539,rowing,23,F,7,73.1,85.2,77.6,1.05,193,216.9,7.47,5.45,80.7
A1540,running,29,F,6,60.4,77.7,79.0,1.38,156,323.3,8.24,8.69,69.1
A1541,cycling,26,M,11,74.1,85.1,70.3,0.89,187,248.3,7.91,8.58,85.1
A1542,running,32,F,12,50.6,65.9,85.4,0.99,194,345.0,8.83,8.45,78.9
A1543,cycling,33,F,2,57.7,98.8,70.8,1.28,171,321.5,7.65,6.38,87.6
A1544,running,29,M,3,66.7,89.2,86.6,1.49,193,349.3,8.84,7.87,87.6
A1545,rowing,31,F,10,72.3,70.0,80.8,1.36,166,349.9,8.13,8.81,78.9
A1546,running,30,M,9,56.4,89.0,80.6,1.34,165,239.3,8.04,8.19,75.6
A1547,running,19,M,13,73.3,83.0,84.1,1.04,182,200.1,7.92,9.02,62.5
A1548,cycling,20,M,9,64.9,64.4,87.2,1.26,188,273.2,9.02,8.44,79.8
A1549,rowing,27,M,15,70.0,67.1,88.9,0.88,184,383.8,8.69,6.37,69.7
A1550,running,26,M,5,59.9,61.7,80.9,1.49,187,315.6,9.56,5.77,62.1
A1551,rowing,25,M,14,55.3,92.4,73.0,1.14,181,345.5,7.72,8.16,73.2
A1552,running,27,F,3,72.8,82.1,87.6,1.25,152,375.9,7.12,8.8,63.5
A1553,running,20,F,2,73.3,72.7,70.8,1.41,152,381.2,7.55,5.71,83.2
A1554,rowing,22,F,8,62.4,65.1,86.1,0.8,157,305.8,8.03,5.87,80.1
A1555,running,20,M,15,50.2,79.4,83.6,1.48,195,308.2,7.54,5.06,91.7
A1556,rowing,33,F,6,52.7,81.0,88.1,1.05,180,370.2,7.25,7.66,70.7
A1557,running,34,M,10,64.3,88.1,87.9,1.04,158,361.5,8.34,7.71,74.9
A1558,cycling,32,F,11,50.6,98.8,71.1,0.9,154,339.8,9.03,7.5,87.6
A1559,rowing,20,M,12,59.9,77.4,82.2,1.4,177,320.9,9.25,6.58,99.7
A1560,running,29,F,7,57.6,76.2,72.5,1.41,164,323.4,8.2,7.14,96.2
A1561,running,26,M,1,67.9,74.8,71.6,0.81,198,272.6,8.43,8.83,80.8
A1562,cycling,29,F,1,51.4,93.1,79.0,0.84,176,368.2,9.27,5.91,87.1
A1563,rowing,32,M,10,62.2,66.3,72.0,1.44,191,323.6,8.06,6.01,81.3
A1564,running,19,F,2,64.5,73.8,84.6,0.89,180,244.7,9.35,8.33,77.4
A1565,cycling,35,M,10,65.4,89.0,89.4,1.23,189,248.0,9.9,9.33,84.1
A1566,running,29,F,15,60.1,60.6,81.4,1.23,167,372.3,9.64,6.7,75.5
A1567,rowing,21,F,3,57.6,71.6,74.7,1.41,187,325.1,8.36,9.66,71.2
A1568,running,33,F,12,67.1,85.7,86.9,1.2,198,279.7,8.74,5.29,88.2
A1569,running,33,M,1,71.2,67.4,87.1,1.1,153,237.4,9.15,5.59,94.9
A1570,running,18,M,14,67.3,72.1,84.7,1.48,170,322.0,8.05,7.3,71.5
A1571,running,19,M,5,73.3,79.4,82.3,0.96,196,236.9,9.4,8.62,88.3
A1572,cycling,20,M,15,67.9,76.9,87.4,0.98,191,294.0,8.31,6.85,77.4
A1573,cycling,34,M,15,69.1,64.2,73.3,0.86,172,335.5,9.54,7.77,72.1
A1574,rowing,18,F,3,54.2,97.5,88.6,1.48,194,313.1,7.76,5.14,84.8
A1575,cycling,23,M,1,60.5,61.8,88.9,1.29,171,384.4,7.03,7.31,97.6
A1576,cycling,32,F,8,62.1,90.0,87.4,0.81,150,207.9,8.9,6.21,74.1
A1577,rowing,31,F,12,56.4,62.9,75.0,1.29,174,256.0,8.36,7.58,90.4
A1578,cycling,32,M,11,63.2,78.7,87.2,1.08,190,211.4,7.18,7.63,72.6
A1579,cycling,31,F,6,57.3,67.0,80.0,1.48,177,238.9,8.46,8.77,92.2
A1580,rowing,22,M,9,67.2,65.6,81.9,0.99,186,224.8,7.51,7.7,90.4
A1581,rowing,23,M,3,61.8,65.0,86.8,1.3,160,346.5,8.89,8.07,90.6
A1582,rowing,34,M,9,61.5,78.1,70.6,1.24,171,273.9,8.34,7.65,99.9
A1583,running,28,F,9,74.6,80.6,77.3,0.81,174,385.0,7.51,9.95,65.6
A1584,running,33,M,15,59.8,65.3,86.3,1.42,170,204.7,8.24,8.96,75.6
A1585,rowing,29,M,12,59.1,99.2,86.3,0.9,185,330.6,7.7,8.78,85.2
A1586,rowing,32,M,15,58.0,70.3,87.0,1.26,169,394.1,8.96,8.14,83.6
A1587,rowing,21,F,13,72.4,78.4,73.4,1.34,165,235.2,7.89,7.64,91.2
A1588,running,35,M,12,62.4,68.7,84.1,1.24,177,288.5,9.47,6.72,61.9
A1589,running,20,F,1,65.0,79.8,72.9,0.87,178,340.4,7.04,8.92,88.2
A1590,cycling,25,F,3,54.5,90.2,85.7,1.48,199,326.6,8.21,5.95,89.5
A1591,cycling,20,M,6,63.5,80.8,74.9,0.97,175,313.2,8.85,5.18,62.4
A1592,rowing,25,F,8,56.9,71.4,84.8,1.24,189,265.4,7.07,8.49,81.5
A1593,running,35,F,4,68.3,69.9,79.1,1.36,151,345.6,7.65,5.72,69.8
A1594,running,27,M,5,70.8,90.4,89.7,1.46,198,330.7,7.98,9.52,92.1
A1595,running,34,M,9,67.9,64.7,81.6,1.22,159,232.6,7.07,8.85,62.0
A1596,rowing,25,M,6,68.3,74.8,82.7,0.98,162,392.8,8.64,8.01,65.8
A1597,cycling,28,F,12,62.8,66.1,77.4,1.39,164,311.1,8.89,6.57,64.2
A1598,rowing,22,M,7,67.8,70.3,84.7,0.91,158,305.1,7.68,8.19,62.6
A1599,cycling,30,F,7,60.6,66.1,79.9,0.82,176,369.6,8.63,7.38,84.0
A1600,cycling,22,F,4,66.3,95.5,70.4,1.44,157,328.1,10.0,6.46,94.7
A1601,rowing,30,F,4,56.5,89.3,82.2,1.2,155,214.9,9.66,9.73,80.4
A1602,cycling,23,F,4,51.7,82.4,86.6,0.85,185,301.3,7.18,5.81,68.4
A1603,cycling,22,F,14,60.3,69.0,74.7,1.21,199,356.1,7.38,8.77,73.8
A1604,running,26,M,15,61.5,80.4,74.4,0.9,173,340.0,8.48,9.0,74.4
A1605,cycling,33,M,11,56.4,80.8,82.2,0.82,152,394.2,7.74,9.76,78.1
A1606,rowing,19,F,5,68.2,83.6,86.4,0.88,175,205.0,7.24,7.75,76.8
A1607,rowing,18,F,5,51.8,62.4,75.0,1.34,185,252.2,7.76,7.67,86.8
A1608,cycling,25,M,8,55.6,98.9,88.6,1.33,170,309.8,7.18,9.6,73.6
A1609,running,28,M,9,68.7,78.6,88.5,1.22,162,323.9,8.59,9.01,86.5
A1610,running,29,F,2,60.9,97.1,74.0,0.95,160,254.9,8.47,8.82,81.9
A1611,cycling,29,F,11,67.6,60.4,75.3,1.32,157,365.4,7.02,8.95,61.9
A1612,cycling,24,M,7,64.2,69.9,84.0,1.09,195,232.9,8.45,7.47,96.8
A1613,rowing,30,M,1,73.8,64.2,89.0,1.16,195,200.2,8.56,5.21,67.1
A1614,cycling,25,F,1,64.9,90.8,84.2,1.43,197,390.5,8.82,5.99,78.1
A1615,running,26,M,4,50.4,72.8,78.9,1.12,163,278.3,9.91,8.21,97.9
A1616,cycling,24,M,10,58.8,93.6,73.4,1.24,182,391.5,9.95,6.98,69.9
A1617,rowing,32,F,7,53.6,93.3,79.2,1.47,151,255.6,8.58,8.03,60.9
A1618,rowing,19,F,2,73.1,86.7,82.1,1.12,150,212.7,9.54,7.76,79.6
A1619,rowing,29,F,11,52.6,86.6,76.6,1.19,160,354.5,7.26,7.19,69.0
A1620,rowing,18,M,2,59.7,88.0,80.2,1.21,155,367.2,8.59,6.17,83.3
A1621,rowing,25,F,1,55.7,87.0,72.6,0.97,181,298.4,9.04,8.59,92.7
A1622,cycling,22,M,10,71.2,75.5,79.0,1.32,164,214.8,8.69,9.55,80.4
A1623,cycling,32,F,2,57.7,87.3,71.8,1.31,161,330.8,7.69,8.85,85.8
A1624,cycling,18,F,13,74.8,95.9,71.0,0.95,186,236.4,7.19,5.6,86.6
A1625,cycling,18,M,15,51.0,73.3,87.1,0.81,178,369.9,8.16,7.69,92.8
A1626,rowing,27,M,7,53.2,97.8,74.1,1.5,193,254.8,8.94,9.18,87.5
A1627,running,27,F,9,55.6,60.5,81.5,1.21,171,369.5,9.98,7.95,99.0
A1628,cycling,32,F,6,70.3,74.0,73.0,0.93,195,285.4,7.71,7.2,78.2
A1629,running,34,M,10,72.0,65.3,75.3,1.0,163,319.3,9.75,6.42,62.0
A1630,cycling,23,F,2,51.8,65.1,77.2,1.23,168,357.9,7.2,6.65,75.8
A1631,cycling,20,M,12,50.8,92.6,72.9,0.9,154,208.1,9.79,6.21,93.6
A1632,running,30,M,15,68.6,96.7,70.9,0.83,184,364.2,9.5,5.98,65.3
A1633,rowing,33,F,10,53.3,91.1,87.5,1.36,174,227.7,7.06,7.94,89.4
A1634,cycling,25,M,15,53.3,99.1,70.2,1.3,199,271.7,7.89,7.55,81.4
A1635,cycling,32,M,10,50.6,68.7,71.2,1.02,187,294.6,7.15,8.67,96.0
A1636,cycling,34,M,13,51.2,65.6,86.1,0.84,158,379.1,9.99,6.54,89.2
A1637,running,34,F,9,56.6,80.8,75.6,1.14,156,204.5,8.28,7.3,86.4
A1638,rowing,30,M,7,51.6,93.2,84.5,0.99,167,311.8,8.99,8.4,95.5
A1639,running,34,F,11,59.2,61.6,72.9,1.08,151,328.5,7.7,9.82,96.3
A1640,running,23,F,1,70.8,99.8,74.7,0.99,159,263.3,9.8,6.74,75.4
A1641,rowing,34,F,12,58.2,84.1,81.5,0.92,193,258.1,7.82,6.49,97.1
A1642,running,33,M,9,68.2,99.2,89.8,1.07,151,298.1,7.78,7.25,62.2
A1643,rowing,31,M,2,52.3,74.6,71.5,1.48,194,237.4,7.94,8.62,90.5
A1644,cycling,30,F,4,66.5,78.3,78.0,0.99,157,293.6,8.39,9.81,73.5
A1645,rowing,23,F,9,57.9,90.1,70.9,1.04,156,353.0,7.06,7.68,79.5
A1646,cycling,20,M,4,68.7,91.7,74.0,1.03,184,369.1,8.79,9.06,93.4
A1647,running,31,F,3,53.4,69.3,88.1,1.14,172,277.0,7.09,7.32,85.5
A1648,running,31,F,1,72.4,97.2,71.9,1.39,157,323.5,8.62,5.2,78.3
A1649,cycling,32,M,7,56.1,94.7,87.1,1.08,170,200.0,8.37,9.47,66.6
A1650,running,25,F,15,58.8,60.7,73.6,1.36,182,310.1,7.73,6.45,97.6
A1651,rowing,32,M,6,73.8,65.1,87.2,0.88,196,395.0,7.99,5.69,73.3
A1652,cycling,30,M,10,64.5,79.8,80.8,1.43,150,262.5,9.12,9.98,64.0
A1653,running,34,F,4,59.1,78.4,87.6,0.93,161,319.0,7.03,6.74,82.6
A1654,cycling,20,M,6,73.7,88.3,73.0,0.83,160,352.5,7.95,5.68,76.3
A1655,rowing,23,M,6,58.2,63.6,85.2,0.91,197,321.8,9.04,6.56,83.6
A1656,rowing,22,M,13,52.4,85.8,83.6,0.93,179,283.7,7.46,7.57,69.3
A1657,running,34,F,4,74.9,84.7,80.9,1.16,153,230.5,8.68,5.44,75.1
A1658,rowing,19,F,14,56.7,69.3,86.2,1.11,183,292.7,7.51,6.76,98.9
A1659,cycling,32,F,13,71.3,81.7,83.0,1.3,172,259.0,7.46,8.34,97.5
A1660,rowing,22,M,6,54.1,68.9,87.5,0.84,181,339.2,9.32,9.58,94.6
A1661,cycling,23,M,10,68.3,65.9,77.6,1.15,152,288.4,7.8,6.99,91.2
A1662,cycling,23,F,11,63.1,82.9,81.8,1.03,177,370.0,8.13,7.82,66.3
A1663,rowing,35,F,8,74.5,99.1,87.4,1.24,153,238.7,9.19,8.18,78.7
A1664,running,35,M,13,63.8,69.5,74.3,0.83,199,283.5,7.54,5.35,89.1
A1665,rowing,21,F,3,50.6,74.2,79.7,0.82,161,311.5,8.6,6.71,70.5
A1666,cycling,34,F,4,65.1,70.3,89.2,1.1,173,225.2,9.75,8.42,61.3
A1667,cycling,31,F,10,53.6,70.7,79.5,1.37,182,317.6,8.66,8.68,76.7
A1668,rowing,31,F,13,70.0,76.2,75.1,1.27,152,258.2,7.15,6.78,77.0
A1669,running,30,F,12,71.4,88.1,77.0,0.81,153,245.9,8.77,5.03,62.6
A1670,running,24,M,14,62.1,61.6,87.7,0.92,179,228.4,7.27,5.03,72.8
A1671,cycling,29,F,15,69.6,98.3,89.1,0.96,155,270.0,7.85,7.69,96.7
A1672,cycling,32,F,1,53.6,61.9,89.0,1.1,198,385.8,9.55,7.76,70.0
A1673,running,28,M,4,62.3,95.3,84.0,1.21,179,206.2,7.03,7.78,82.8
A1674,rowing,32,M,11,59.8,95.8,80.2,0.95,157,370.4,7.23,8.61,79.5
A1675,cycling,29,M,10,65.3,81.0,73.7,1.07,167,279.5,8.09,9.61,94.5
A1676,cycling,20,M,10,51.1,65.5,72.5,1.21,165,312.3,10.0,9.95,86.1
A1677,running,34,F,12,68.8,82.6,71.2,1.07,155,302.6,7.88,8.51,66.3
A1678,rowing,20,F,14,52.0,85.1,70.4,0.9,173,385.1,7.47,7.57,65.7
A1679,running,21,F,9,66.4,94.3,87.6,1.14,200,354.0,8.65,5.7,82.3
A1680,rowing,20,F,8,50.5,82.0,86.2,1.03,177,397.0,8.56,6.92,61.9
A1681,rowing,33,M,11,70.8,76.4,81.4,1.4,181,358.9,8.35,7.86,75.7
A1682,rowing,29,M,4,54.4,93.5,90.0,1.34,174,259.2,9.84,10.0,76.0
A1683,cycling,25,F,12,62.9,99.2,89.1,0.93,177,392.6,7.84,5.63,67.9
A1684,running,34,F,7,56.5,85.8,83.1,0.91,170,396.7,7.88,8.97,72.0
A1685,running,24,F,10,68.1,95.0,79.3,1.04,157,224.6,7.42,9.99,73.2
A1686,rowing,28,F,3,58.0,83.9,73.0,1.09,185,380.2,9.09,9.03,60.5
A1687,cycling,35,M,9,68.1,87.6,80.3,1.45,158,332.8,7.96,8.84,92.2
A1688,cycling,18,F,10,57.1,87.5,73.2,1.01,189,384.4,9.41,6.29,98.3
A1689,running,20,M,4,68.8,88.2,78.0,1.41,170,383.1,9.92,5.02,71.6
A1690,cycling,21,M,2,50.8,72.8,88.9,1.15,200,378.3,7.13,6.13,64.5
A1691,cycling,30,M,10,57.1,83.0,76.8,1.42,150,377.1,9.98,8.95,98.1
A1692,rowing,23,M,5,62.5,83.8,73.1,1.29,153,223.5,7.76,5.54,89.6
A1693,cycling,31,F,2,51.1,72.6,81.6,1.3,159,228.7,8.26,6.48,95.6
A1694,rowing,22,F,14,54.7,74.0,82.0,1.16,175,223.6,9.33,7.81,74.4
A1695,running,33,F,10,73.4,90.5,73.9,1.39,189,218.2,9.0,7.9,79.4
A1696,cycling,32,F,6,74.4,83.3,73.9,0.98,152,270.7,9.34,7.71,97.2
A1697,running,32,M,11,68.5,66.0,89.8,1.44,193,336.8,8.4,9.9,78.4
A1698,running,21,M,10,56.3,93.5,74.9,1.25,158,270.9,9.75,5.06,86.9
A1699,cycling,25,M,1,56.5,95.3,86.8,1.11,181,344.1,9.37,7.44,88.2
A1700,cycling,33,F,14,66.1,78.6,79.4,1.49,152,364.1,7.93,7.52,93.5
A1701,running,33,M,6,52.9,68.4,78.7,1.4,153,333.2,9.85,6.47,99.0
A1702,cycling,21,M,4,73.7,97.9,75.9,1.34,155,293.0,9.88,7.63,73.4
A1703,rowing,30,M,3,55.6,95.3,85.5,0.99,158,259.1,8.25,8.37,69.9
A1704,rowing,30,M,2,75.0,69.8,87.6,1.48,175,224.9,8.96,8.36,63.1
A1705,cycling,19,F,7,62.4,63.8,75.2,1.32,151,298.7,9.44,5.44,94.3
A1706,running,20,M,9,69.3,77.6,71.9,1.22,151,343.9,9.45,9.01,71.7
A1707,cycling,25,M,12,50.1,87.1,72.7,1.45,199,309.6,7.04,9.65,62.0
A1708,cycling,32,F,3,72.2,67.0,85.9,0.91,170,344.3,8.89,5.62,94.6
A1709,running,28,F,6,56.8,80.5,78.7,0.9,171,267.0,9.92,7.08,80.4
A1710,running,26,F,9,66.7,77.0,72.6,1.19,152,213.4,7.69,7.56,93.5
A1711,rowing,24,M,2,70.2,95.6,76.8,0.84,184,354.2,9.39,5.67,82.2
A1712,running,30,M,7,54.1,77.2,80.3,1.26,199,243.9,8.6,7.52,72.5
A1713,rowing,19,M,5,61.1,81.4,87.0,0.97,187,323.3,7.66,6.03,65.2
A1714,running,25,M,5,62.3,98.2,82.8,0.88,182,360.9,7.15,9.68,77.5
A1715,cycling,24,F,11,57.8,72.0,73.5,1.09,164,227.8,9.28,7.24,61.1
A1716,rowing,29,M,7,62.0,71.6,73.2,1.13,160,319.7,7.95,9.97,84.1
A1717,rowing,24,M,9,57.9,92.0,78.2,0.92,159,337.9,8.13,5.23,77.1
A1718,rowing,27,F,4,59.0,71.1,71.5,0.83,185,349.3,8.46,5.64,65.7
A1719,cycling,33,F,9,66.7,93.3,85.1,1.09,163,229.5,8.52,7.22,81.2
A1720,cycling,20,F,15,65.8,63.8,78.0,1.33,151,365.0,7.62,9.37,92.0
A1721,cycling,27,M,14,55.8,64.5,76.9,1.41,194,218.8,9.01,7.78,99.0
A1722,cycling,23,M,13,72.4,96.1,80.2,0.87,197,303.9,9.08,8.66,81.1
A1723,cycling,35,M,11,71.6,81.6,84.2,1.17,193,288.7,7.43,7.12,65.2
A1724,rowing,35,M,10,62.7,88.8,81.4,0.98,186,244.4,8.6,5.2,92.4
A1725,cycling,22,M,9,60.8,69.0,86.0,1.06,200,260.4,8.83,8.24,87.8
A1726,rowing,24,F,13,59.4,66.7,82.6,1.45,178,232.9,7.56,8.17,98.2
A1727,cycling,19,F,4,67.7,93.4,85.8,1.05,184,285.1,9.68,5.36,81.4
A1728,running,28,M,3,66.8,74.3,83.9,1.06,169,207.1,8.45,5.85,74.3
A1729,rowing,30,M,2,54.9,78.2,73.9,0.95,170,377.8,7.35,7.38,98.5
A1730,running,22,M,9,66.8,61.1,71.0,1.47,183,232.7,8.0,7.23,81.5
A1731,rowing,23,M,12,56.3,75.4,88.1,1.12,198,377.2,8.43,8.76,60.6
A1732,running,31,M,2,50.5,90.8,88.9,1.2,192,372.7,7.03,6.94,78.9
A1733,cycling,29,F,6,67.5,92.9,84.5,1.12,182,290.3,7.1,8.32,60.1
A1734,cycling,21,F,5,66.1,88.0,84.5,0.98,168,299.5,7.17,8.52,89.5
A1735,cycling,23,F,14,60.3,87.7,75.4,1.37,157,260.4,8.61,8.23,82.6
A1736,rowing,27,M,5,63.1,80.2,80.8,0.82,180,399.4,8.01,7.98,64.4
A1737,running,35,M,4,73.7,81.5,89.8,1.28,160,334.2,9.68,9.03,92.5
A1738,cycling,32,F,6,64.9,89.7,87.1,1.22,157,390.4,8.68,8.29,81.5
A1739,running,25,F,5,66.4,69.9,76.1,0.9,174,283.0,9.28,9.17,64.6
A1740,running,26,M,11,51.6,69.3,76.0,0.92,198,376.6,9.06,8.18,66.4
A1741,cycling,22,F,4,54.1,98.0,79.7,1.26,169,289.6,8.56,5.79,92.9
A1742,cycling,27,F,13,57.5,61.1,78.1,1.02,187,373.4,9.23,6.55,74.2
A1743,running,23,M,9,63.5,65.6,77.4,0.99,156,226.2,8.63,6.65,92.8
A1744,cycling,33,F,13,69.4,82.8,82.5,0.84,162,327.4,8.16,5.47,62.8
A1745,cycling,20,F,6,58.0,89.5,70.2,1.34,188,335.7,8.31,8.46,69.8
A1746,cycling,27,F,11,58.9,81.5,85.3,1.42,192,331.2,9.52,7.98,90.6
A1747,rowing,28,M,10,56.4,74.2,84.8,1.37,159,289.4,8.69,7.95,85.7
A1748,running,28,F,10,56.4,99.1,86.6,1.13,157,336.8,8.13,7.39,72.3
A1749,running,34,F,13,73.7,88.2,86.8,1.17,191,247.9,7.54,7.72,97.4
A1750,rowing,21,F,10,65.9,93.3,81.3,0.97,192,319.2,8.49,5.04,68.4
A1751,running,21,M,13,53.9,61.6,85.6,0.92,169,310.8,7.76,5.48,94.0
A1752,cycling,34,M,3,68.1,69.4,79.8,1.38,166,263.7,9.87,8.42,87.8
A1753,running,26,F,10,68.1,75.0,89.0,1.36,160,355.8,8.47,6.31,64.8
A1754,cycling,22,M,6,66.7,67.3,73.8,1.34,165,216.2,7.03,5.54,82.2
A1755,rowing,23,F,14,53.4,62.9,88.3,1.12,186,234.3,7.28,6.64,97.2
A1756,cycling,20,M,1,60.2,69.0,75.2,1.41,191,294.2,7.85,6.27,84.8
A1757,running,18,M,5,52.7,81.3,72.1,1.45,181,378.3,7.28,5.15,81.2
A1758,running,33,F,10,70.4,87.8,78.8,1.03,175,315.0,9.68,7.05,74.7
A1759,running,28,F,6,66.4,91.0,82.3,0.96,186,368.4,9.56,5.14,91.6
A1760,rowing,30,F,15,62.7,61.7,74.6,1.12,158,303.5,9.91,5.0,96.5
A1761,rowing,27,M,11,58.6,77.1,81.1,0.93,184,357.1,9.12,8.96,90.1
A1762,running,20,F,8,54.6,64.9,86.2,1.42,152,265.2,8.94,6.57,89.0
A1763,cycling,26,M,11,52.7,77.2,75.1,1.04,180,363.0,9.77,7.84,67.7
A1764,rowing,29,M,15,74.2,77.4,81.6,1.2,191,280.3,9.84,6.49,93.4
A1765,running,31,F,15,55.0,79.9,76.8,1.22,156,311.8,9.63,9.65,61.6
A1766,running,18,M,9,51.5,95.7,80.6,1.16,151,235.2,9.58,8.65,90.3
A1767,rowing,35,F,11,74.0,92.2,83.3,0.91,174,384.1,9.02,6.85,68.4
A1768,rowing,34,M,3,63.7,85.5,77.0,1.49,189,340.3,7.0,6.05,79.5
A1769,rowing,26,F,2,69.9,95.4,89.9,0.92,161,371.8,8.29,5.69,87.8
A1770,cycling,26,M,13,51.1,87.1,81.3,1.33,179,241.6,8.91,8.81,90.4
A1771,cycling,27,M,4,64.2,92.8,86.5,1.35,179,213.5,8.64,7.27,95.5
A1772,running,32,F,8,60.0,82.6,84.5,0.9,178,267.4,9.46,6.16,71.3
A1773,rowing,22,M,11,69.3,81.0,87.1,1.45,190,303.3,9.46,9.6,69.0
A1774,cycling,32,F,8,51.0,89.0,73.5,1.14,160,360.5,8.8,6.95,99.8
A1775,rowing,19,M,3,60.0,60.8,74.5,1.24,200,279.5,7.07,7.72,68.3
A1776,running,30,M,4,70.0,87.6,79.7,1.25,172,254.0,8.11,9.29,86.6
A1777,cycling,33,M,3,63.1,97.4,87.0,1.15,166,274.5,7.69,9.17,98.1
A1778,cycling,32,F,10,63.8,88.6,74.0,0.9,162,340.7,8.02,8.19,95.9
A1779,cycling,27,F,2,52.4,61.5,89.4,1.33,182,267.2,8.85,9.44,77.7
A1780,running,31,F,4,53.3,75.1,72.6,1.21,150,395.8,7.2,9.76,85.5
A1781,rowing,27,F,6,66.9,92.4,73.5,0.88,189,235.0,7.07,9.68,81.2
A1782,cycling,31,F,11,66.9,98.3,73.3,1.29,162,350.6,8.31,6.75,73.9
A1783,running,26,M,14,74.5,74.8,81.7,1.29,187,317.8,9.38,6.99,65.8
A1784,rowing,31,M,11,67.8,93.6,88.4,1.18,152,246.6,7.09,6.2,92.1
A1785,running,20,F,5,62.3,94.6,75.1,0.86,165,350.7,9.55,9.18,63.6
A1786,rowing,33,M,3,71.4,64.9,81.1,1.05,191,289.5,8.15,5.61,84.4
A1787,running,19,M,2,52.6,93.8,73.5,0.84,156,336.5,7.35,6.78,83.8
A1788,rowing,27,M,9,61.2,73.0,82.6,1.13,152,332.5,8.7,5.05,73.4
A1789,cycling,20,M,15,57.2,83.7,72.5,1.43,163,222.1,9.86,7.97,65.4
A1790,rowing,28,F,1,52.6,81.6,79.8,0.8,165,368.0,8.63,8.29,92.0
A1791,running,28,M,9,69.1,86.5,83.1,0.99,153,336.3,9.06,6.24,78.5
A1792,running,30,F,1,62.8,89.6,81.6,1.36,180,356.1,9.45,8.68,89.0
A1793,rowing,24,F,15,63.9,77.6,72.8,0.81,162,289.6,9.4,6.91,60.7
A1794,cycling,34,M,14,60.3,95.5,73.2,0.81,176,239.0,7.22,6.56,63.0
A1795,cycling,19,F,7,61.5,92.4,83.4,1.23,150,265.2,9.22,9.78,67.0
A1796,rowing,29,M,6,52.9,91.4,86.2,1.35,174,380.3,9.85,7.94,64.6
A1797,rowing,27,M,7,66.8,78.3,88.2,1.34,186,387.6,9.1,6.26,67.7
A1798,running,35,M,15,60.8,61.5,86.3,1.35,199,296.4,9.51,9.92,87.5
A1799,cycling,28,F,3,70.4,79.7,89.5,1.05,193,259.8,8.46,6.94,61.9
A1800,rowing,33,F,14,54.9,95.9,78.2,1.42,160,346.1,7.96,8.24,61.5
A1801,cycling,34,F,3,55.1,67.6,76.6,0.81,158,353.2,9.03,8.62,61.3
A1802,rowing,35,M,13,66.1,99.3,70.6,1.02,156,363.1,8.48,7.11,87.9
A1803,rowing,20,M,11,71.2,92.3,79.0,1.04,163,206.2,9.69,7.68,81.4
A1804,cycling,33,M,1,61.8,88.4,83.0,0.92,179,201.9,9.92,6.2,74.8
A1805,rowing,23,F,4,68.2,87.1,86.3,1.04,173,271.4,9.46,7.33,87.0
A1806,rowing,29,M,12,75.0,83.5,75.3,1.21,152,230.5,9.98,6.55,82.1
A1807,running,28,M,2,74.8,88.8,80.3,1.16,197,361.0,8.05,7.74,60.3
A1808,rowing,32,F,10,68.6,76.9,83.2,1.02,188,306.6,9.69,8.35,93.5
A1809,rowing,32,F,8,68.5,93.8,81.0,1.32,176,365.1,7.99,8.07,74.0
A1810,rowing,33,F,3,56.2,87.9,75.5,1.3,150,235.4,7.35,8.88,76.0
A1811,running,27,M,7,70.8,90.9,85.9,1.0,187,325.4,8.86,5.21,91.3
A1812,cycling,29,M,7,60.1,91.7,73.5,1.03,175,316.0,8.36,5.39,67.5
A1813,running,30,M,12,74.0,63.7,88.1,1.0,155,268.1,9.77,6.03,60.4
A1814,running,21,F,9,52.0,62.2,89.1,0.89,191,303.4,8.48,9.93,96.4
A1815,cycling,24,F,6,60.9,92.0,77.3,1.33,161,317.8,9.78,9.0,80.2
A1816,running,19,F,1,63.9,70.4,77.5,0.83,200,377.9,7.24,9.62,74.0
A1817,cycling,32,F,8,60.1,83.3,84.9,0.91,187,211.1,9.49,6.36,92.8
A1818,running,25,M,1,55.3,77.7,79.1,0.87,195,364.7,9.28,7.87,61.1
A1819,cycling,24,M,3,64.8,60.9,70.6,1.38,184,396.0,9.16,7.77,68.1
A1820,rowing,32,M,11,68.9,61.6,88.4,0.83,159,346.4,8.07,7.85,66.2
A1821,running,31,M,5,66.1,93.1,78.6,1.27,158,347.5,9.35,8.59,89.5
A1822,running,25,M,8,55.9,84.3,74.1,0.83,172,243.6,8.45,6.97,72.5
A1823,running,29,M,9,68.3,81.0,81.1,1.35,179,304.6,9.15,8.39,90.9
A1824,running,30,M,15,56.4,97.8,74.4,1.44,200,341.2,8.66,8.94,61.7
A1825,rowing,28,M,7,54.4,66.9,74.1,1.14,171,320.5,7.47,6.45,84.3
A1826,running,34,F,9,67.3,70.3,80.9,1.36,196,277.0,7.19,9.73,72.7
A1827,rowing,34,F,11,71.1,90.3,77.8,1.29,158,388.0,8.1,7.59,67.5
A1828,rowing,21,M,3,62.0,91.0,81.5,1.36,168,302.8,9.8,8.66,92.7
A1829,rowing,25,F,13,63.3,76.2,89.9,1.34,157,394.0,8.59,8.64,76.5
A1830,rowing,22,M,5,57.6,98.0,87.2,0.94,153,312.8,9.41,7.83,82.9
A1831,cycling,33,M,10,62.4,97.5,70.2,1.15,154,358.7,8.73,6.61,61.3
A1832,cycling,21,F,8,53.3,60.5,71.0,1.47,168,348.4,9.87,8.33,91.7
A1833,running,32,M,12,73.9,66.9,82.2,1.04,195,332.2,8.11,5.44,71.5
A1834,cycling,29,M,1,70.0,92.8,82.5,1.48,167,202.9,7.17,9.91,87.7
A1835,cycling,22,M,8,66.7,73.4,87.6,1.21,178,215.5,9.34,5.92,90.4
A1836,running,33,M,7,63.5,63.8,82.6,1.12,168,316.3,9.12,6.38,64.7
A1837,running,31,M,1,69.8,91.4,74.6,1.26,155,382.4,8.58,9.77,71.8
A1838,running,27,M,13,62.4,78.2,79.4,1.37,154,320.2,7.98,5.93,88.9
A1839,cycling,24,M,13,57.5,79.7,86.2,1.08,192,247.2,7.56,5.85,69.3
A1840,cycling,30,F,10,54.0,67.5,88.5,0.82,154,264.0,8.45,9.02,93.9
A1841,running,22,F,12,66.2,86.4,74.7,1.3,157,324.6,9.0,6.26,72.5
A1842,rowing,20,M,10,73.2,82.0,80.8,1.47,176,319.4,8.74,5.47,76.1
A1843,running,32,F,15,53.8,68.3,73.2,1.24,186,391.1,8.31,6.13,64.0
A1844,rowing,21,M,12,54.5,73.6,79.9,0.93,192,305.8,8.62,9.44,65.9
A1845,rowing,32,M,6,60.8,83.9,71.8,0.97,194,271.0,7.32,6.4,71.0
A1846,running,31,M,1,70.2,97.0,88.8,1.44,187,305.0,9.09,8.48,62.0
A1847,running,30,M,2,57.3,96.8,82.8,0.81,186,357.2,9.2,6.98,67.7
A1848,running,27,F,5,56.3,71.5,87.1,1.18,167,308.1,7.03,6.31,76.4
A1849,cycling,22,F,2,65.5,89.4,90.0,0.91,175,265.2,7.81,5.72,75.2
A1850,rowing,23,F,14,63.4,91.0,73.7,1.0,191,267.7,7.28,9.86,67.9
A1851,cycling,21,F,10,51.5,92.4,83.9,1.01,165,351.4,9.99,7.61,63.2
A1852,cycling,19,M,1,52.0,82.8,87.7,0.95,171,213.3,8.78,5.57,72.7
A1853,running,33,F,6,66.1,60.4,81.5,1.35,195,255.0,8.4,5.99,89.8
A1854,cycling,35,M,8,61.6,90.5,82.8,1.03,172,230.6,8.39,7.04,80.4
A1855,running,22,M,8,74.3,64.3,78.2,1.04,196,388.9,9.89,7.72,97.9
A1856,rowing,21,F,13,67.0,64.7,83.5,1.12,152,218.0,8.98,5.91,65.6
A1857,running,30,M,13,50.3,84.2,77.9,1.43,152,351.6,7.51,6.39,68.3
A1858,cycling,19,F,8,62.0,99.3,79.5,1.28,161,326.1,8.34,8.92,71.2
A1859,cycling,30,F,11,60.4,69.7,72.1,0.84,172,326.6,9.32,7.09,60.5
A1860,running,28,F,6,52.7,85.8,70.2,0.83,196,352.7,8.27,5.01,97.7
A1861,running,21,F,11,73.1,72.1,71.1,1.2,160,280.1,7.93,5.27,77.8
A1862,cycling,32,F,3,70.1,95.9,73.9,1.42,191,280.1,9.97,7.2,79.3
A1863,rowing,21,M,1,55.8,83.7,79.1,1.03,196,257.7,9.81,5.3,66.3
A1864,rowing,26,F,2,56.4,68.3,70.4,0.97,199,319.6,9.82,5.87,94.9
A1865,running,24,F,5,50.8,70.5,73.1,1.32,195,386.0,7.4,8.64,87.7
A1866,rowing,23,M,13,57.4,77.3,85.6,1.22,178,384.8,7.7,7.4,77.3
A1867,cycling,23,F,10,64.6,64.9,85.2,1.2,155,340.6,8.33,7.41,95.1
A1868,running,32,F,5,60.5,63.1,85.8,0.9,195,381.2,9.5,7.99,96.2
A1869,cycling,32,M,10,74.2,87.2,88.4,0.92,165,392.7,9.21,8.94,62.0
A1870,cycling,26,M,14,51.4,76.3,72.4,1.0,183,359.0,9.55,5.79,64.8
A1871,rowing,21,F,1,64.8,89.0,73.3,0.94,200,281.6,9.76,5.87,61.1
A1872,running,35,M,1,71.5,64.4,76.7,1.48,186,296.6,9.34,5.61,83.3
A1873,running,35,F,15,62.0,84.4,88.3,0.81,160,386.3,7.79,9.68,68.7
A1874,rowing,22,M,9,50.1,77.7,85.5,1.24,160,334.0,7.86,7.89,93.8
A1875,cycling,28,F,2,56.1,62.3,76.5,1.16,174,364.1,8.06,5.46,78.6
A1876,cycling,22,F,7,58.1,81.8,71.8,1.03,168,223.2,7.91,6.1,93.5
A1877,cycling,21,F,10,74.1,63.3,82.3,1.42,181,238.8,7.75,8.63,82.2
A1878,cycling,29,M,4,72.8,93.1,75.1,1.27,199,268.8,9.26,5.14,91.8
A1879,running,19,F,7,73.7,85.3,80.6,1.5,157,237.6,7.1,8.63,74.9
A1880,running,30,M,8,70.6,82.3,88.8,0.92,161,381.3,9.19,9.56,97.8
A1881,rowing,27,F,5,58.8,65.3,81.5,0.86,190,243.4,9.47,5.28,86.7
A1882,rowing,26,F,13,72.6,71.5,88.5,0.9,184,311.4,7.2,5.93,83.8
A1883,running,27,F,12,74.5,79.7,77.9,0.99,155,217.1,7.19,5.01,74.1
A1884,running,24,F,12,58.8,85.3,82.7,1.09,170,231.0,7.86,5.55,97.5
A1885,cycling,21,F,1,56.5,67.3,87.9,1.4,175,249.5,7.62,8.08,73.5
A1886,cycling,27,M,4,63.7,60.4,81.8,1.0,150,396.6,8.74,5.22,93.4
A1887,rowing,20,M,10,54.7,73.8,82.3,1.44,166,359.4,9.03,7.13,76.2
A1888,running,19,M,3,50.8,79.3,84.3,1.12,184,334.7,8.9,7.52,90.7
A1889,rowing,27,F,10,73.6,67.4,87.6,1.25,176,383.3,8.07,9.53,96.5
A1890,running,19,F,15,73.1,79.7,71.8,0.99,199,391.2,8.5,7.37,78.6
A1891,cycling,19,M,12,54.1,73.5,76.7,0.91,199,290.7,8.92,5.71,81.0
A1892,rowing,34,F,5,60.2,78.2,78.0,1.41,151,265.5,7.36,6.45,73.2
A1893,rowing,33,F,10,70.8,73.9,88.2,0.88,185,263.1,7.69,8.36,62.2
A1894,running,33,F,13,66.5,85.1,89.1,1.34,150,207.1,9.67,5.56,86.1
A1895,cycling,31,M,10,59.9,61.7,72.4,1.21,159,255.9,8.03,6.16,64.8
A1896,rowing,24,M,13,68.6,66.8,72.4,1.4,180,271.0,9.4,9.98,74.2
A1897,cycling,28,M,6,72.4,77.3,88.7,1.3,186,207.4,7.75,5.03,74.0
A1898,rowing,18,M,2,73.2,74.3,75.9,1.0,154,376.5,7.12,5.76,66.0
A1899,cycling,28,M,7,59.5,75.7,74.8,1.2,190,369.6,8.5,9.22,86.7
A1900,running,21,F,13,54.3,92.2,70.7,0.81,195,250.3,9.68,5.51,67.0
A1901,rowing,24,F,3,72.8,95.5,75.5,1.13,162,360.5,9.46,5.17,91.1
A1902,rowing,32,F,15,52.3,69.9,83.9,0.86,194,359.2,7.76,5.61,70.0
A1903,cycling,35,F,1,68.0,93.5,78.5,1.1,173,267.0,9.73,8.47,71.5
A1904,cycling,29,M,10,53.5,78.4,80.3,0.88,176,339.4,8.44,9.97,73.7
A1905,rowing,34,M,3,59.7,71.0,88.3,1.47,150,258.0,7.15,7.95,66.1
A1906,running,18,F,9,60.3,99.4,72.3,1.17,198,214.1,7.08,5.62,77.4
A1907,cycling,28,M,10,54.0,93.0,71.4,1.44,169,301.0,8.46,5.92,63.2
A1908,cycling,18,F,11,73.1,99.8,87.0,0.82,157,287.7,8.64,7.69,77.1
A1909,cycling,32,F,11,50.1,66.7,85.5,1.25,152,227.6,7.24,8.58,73.6
A1910,rowing,27,F,15,72.3,65.8,75.3,1.01,198,298.1,9.77,8.31,73.5
A1911,rowing,24,F,6,72.1,80.1,76.5,1.1,181,389.9,9.15,7.87,86.4
A1912,rowing,19,M,11,57.9,85.5,76.2,1.41,193,346.3,9.4,9.93,90.8
A1913,rowing,27,F,6,67.6,66.8,83.0,1.49,174,347.8,8.75,5.99,74.2
A1914,running,21,M,4,56.3,94.4,71.2,0.97,174,351.5,8.99,5.86,70.5
A1915,running,29,F,15,69.0,81.3,79.8,1.46,199,348.9,8.16,9.3,79.8
A1916,rowing,28,F,8,64.0,76.4,72.7,1.28,163,204.0,9.04,6.45,91.5
A1917,running,25,F,5,57.5,84.1,86.4,1.47,192,384.9,9.93,6.66,85.8
A1918,cycling,35,F,7,60.0,85.4,77.6,1.19,176,366.0,8.94,7.74,61.5
A1919,cycling,28,M,9,67.2,61.7,80.6,1.47,197,254.9,8.02,6.91,79.2
A1920,cycling,28,F,13,72.7,100.0,70.6,1.42,181,310.5,7.86,6.44,99.6
A1921,rowing,30,M,13,53.3,74.6,71.2,0.89,176,323.0,9.89,9.59,74.1
A1922,cycling,20,F,14,64.3,62.5,83.5,1.02,153,226.4,7.56,5.65,77.6
A1923,running,29,F,5,56.3,94.1,85.3,0.97,199,250.8,9.42,7.02,71.5
A1924,rowing,20,F,11,70.0,99.7,84.2,1.2,188,204.7,8.4,5.01,79.9
A1925,running,27,M,14,51.8,92.7,84.7,1.36,160,372.8,8.33,9.04,66.4
A1926,cycling,34,F,5,67.2,94.1,72.1,1.33,197,205.0,9.24,5.84,69.9
A1927,cycling,19,F,14,54.4,85.0,83.9,1.31,197,263.7,7.44,8.86,88.5
A1928,cycling,34,F,4,64.9,96.9,73.6,1.06,152,215.6,8.4,5.74,65.5
A1929,rowing,33,F,6,70.9,61.4,72.0,0.9,174,356.3,7.11,7.08,97.0
A1930,running,19,F,2,68.9,90.7,85.1,0.95,173,385.0,9.01,8.64,72.3
A1931,rowing,23,M,3,68.8,86.8,87.8,1.32,158,312.6,7.18,6.35,83.0
A1932,rowing,27,M,1,62.9,62.0,84.3,0.9,157,227.9,7.26,6.57,72.9
A1933,cycling,27,F,2,72.3,81.8,86.1,0.96,188,311.6,9.53,8.34,79.1
A1934,rowing,25,F,2,64.7,80.6,89.8,1.1,180,354.1,8.33,5.94,96.2
A1935,rowing,18,M,8,72.9,87.7,72.7,0.85,166,343.7,7.6,9.76,62.7
A1936,cycling,30,F,8,63.7,63.1,89.3,0.95,192,348.3,8.78,5.94,94.3
A1937,rowing,26,M,2,62.6,92.2,82.0,0.9,180,255.8,8.56,8.75,82.3
A1938,cycling,27,F,13,55.6,65.6,86.3,1.47,153,214.7,8.23,9.01,86.6
A1939,cycling,32,F,14,63.6,76.7,83.0,0.93,153,229.8,9.72,6.87,62.2
A1940,cycling,22,M,6,53.5,95.3,81.4,1.4,186,391.1,9.25,5.78,90.5
A1941,cycling,33,F,15,71.7,82.4,84.1,0.88,157,322.7,7.45,5.83,65.1
A1942,rowing,30,M,5,66.9,75.2,76.4,1.41,191,345.6,8.71,9.93,98.6
A1943,cycling,35,M,3,74.8,61.9,88.5,1.22,198,379.8,7.27,8.63,92.0
A1944,cycling,28,M,5,52.3,86.9,72.3,1.39,155,370.6,7.73,7.25,79.7
A1945,rowing,26,F,5,56.0,99.5,76.4,1.41,158,243.7,9.73,6.29,97.0
A1946,rowing,33,M,5,71.9,96.5,70.6,1.22,191,211.6,8.39,5.09,66.8
A1947,running,19,M,3,59.9,88.7,75.4,1.44,157,385.0,9.68,8.35,99.7
A1948,rowing,19,F,15,61.7,64.2,74.4,1.21,181,396.3,7.5,9.78,88.7
A1949,rowing,29,F,3,71.5,69.6,71.0,1.3,164,313.5,7.62,5.53,63.9
A1950,running,25,F,4,63.0,67.5,79.8,1.09,167,377.7,8.06,8.77,81.5
A1951,rowing,26,F,7,54.8,74.2,79.4,1.44,172,246.4,8.1,5.77,88.4
A1952,rowing,29,F,12,72.3,69.4,71.6,1.38,154,222.2,9.24,8.96,84.5
A1953,rowing,26,F,12,50.8,69.8,75.2,0.92,199,300.0,8.8,6.85,77.0
A1954,rowing,27,M,12,72.4,84.7,89.1,1.2,176,362.2,8.66,8.56,69.9
A1955,running,19,F,14,51.3,72.7,72.2,1.43,182,330.9,8.81,9.63,69.5
A1956,rowing,33,M,2,66.6,87.1,76.1,1.36,151,327.5,9.2,8.1,97.1
A1957,rowing,24,F,10,51.8,97.9,70.7,1.47,191,203.5,9.68,9.6,69.4
A1958,running,19,M,4,67.7,85.5,73.0,0.96,187,263.5,8.24,6.18,98.5
A1959,cycling,18,M,4,50.8,90.1,84.0,1.06,177,387.9,9.41,9.89,68.4
A1960,running,21,F,1,71.1,90.1,77.3,1.16,173,226.9,8.49,9.36,75.4
A1961,cycling,19,F,10,61.6,73.2,79.0,0.96,200,345.3,9.17,5.54,60.5
A1962,running,31,M,8,52.3,60.6,73.1,1.08,170,351.9,9.62,7.07,96.1
A1963,running,19,F,1,67.7,62.2,83.6,1.18,180,346.6,7.1,9.64,64.2
A1964,rowing,32,F,8,62.2,71.3,85.0,0.93,160,397.9,8.64,5.39,74.3
A1965,cycling,29,M,7,54.8,87.6,73.6,0.98,199,281.8,9.97,7.27,93.7
A1966,rowing,22,M,9,50.4,96.3,70.9,0.89,177,336.4,8.49,8.62,91.7
A1967,cycling,24,M,8,60.4,98.4,71.6,1.3,197,238.7,9.59,5.17,93.7
A1968,running,27,F,5,52.1,61.0,83.1,1.05,189,279.9,7.56,8.76,96.6
A1969,running,31,F,8,52.4,99.6,72.7,0.95,153,298.3,8.81,6.81,96.4
A1970,cycling,31,F,14,56.7,72.9,79.9,1.16,192,243.0,9.61,6.25,90.8
A1971,rowing,22,F,15,65.8,93.7,73.1,0.85,191,381.4,8.29,7.88,83.3
A1972,rowing,35,M,11,63.2,67.2,73.4,1.45,165,343.2,8.46,7.72,82.5
A1973,rowing,31,F,10,51.7,62.5,70.1,1.01,161,256.8,7.25,9.37,60.5
A1974,rowing,19,M,12,74.2,75.1,76.4,1.42,171,227.0,7.13,8.38,88.9
A1975,running,29,F,15,72.2,94.4,71.8,1.15,184,257.6,8.41,7.11,69.1
A1976,running,23,F,12,56.5,68.8,77.9,1.4,192,324.6,9.53,8.25,93.1
A1977,running,21,M,3,53.1,66.2,82.0,0.97,165,365.3,9.79,8.75,82.2
A1978,running,30,F,15,73.6,96.4,77.4,0.92,173,300.6,8.98,9.69,99.5
A1979,running,21,F,10,61.5,97.5,84.1,1.39,184,220.5,9.48,8.52,68.4
A1980,rowing,31,M,7,57.8,60.5,84.8,0.95,177,249.9,9.2,7.72,88.9
A1981,rowing,33,F,12,62.3,89.1,83.9,1.32,191,269.0,9.1,6.86,81.9
A1982,rowing,21,M,4,69.3,72.4,88.7,1.04,178,327.2,9.31,9.46,97.3
A1983,rowing,18,M,5,54.2,75.0,74.7,1.32,170,249.3,8.52,8.96,70.6
A1984,running,30,M,9,69.2,78.8,73.8,1.44,197,246.8,8.37,5.39,62.4
A1985,running,21,M,7,68.7,77.1,82.2,1.49,174,257.2,7.48,8.5,81.8
A1986,running,35,F,4,63.5,80.6,81.9,1.05,188,318.5,9.53,7.69,80.9
A1987,cycling,23,F,6,71.6,83.3,80.2,1.06,180,298.5,7.13,5.52,72.5
A1988,rowing,20,F,10,53.3,78.6,70.1,1.49,164,368.3,7.8,7.82,99.5
A1989,rowing,30,M,14,64.9,88.1,81.1,1.4,196,339.6,8.56,5.96,62.8
A1990,running,33,F,11,61.2,88.7,88.7,0.83,191,333.4,9.91,8.54,82.8
A1991,rowing,22,F,7,60.6,77.6,76.7,1.2,184,230.9,9.36,6.39,70.4
A1992,rowing,21,F,13,56.3,65.7,89.4,0.93,187,211.0,8.11,5.75,60.1
A1993,running,25,F,10,59.3,85.6,77.1,1.5,199,302.0,9.14,5.41,99.5
A1994,cycling,31,M,13,52.7,90.9,72.8,0.9,171,214.3,9.79,7.45,79.3
A1995,cycling,24,M,9,56.3,85.5,78.0,1.19,154,272.8,8.62,6.0,94.3
A1996,cycling,31,F,4,56.8,83.5,79.9,1.27,197,205.2,8.39,9.28,93.6
A1997,running,23,M,10,68.0,69.2,82.6,1.46,162,235.4,8.66,5.02,92.5
A1998,rowing,29,F,3,51.2,85.8,80.1,1.39,181,222.1,7.93,9.22,78.4
A1999,running,33,F,8,66.3,73.4,80.7,0.97,152,360.2,9.72,7.61,95.8
A2000,running,34,F,15,55.5,96.8,70.5,1.2,164,269.2,9.39,9.61,74.7
A2001,rowing,30,M,1,52.0,86.1,75.1,1.47,176,215.8,9.12,6.02,76.3
A2002,cycling,31,F,9,57.5,71.1,76.2,1.32,176,253.1,8.77,5.51,70.2
A2003,cycling,24,M,13,55.6,78.9,89.7,1.28,179,336.6,9.91,8.12,77.9
A2004,running,31,M,1,63.8,93.9,75.9,1.33,155,349.1,7.89,8.53,99.5
A2005,cycling,32,F,2,58.9,73.4,87.9,1.03,174,224.0,7.85,6.86,82.9
A2006,running,29,M,13,74.1,81.0,76.1,1.31,177,355.7,7.73,5.07,93.2
A2007,running,34,M,8,74.1,87.2,71.9,0.96,171,274.1,9.23,7.03,70.5
A2008,rowing,26,F,9,61.1,90.2,75.0,1.1,153,335.9,9.39,6.17,98.2
A2009,rowing,32,M,7,69.9,67.0,75.5,1.42,164,334.3,8.79,6.74,60.5
A2010,rowing,29,M,3,50.3,82.6,89.6,0.81,175,358.7,8.96,7.53,97.2
A2011,running,19,F,7,63.7,96.5,83.5,1.09,167,339.4,8.05,8.51,95.9
A2012,rowing,22,F,6,68.6,98.7,88.6,0.99,158,207.8,7.12,9.82,62.7
A2013,cycling,30,M,2,55.4,86.2,86.7,0.94,153,303.9,7.76,5.72,84.2
A2014,cycling,25,F,3,51.5,99.3,81.6,1.39,197,233.2,8.75,8.4,91.4
A2015,running,31,F,11,53.9,82.8,83.5,1.29,199,394.0,9.44,6.17,76.2
A2016,running,32,M,13,61.0,77.7,82.5,0.88,154,251.2,9.33,6.1,63.7
A2017,rowing,28,M,12,62.7,82.1,83.3,1.15,194,284.0,7.54,8.17,93.2
A2018,running,18,F,13,59.5,64.6,75.3,1.13,155,239.3,7.15,8.88,78.7
A2019,running,20,M,10,61.0,76.1,78.2,0.9,200,226.9,9.55,9.89,70.5
A2020,cycling,34,F,10,61.8,78.3,81.9,1.36,161,320.2,7.23,8.84,62.8
A2021,cycling,31,F,13,69.2,93.9,70.7,1.06,180,298.6,8.18,5.79,85.6
A2022,rowing,25,M,12,52.6,90.3,79.7,1.33,196,274.9,7.28,6.13,61.7
A2023,running,30,M,15,69.2,84.1,87.2,0.93,158,217.1,8.69,8.81,91.6
A2024,running,20,F,5,67.2,73.9,79.8,1.02,156,347.2,8.09,7.63,90.8
A2025,cycling,22,F,10,68.5,67.5,81.0,0.87,178,201.2,7.61,6.48,72.9
A2026,running,26,F,4,68.4,73.9,74.0,0.9,163,291.5,8.79,7.36,78.9
A2027,cycling,23,F,2,61.8,87.2,85.9,1.42,200,326.5,8.09,9.57,86.8
A2028,rowing,19,M,4,55.3,70.5,77.2,0.88,169,286.1,7.5,8.78,98.4
A2029,cycling,30,F,12,63.4,77.1,89.1,0.87,197,225.2,9.1,7.25,80.8
A2030,running,22,M,8,73.9,75.5,89.9,1.46,181,355.6,9.51,9.9,99.9
A2031,rowing,25,M,5,64.7,90.6,88.3,1.25,171,264.8,7.82,8.97,73.0
A2032,cycling,18,F,5,50.3,95.4,71.7,0.87,185,227.0,7.56,5.03,81.1
A2033,cycling,29,M,13,51.5,88.0,76.7,1.48,193,310.1,7.23,5.56,64.6
A2034,rowing,28,M,12,74.8,73.7,88.9,0.9,167,203.8,8.58,7.77,82.3
A2035,rowing,24,F,12,51.8,77.3,86.1,1.34,189,264.8,9.49,6.75,81.5
A2036,cycling,32,M,10,51.2,65.7,88.2,0.82,198,350.1,7.75,9.06,94.0
A2037,running,28,M,3,58.8,66.7,81.5,1.24,174,382.5,8.38,9.48,99.9
A2038,cycling,33,F,13,74.2,66.6,79.6,1.18,180,318.3,7.48,6.2,99.4
A2039,rowing,20,F,8,58.0,65.2,72.1,0.95,184,243.5,8.21,8.82,69.5
A2040,cycling,31,F,6,60.2,67.2,86.8,1.25,175,244.0,7.05,7.68,73.5
A2041,rowing,20,F,2,65.9,68.1,84.9,1.23,153,320.8,9.73,6.96,71.0
A2042,rowing,18,F,2,50.6,64.5,71.2,1.36,191,281.4,9.03,8.93,68.0
A2043,running,32,F,9,72.4,85.6,74.2,1.41,197,235.5,8.0,7.82,66.0
A2044,rowing,18,F,13,63.0,99.6,81.1,1.16,169,357.5,9.64,8.18,80.5
A2045,rowing,34,M,7,61.7,95.2,83.7,1.14,183,240.0,7.55,5.31,94.9
A2046,running,19,M,10,71.5,61.8,72.8,1.24,161,264.3,7.24,7.93,83.6
A2047,rowing,23,F,9,73.8,76.9,74.9,1.31,165,212.3,9.83,6.5,94.9
A2048,running,25,M,14,60.6,94.4,73.9,1.05,191,340.3,7.93,7.47,98.4
A2049,running,33,M,6,54.3,65.4,74.4,1.15,154,255.1,9.81,6.11,75.3
A2050,rowing,18,F,15,70.4,93.9,88.4,1.21,193,246.6,8.91,8.07,93.4
A2051,rowing,20,M,5,60.1,83.7,84.3,1.49,184,260.7,9.94,5.74,62.1
A2052,cycling,20,F,12,73.4,97.3,84.7,1.21,193,374.8,9.26,5.61,79.2
A2053,running,22,M,1,73.7,95.0,85.9,0.96,176,303.6,7.32,5.94,74.7
A2054,cycling,29,F,12,52.9,87.1,77.1,1.21,150,231.6,9.56,9.09,68.2
A2055,rowing,29,M,6,73.9,86.3,85.3,1.37,183,354.9,7.44,5.17,77.5
A2056,cycling,30,M,6,59.2,68.5,89.6,1.4,192,241.7,9.08,8.65,77.7
A2057,running,26,M,3,66.2,64.7,84.0,1.36,181,282.5,8.5,5.28,92.3
A2058,cycling,24,F,3,50.9,76.6,78.3,1.42,193,313.6,9.12,7.96,94.8
A2059,running,21,M,15,72.2,67.5,84.3,1.03,188,316.9,9.29,8.87,86.3
A2060,rowing,23,M,3,66.0,64.1,88.0,1.16,182,213.8,9.41,6.16,85.3
A2061,rowing,30,F,3,66.1,72.1,72.6,1.35,180,367.4,9.5,5.98,64.4
A2062,running,28,F,7,72.6,94.4,75.3,0.99,162,295.9,9.54,6.45,83.0
A2063,rowing,30,M,10,62.7,60.7,88.4,1.06,194,397.9,8.24,8.5,71.0
A2064,rowing,30,M,11,60.3,71.7,88.9,1.38,151,343.5,9.67,6.27,71.8
A2065,rowing,32,M,2,71.7,77.0,79.7,1.34,179,398.5,9.16,7.51,63.8
A2066,rowing,30,M,10,68.6,80.4,77.5,1.48,159,290.7,9.52,5.67,85.4
A2067,running,28,F,13,73.7,67.3,75.7,1.5,172,228.2,9.97,7.31,83.4
A2068,cycling,25,M,10,73.5,98.6,80.0,0.97,182,345.5,7.35,8.12,68.8
A2069,cycling,25,M,2,59.6,83.2,88.7,1.43,188,355.6,8.11,5.36,70.5
A2070,rowing,27,F,3,61.2,80.9,73.0,0.87,194,370.6,9.42,9.08,90.9
A2071,cycling,33,M,10,56.4,60.4,78.4,1.3,178,260.3,7.26,9.69,91.7
A2072,cycling,28,M,12,66.5,79.4,88.2,0.95,179,302.1,8.62,5.97,79.7
A2073,rowing,30,M,7,59.1,93.5,77.0,1.01,183,371.5,9.58,8.8,66.0
A2074,rowing,26,F,3,69.7,68.8,85.4,1.46,188,372.9,7.06,6.57,62.2
A2075,cycling,33,F,7,53.0,74.0,77.8,0.98,166,205.1,9.82,8.38,70.9
A2076,running,24,M,9,52.9,60.8,86.1,1.27,171,334.2,9.93,6.53,89.2
A2077,rowing,29,M,11,55.1,99.1,89.6,0.92,154,320.3,7.97,9.31,84.0
A2078,running,32,F,10,52.1,62.7,77.8,0.87,160,216.7,9.3,6.74,88.7
A2079,cycling,31,M,12,65.5,95.9,86.9,1.04,171,386.0,7.38,9.24,78.9
A2080,rowing,28,M,15,53.7,72.5,89.8,1.24,181,289.1,9.32,8.83,90.2
A2081,running,27,F,11,54.0,83.5,89.7,0.97,173,334.9,8.44,5.98,79.2
A2082,rowing,28,F,4,50.4,87.2,78.7,1.01,160,376.6,9.58,5.78,63.4
A2083,cycling,23,F,7,69.6,65.6,79.7,1.3,160,226.0,7.64,8.9,63.2
A2084,running,19,M,9,70.3,77.8,76.1,0.87,166,371.2,9.02,6.95,93.3
A2085,cycling,28,M,14,54.1,73.0,76.3,1.11,181,344.9,9.36,9.75,85.2
A2086,cycling,23,M,8,68.5,62.3,79.8,1.46,168,367.9,7.61,9.71,71.2
A2087,rowing,31,M,8,60.8,93.3,74.0,1.08,176,299.0,9.45,8.47,90.3
A2088,running,23,F,9,56.0,61.8,84.2,1.1,181,206.7,9.87,7.5,65.4
A2089,cycling,34,M,14,65.5,86.1,80.7,1.32,174,334.1,8.85,5.97,85.8
A2090,cycling,27,M,5,54.5,72.6,88.0,1.35,177,274.9,9.35,9.41,99.6
A2091,running,18,F,14,68.9,67.7,86.2,1.34,189,280.5,8.6,5.41,66.0
A2092,cycling,20,F,5,51.2,86.7,76.4,1.5,176,288.3,8.79,6.85,65.7
A2093,cycling,25,M,3,74.0,83.0,80.1,0.85,163,298.6,7.04,6.6,78.7
A2094,running,25,F,5,51.8,72.6,85.0,1.49,191,332.4,8.57,9.79,85.7
A2095,running,32,F,8,64.5,80.5,73.9,1.47,188,345.4,8.73,5.59,61.1
A2096,running,24,M,12,72.6,69.8,70.6,1.4,151,355.4,9.01,9.45,80.0
A2097,running,28,M,5,50.3,94.5,87.0,1.12,166,334.3,7.51,7.28,63.3
A2098,rowing,24,M,4,62.5,72.6,72.8,1.41,150,360.7,7.72,5.24,69.7
A2099,running,21,M,8,58.8,69.8,87.8,0.95,194,224.4,9.27,8.64,88.5
A2100,rowing,29,F,7,64.5,90.1,88.3,1.35,181,367.4,7.5,5.5,89.6
A2101,rowing,23,F,15,55.6,60.7,79.2,0.93,168,277.5,8.25,6.19,89.2
A2102,rowing,31,M,14,51.6,70.7,86.1,1.37,163,305.8,7.75,9.0,62.6
A2103,cycling,29,M,14,65.6,75.0,77.3,1.23,180,286.8,8.64,5.77,91.5
A2104,rowing,28,F,6,60.4,95.3,87.2,0.87,167,295.1,9.96,6.63,77.3
A2105,rowing,22,M,5,65.6,98.0,86.5,1.43,163,257.1,9.56,6.8,79.0
A2106,cycling,31,M,14,55.3,88.7,71.6,1.2,196,234.0,7.81,7.94,76.8
A2107,cycling,33,M,5,58.5,79.7,81.7,1.26,163,221.0,8.11,8.95,94.3
A2108,cycling,30,M,13,64.0,85.6,82.8,1.0,173,290.3,9.76,6.15,87.2
A2109,running,21,F,10,64.8,76.6,70.0,1.41,154,225.1,9.69,6.03,80.0
A2110,cycling,28,M,2,59.3,72.0,89.6,1.18,165,249.0,7.48,6.11,93.4
A2111,cycling,34,F,13,57.0,98.0,78.1,1.09,154,226.7,9.49,6.91,92.2
A2112,rowing,24,M,15,56.8,64.6,80.3,1.17,162,221.8,7.89,7.68,60.2
A2113,cycling,31,M,4,54.4,73.9,73.9,1.29,165,376.5,8.63,5.07,79.2
A2114,running,28,F,8,58.1,96.0,82.2,1.29,164,334.8,7.02,8.9,61.7
A2115,cycling,26,M,8,55.0,88.9,86.2,1.05,180,384.8,10.0,9.63,72.3
A2116,running,30,F,11,65.8,61.2,81.7,1.07,154,328.8,9.28,9.22,92.2
A2117,cycling,35,M,1,64.2,60.9,85.8,1.19,170,368.8,7.73,5.19,97.8
A2118,cycling,28,M,2,59.6,80.7,84.6,1.45,179,311.1,9.05,7.62,69.7
A2119,cycling,32,M,5,58.1,79.4,74.8,1.32,172,292.5,7.88,9.07,60.9
A2120,cycling,18,M,9,55.9,77.7,78.7,1.07,187,305.7,7.27,6.72,76.1
A2121,running,21,M,10,63.4,72.1,73.0,1.04,178,264.0,8.28,9.49,73.4
A2122,running,31,F,11,73.0,99.5,70.8,1.17,162,331.6,8.84,9.43,87.1
A2123,rowing,31,F,12,67.1,70.9,71.3,1.41,181,379.4,7.27,5.71,79.8
A2124,running,20,M,13,68.6,79.6,88.8,0.81,197,356.5,8.56,7.47,76.0
A2125,cycling,34,M,11,70.9,76.2,89.7,1.3,191,292.4,8.54,5.13,69.2
A2126,rowing,20,F,7,58.8,66.8,71.9,1.01,176,390.8,8.89,6.41,93.1
A2127,rowing,33,F,10,51.6,68.1,76.7,0.95,183,397.1,7.73,9.06,69.9
A2128,rowing,31,M,5,65.6,96.7,72.3,0.81,194,298.6,7.06,9.88,62.2
A2129,cycling,30,M,1,54.7,94.3,86.7,1.43,198,372.9,7.97,9.57,82.6
A2130,running,32,F,15,64.2,68.0,79.9,1.44,182,201.0,8.2,5.21,72.7
A2131,cycling,31,M,15,68.5,95.0,82.4,0.84,153,213.3,8.91,9.63,88.5
A2132,rowing,23,F,6,69.6,68.4,80.8,1.17,167,204.5,9.79,9.11,63.2
A2133,cycling,27,M,12,57.5,85.1,84.2,0.91,155,354.6,7.61,9.34,98.7
A2134,cycling,32,F,8,62.8,63.3,76.4,1.33,177,216.0,9.06,9.57,67.5
A2135,running,23,F,7,65.5,95.2,72.7,1.27,193,203.4,7.29,7.44,74.3
A2136,running,27,M,2,70.5,62.1,70.4,1.01,176,229.5,7.57,6.06,79.2
A2137,rowing,24,F,12,69.0,82.2,78.9,0.88,175,261.3,8.53,5.11,95.6
A2138,cycling,34,M,5,74.7,91.2,88.2,1.38,169,292.9,9.13,5.12,88.9
A2139,cycling,35,M,14,50.2,64.7,76.1,1.27,162,213.1,9.58,8.21,65.8
A2140,running,34,M,11,60.9,76.2,73.9,0.8,177,299.8,9.23,6.69,77.5
A2141,cycling,26,M,4,56.4,61.7,88.5,1.24,183,249.6,7.05,7.48,81.7
A2142,cycling,27,F,9,53.0,87.3,72.1,1.37,198,254.9,9.05,5.66,88.1
A2143,cycling,27,M,10,72.8,72.3,71.0,1.21,172,364.4,9.47,9.88,82.9
A2144,running,24,M,1,74.9,82.4,87.6,1.1,159,397.4,8.58,5.65,78.3
A2145,rowing,33,M,12,54.5,97.3,84.0,1.21,200,292.8,9.9,7.22,90.6
A2146,rowing,35,M,6,51.0,72.2,78.4,1.23,179,264.4,7.01,7.22,75.1
A2147,cycling,23,F,3,56.9,61.9,85.0,1.25,171,386.3,9.46,5.04,99.5
A2148,rowing,18,M,11,70.9,87.0,84.8,1.48,154,300.1,8.0,8.34,97.9
A2149,running,18,F,9,57.3,91.5,70.8,0.93,193,346.1,8.95,7.69,88.3
A2150,running,29,F,5,51.4,98.3,83.5,1.24,199,282.7,9.08,7.49,95.3
A2151,rowing,19,F,13,51.3,66.3,82.8,0.93,158,240.5,7.92,9.09,75.7
A2152,rowing,21,M,6,60.7,75.7,89.3,0.95,192,331.0,9.99,6.21,83.3
A2153,cycling,34,M,11,73.3,93.8,89.3,1.27,153,333.0,7.31,9.31,70.9
A2154,rowing,21,M,9,57.1,92.3,77.6,1.44,191,292.0,7.47,9.32,95.4
A2155,cycling,28,M,9,60.7,85.0,81.8,0.91,150,254.0,9.68,9.13,78.8
A2156,cycling,21,F,8,52.5,70.8,72.8,1.47,183,366.4,7.36,6.71,81.4
A2157,running,18,F,9,62.3,71.4,71.3,1.02,190,255.1,8.14,5.81,94.6
A2158,running,24,M,4,67.4,65.0,78.7,1.07,175,331.8,9.2,7.38,91.9
A2159,running,35,M,6,56.8,96.9,83.8,0.91,167,276.8,9.37,6.3,72.9
A2160,running,26,M,5,57.4,66.9,81.4,1.23,165,294.5,9.86,5.26,63.5
A2161,rowing,20,M,5,71.0,82.9,78.6,1.22,172,242.3,9.37,6.4,66.5
A2162,running,25,M,4,50.3,83.4,86.4,1.11,195,329.9,9.53,7.35,73.6
A2163,rowing,21,M,2,65.9,74.8,85.9,1.13,185,245.2,9.85,5.56,72.2
A2164,running,35,M,12,59.8,74.1,84.6,1.24,175,297.1,8.66,9.72,61.5
A2165,rowing,28,F,6,57.5,86.7,71.5,1.21,151,265.7,8.03,8.28,77.3
A2166,cycling,31,F,9,66.4,75.5,85.9,1.06,193,392.7,9.28,5.68,64.2
A2167,rowing,35,F,12,70.9,70.2,88.4,1.42,154,396.4,7.49,9.06,68.8
A2168,rowing,33,F,1,64.0,76.0,71.2,1.27,178,350.7,7.2,9.64,91.5
A2169,running,20,M,14,50.8,92.3,78.0,0.94,153,396.8,9.36,6.31,79.8
A2170,rowing,32,M,7,61.5,98.7,89.8,1.02,196,222.7,9.85,5.72,74.9
A2171,cycling,21,M,6,61.6,85.4,82.0,1.35,184,398.5,8.33,6.61,67.4
A2172,cycling,22,M,3,63.6,91.3,80.3,0.87,171,220.7,7.48,9.16,94.7
A2173,running,34,M,1,66.8,81.3,73.5,1.33,198,283.1,8.49,5.88,96.1
A2174,cycling,24,F,13,50.5,85.0,81.3,1.05,157,247.8,8.18,8.9,80.7
A2175,rowing,33,M,4,62.6,99.5,78.8,1.19,193,390.8,8.12,8.58,96.9
A2176,cycling,31,F,15,64.7,77.5,72.5,1.0,170,327.2,8.88,8.26,78.6
A2177,running,33,M,14,58.6,62.7,79.3,1.49,157,319.4,7.52,7.17,64.3
A2178,rowing,24,F,9,66.7,98.3,73.3,1.43,154,399.5,8.14,6.83,60.7
A2179,running,26,M,15,55.7,91.7,84.6,1.45,170,322.5,9.61,5.43,65.1
A2180,rowing,21,F,2,57.9,75.9,89.5,0.93,176,329.2,9.19,6.79,84.9
A2181,cycling,28,M,3,74.1,99.3,79.4,1.39,187,209.0,7.17,8.01,72.8
A2182,running,19,M,2,58.7,73.8,82.6,1.17,154,371.8,8.54,9.49,85.9
A2183,running,29,M,14,58.7,74.9,78.6,1.3,170,394.0,7.27,9.17,80.3
A2184,rowing,29,M,2,64.9,84.4,72.8,0.95,157,392.1,9.87,5.16,73.3
A2185,running,21,F,10,74.3,71.0,89.4,1.3,171,244.2,7.73,5.69,68.7
A2186,rowing,35,M,11,74.6,87.9,72.6,1.44,167,245.2,9.8,9.24,63.2
A2187,rowing,24,F,11,64.5,66.1,72.2,0.99,153,273.2,9.5,9.7,91.3
A2188,rowing,18,M,8,50.0,64.3,79.2,0.96,153,262.0,8.65,5.28,92.8
A2189,rowing,30,F,3,72.5,81.4,83.2,0.87,186,261.1,8.01,8.51,81.7
A2190,cycling,23,M,7,64.3,82.2,77.1,0.99,164,321.0,9.57,6.83,66.3
A2191,rowing,23,M,8,59.1,64.3,73.9,1.18,187,361.1,7.46,6.82,70.5
A2192,running,29,F,3,70.7,98.6,86.4,1.38,176,387.4,7.54,8.21,98.2
A2193,cycling,25,M,2,60.0,82.9,77.3,1.0,170,213.6,7.67,9.05,69.0
A2194,running,22,M,13,50.9,66.0,73.9,1.23,197,255.6,8.79,6.37,62.3
A2195,cycling,35,F,13,70.5,72.5,77.3,1.14,195,251.0,7.94,8.53,82.0
A2196,rowing,22,M,8,63.6,92.0,74.3,1.0,195,271.5,9.97,8.18,70.5
A2197,cycling,27,F,3,58.5,80.9,80.4,1.16,197,284.9,7.59,7.59,98.3
A2198,cycling,18,M,7,56.3,67.5,83.4,0.92,153,277.8,9.42,8.01,83.0
A2199,running,27,F,12,64.8,64.1,86.0,1.25,160,390.4,7.29,5.09,98.6
A2200,running,22,F,1,55.2,77.2,74.6,0.88,168,287.4,8.06,5.02,91.4
A2201,rowing,29,F,14,58.1,73.5,73.3,1.31,168,310.3,7.73,7.75,88.9
A2202,cycling,24,F,15,65.9,86.2,70.4,0.92,176,349.7,9.93,7.62,93.2
A2203,cycling,26,M,12,72.0,97.0,74.6,1.5,189,345.0,7.08,5.36,84.2
A2204,cycling,29,M,6,63.3,69.9,70.5,1.38,191,316.6,9.17,7.46,60.4
A2205,rowing,18,F,12,69.0,94.2,76.9,1.04,177,372.2,7.74,8.79,75.7
A2206,rowing,28,M,12,69.1,96.8,72.9,1.1,154,324.8,9.43,7.71,68.8
A2207,rowing,32,M,13,66.6,96.1,81.6,0.98,197,375.0,7.93,7.59,77.4
A2208,rowing,19,M,9,56.1,98.1,77.7,1.34,174,260.6,7.56,8.59,78.8
A2209,rowing,24,F,12,71.7,93.7,71.9,1.07,152,226.4,9.08,5.86,65.1
A2210,running,29,M,3,60.9,83.7,78.0,1.33,175,363.9,7.77,7.29,60.9
A2211,cycling,35,M,14,51.1,76.4,74.2,0.81,159,276.5,8.46,5.74,65.5
A2212,cycling,20,F,7,56.1,79.7,83.6,0.89,173,330.2,7.39,7.62,94.3
A2213,cycling,24,M,13,69.1,94.9,77.3,1.06,178,347.5,9.17,7.96,90.2
A2214,cycling,28,F,6,51.7,72.1,72.9,0.88,194,265.3,8.22,5.61,92.0
A2215,cycling,35,F,8,53.7,66.4,77.0,1.22,156,301.0,7.42,5.38,71.1
A2216,cycling,29,F,3,67.4,65.6,74.5,0.84,193,379.0,9.22,5.83,69.4
A2217,cycling,23,M,3,72.3,93.1,85.9,1.4,172,376.0,7.31,7.93,61.5
A2218,cycling,22,M,4,65.8,90.5,89.7,1.33,195,349.9,8.72,5.95,78.9
A2219,running,18,F,3,55.6,79.9,70.5,0.95,176,352.5,8.82,6.38,75.3
A2220,cycling,29,F,9,51.3,71.0,83.8,1.14,191,379.5,9.79,8.51,93.4
A2221,running,28,F,11,65.4,87.1,75.3,1.12,158,347.3,7.45,6.24,87.3
A2222,rowing,21,F,4,51.2,61.5,71.3,1.31,193,267.9,8.96,6.99,65.8
A2223,cycling,35,F,6,65.3,82.7,70.3,1.08,152,224.2,8.14,9.64,99.5
A2224,rowing,21,F,8,55.6,75.9,87.6,0.82,162,284.4,8.2,9.12,90.8
A2225,rowing,34,M,11,72.6,99.1,77.1,0.99,155,217.5,8.51,6.28,88.8
A2226,rowing,19,F,13,61.9,80.3,89.9,1.13,187,223.2,7.7,7.99,68.7
A2227,running,19,F,8,55.6,82.1,78.8,1.48,170,390.0,8.38,8.33,96.2
A2228,rowing,29,F,15,71.3,88.5,73.8,1.42,168,335.2,9.06,9.5,79.0
A2229,rowing,23,M,5,56.4,79.4,85.5,0.93,174,370.3,8.37,7.74,71.9
A2230,rowing,27,M,5,57.7,69.0,88.5,1.31,188,328.6,7.13,7.81,86.2
A2231,cycling,33,M,6,70.9,81.5,86.3,1.46,153,283.7,7.77,9.44,68.5
A2232,cycling,31,M,10,57.7,97.8,84.9,0.81,171,205.0,8.05,5.27,96.3
A2233,running,24,F,7,60.3,76.4,76.7,1.3,154,391.2,8.06,8.14,94.2
A2234,running,34,M,13,58.7,87.2,71.3,1.12,150,214.2,7.24,7.08,78.6
A2235,cycling,26,F,13,52.9,99.1,74.0,1.28,199,322.0,8.35,9.55,67.6
A2236,running,30,F,10,51.0,93.2,78.9,1.22,166,220.4,9.08,9.8,79.9
A2237,cycling,22,F,14,68.1,86.4,89.1,1.49,158,256.8,7.15,5.85,66.0
A2238,rowing,22,F,7,66.1,89.4,84.5,1.0,158,237.2,9.25,6.41,70.8
A2239,rowing,27,F,13,57.1,97.5,86.6,1.35,173,310.7,9.87,6.37,79.3
A2240,running,27,F,4,57.4,98.4,75.5,0.96,159,377.4,7.03,5.5,60.8
A2241,cycling,24,M,6,73.6,98.8,83.7,1.1,169,327.1,7.58,7.41,90.6
A2242,cycling,32,M,7,74.7,85.0,87.2,1.48,166,332.8,8.63,7.57,67.9
A2243,running,24,M,5,61.8,75.4,79.6,1.34,162,381.8,7.65,7.86,94.7
A2244,cycling,32,M,5,70.1,65.3,78.6,1.02,178,349.9,9.29,8.31,60.9
A2245,rowing,20,M,2,68.4,75.4,84.4,1.23,185,373.2,7.94,5.31,81.3
A2246,running,27,F,7,57.4,97.7,81.2,0.83,172,283.3,7.88,8.11,91.1
A2247,running,32,M,12,51.5,95.6,89.9,0.99,176,373.1,7.0,9.57,69.5
A2248,cycling,20,M,6,53.6,80.9,78.5,1.3,167,329.2,7.81,7.27,88.3
A2249,running,23,M,11,71.0,81.5,73.5,1.2,167,227.1,7.65,5.53,88.8
A2250,cycling,29,F,1,68.3,72.4,79.4,1.13,158,207.7,8.03,5.43,85.5
A2251,cycling,32,F,4,66.6,78.2,74.7,1.28,152,248.8,7.44,6.41,74.6
A2252,cycling,23,F,3,53.3,88.6,81.2,1.08,156,275.7,8.78,8.76,91.4
A2253,cycling,30,M,12,66.0,76.1,72.5,0.82,164,367.5,7.72,6.3,85.1
A2254,cycling,20,M,15,69.3,67.5,89.0,1.11,179,348.2,9.5,9.07,83.6
A2255,running,25,M,3,71.5,81.6,87.2,1.43,158,391.1,7.85,9.1,92.8
A2256,rowing,25,M,7,50.3,69.0,73.1,1.4,190,311.8,7.63,7.29,69.8
A2257,rowing,32,M,11,67.1,99.0,73.4,1.09,176,349.5,7.17,6.5,69.3
A2258,running,21,F,12,50.5,75.6,80.2,0.82,185,255.1,9.22,7.99,75.5
A2259,running,20,M,10,67.7,96.4,85.5,1.25,167,335.9,8.52,9.05,62.9
A2260,rowing,30,F,4,65.9,69.0,74.4,1.32,180,341.2,7.34,5.32,73.5
A2261,rowing,25,M,15,53.7,67.6,71.2,1.01,166,369.7,7.66,9.77,76.3
A2262,rowing,33,F,12,69.2,84.7,80.9,1.13,155,307.3,10.0,8.23,79.8
A2263,rowing,30,F,8,51.7,91.2,83.8,1.49,188,329.8,9.42,6.99,70.2
A2264,rowing,20,F,11,70.7,82.7,74.9,1.2,174,240.6,8.05,7.53,96.3
A2265,cycling,33,F,9,56.5,69.2,84.8,1.05,191,347.4,8.63,6.93,71.4
A2266,running,26,M,3,67.2,61.5,89.0,1.24,191,367.7,8.25,7.06,94.1
A2267,cycling,31,M,5,73.1,84.7,72.7,0.93,187,318.7,7.11,7.98,77.8
A2268,rowing,30,M,4,58.5,65.2,80.2,0.94,187,223.1,9.34,5.3,88.7
A2269,rowing,24,F,14,62.6,73.7,71.1,1.45,180,262.6,9.15,5.88,64.4
A2270,rowing,32,M,12,61.6,87.0,74.1,0.97,200,295.1,8.23,6.14,81.8
A2271,cycling,24,M,10,53.9,63.9,71.8,1.02,178,335.4,9.54,7.04,98.4
A2272,cycling,23,M,15,64.8,65.1,78.1,1.18,189,264.1,8.6,6.86,86.7
A2273,rowing,19,M,6,68.6,62.5,86.4,1.43,158,368.1,7.2,8.61,92.8
A2274,cycling,26,F,11,72.9,99.8,81.5,1.35,150,274.4,7.78,6.3,70.4
A2275,cycling,34,F,10,71.3,75.5,74.5,0.83,165,208.6,8.39,5.29,92.0
A2276,rowing,22,M,4,62.8,96.2,70.8,1.29,187,358.8,7.31,5.28,74.1
A2277,cycling,29,M,8,68.0,71.7,81.1,1.15,172,328.8,8.71,5.06,79.4
A2278,running,18,M,3,70.0,90.1,72.7,1.13,157,360.4,7.36,5.19,67.5
A2279,running,27,F,11,62.3,68.8,76.9,1.28,196,269.8,7.6,9.29,79.4
A2280,running,28,F,5,52.9,79.9,80.2,0.94,161,203.5,9.68,8.49,80.6
A2281,running,33,F,13,60.9,93.0,88.1,1.49,159,214.8,10.0,9.98,84.9
A2282,rowing,31,M,1,71.1,92.7,71.6,1.25,165,222.4,8.65,5.1,94.7
A2283,rowing,25,F,13,64.9,91.8,83.4,1.06,196,361.0,8.86,9.25,72.2
A2284,rowing,34,F,15,68.1,92.9,70.3,1.22,192,260.3,9.39,8.48,99.4
A2285,running,35,F,6,54.6,68.5,82.6,0.95,173,399.6,9.09,8.2,93.9
A2286,running,29,F,11,74.1,79.3,81.0,1.24,188,351.7,7.55,6.78,76.1
A2287,cycling,34,F,5,60.1,79.4,86.2,0.82,157,320.2,8.24,6.88,69.1
A2288,cycling,31,M,8,66.3,95.6,80.6,1.04,160,396.7,8.61,9.23,62.9
A2289,running,33,M,9,50.5,71.9,77.1,1.32,190,263.3,8.08,8.57,69.4
A2290,running,31,M,8,53.2,97.3,74.9,1.37,175,233.1,7.53,8.35,95.4
A2291,running,26,M,8,69.6,78.0,71.7,0.98,156,347.5,9.21,5.15,71.7
A2292,running,21,F,12,74.2,86.8,80.7,1.18,164,255.6,7.6,5.92,65.5
A2293,cycling,28,M,14,58.0,70.8,87.8,1.17,164,392.2,7.78,9.81,60.9
A2294,running,23,M,13,50.9,76.4,80.3,1.1,197,397.6,7.86,7.27,71.9
A2295,cycling,32,M,3,59.0,88.4,84.8,0.96,152,385.3,7.49,8.91,68.6
A2296,running,22,F,4,50.4,80.5,76.0,1.29,165,389.0,9.55,6.95,64.1
A2297,running,28,M,15,54.8,97.2,79.0,0.98,164,323.1,8.83,8.82,98.0
A2298,running,35,F,11,68.8,89.5,76.5,1.44,174,338.4,9.5,5.6,70.7
A2299,cycling,30,F,4,73.4,82.6,72.2,1.17,182,218.8,8.48,5.21,60.2
A2300,cycling,28,F,15,52.2,95.5,78.3,1.41,163,352.6,8.56,7.33,97.8
A2301,rowing,31,M,15,63.9,86.6,85.3,1.0,173,240.4,8.85,7.96,83.1
A2302,running,35,F,14,56.3,85.9,77.9,1.36,160,368.1,8.11,6.62,63.3
A2303,rowing,32,M,11,53.5,69.9,83.0,0.88,152,392.3,8.49,8.58,61.3
A2304,rowing,26,M,5,55.5,75.8,85.2,1.34,158,242.5,8.64,7.48,64.3
A2305,cycling,25,M,13,64.4,87.3,76.5,1.07,155,215.6,9.86,9.64,83.7
A2306,cycling,18,F,9,51.6,95.7,86.0,1.13,180,296.8,9.65,5.42,62.5
A2307,rowing,21,F,12,60.9,72.6,76.8,0.92,165,358.3,7.39,5.33,82.7
A2308,running,31,M,9,53.4,68.6,75.1,0.81,160,354.1,7.12,9.53,86.1
A2309,cycling,19,F,10,56.8,83.7,74.4,1.27,199,339.4,9.04,8.35,65.9
A2310,running,33,F,13,54.8,62.7,74.0,1.21,166,364.1,7.15,8.36,79.5
A2311,running,20,F,12,72.1,88.6,84.7,1.24,198,235.0,7.18,5.14,98.6
A2312,rowing,25,M,14,67.7,88.1,87.8,0.98,152,330.4,7.48,9.69,93.5
A2313,rowing,23,F,1,71.7,74.2,74.6,0.97,168,321.1,8.06,8.86,88.9
A2314,rowing,33,F,14,59.6,95.7,71.7,1.38,173,230.7,8.3,8.82,80.7
A2315,rowing,33,M,14,57.8,80.1,76.3,1.33,196,282.9,8.56,9.56,75.8
A2316,cycling,24,F,8,59.5,85.8,83.2,1.04,191,370.5,9.98,7.89,78.1
A2317,cycling,30,M,14,50.5,68.4,77.4,1.25,157,394.4,8.16,6.97,90.6
A2318,rowing,30,F,1,68.1,76.7,81.0,1.38,198,333.1,7.73,7.4,82.2
A2319,cycling,22,F,2,58.7,94.5,84.9,1.42,185,384.4,8.73,8.89,90.6
A2320,rowing,35,F,7,57.8,68.5,78.2,0.8,189,226.4,7.65,8.84,98.8
A2321,running,32,F,15,65.0,75.6,90.0,1.37,151,395.0,9.82,8.05,85.6
A2322,running,35,F,8,60.9,72.7,76.0,1.05,172,206.7,7.78,6.09,84.1
A2323,running,19,F,1,74.5,66.0,89.6,1.3,189,305.5,9.97,9.09,76.2
A2324,rowing,27,M,15,58.9,71.6,74.1,1.06,179,258.2,8.26,8.24,67.9
A2325,running,30,F,3,65.3,69.3,72.2,1.22,174,362.8,9.44,6.11,75.0
A2326,cycling,35,F,7,57.8,96.9,85.0,1.25,156,243.5,8.94,7.4,80.8
A2327,running,32,F,13,74.8,89.6,84.0,1.08,177,202.3,9.8,9.99,61.4
A2328,running,29,M,9,61.1,72.6,86.2,1.16,190,282.9,8.88,6.64,79.0
A2329,running,32,M,8,65.9,90.5,76.9,1.31,199,212.8,8.74,5.58,94.5
A2330,cycling,30,M,8,53.2,60.9,88.6,1.13,166,258.0,8.96,5.11,99.1
A2331,rowing,35,F,15,68.3,81.1,72.4,0.81,181,328.7,9.36,5.92,94.2
A2332,cycling,32,F,9,56.7,70.0,70.6,0.81,150,258.9,9.7,5.93,66.9
A2333,rowing,28,M,10,61.2,64.6,76.0,1.26,176,249.2,7.8,9.29,66.2
A2334,rowing,20,M,3,72.1,95.4,85.9,1.39,193,231.1,7.6,5.78,75.7
A2335,running,24,M,8,74.3,68.0,83.5,1.35,185,227.0,7.1,9.31,69.0
A2336,rowing,31,F,1,60.6,92.9,78.7,1.02,198,305.2,8.11,5.43,87.0
A2337,cycling,31,M,8,70.9,76.5,75.1,1.13,156,336.3,9.54,9.53,63.4
A2338,cycling,30,F,13,51.3,60.6,71.2,0.96,152,290.5,7.21,6.28,77.7
A2339,rowing,29,F,7,71.2,89.3,76.8,1.49,179,224.7,8.62,8.06,71.2
A2340,running,26,F,13,65.7,83.9,79.2,0.98,150,329.6,9.08,5.8,83.8
A2341,running,18,M,15,62.2,73.8,83.7,1.09,200,311.4,9.51,6.95,91.9
A2342,cycling,28,F,8,72.2,71.3,82.9,1.28,183,276.3,8.75,5.43,96.9
A2343,running,35,M,1,71.1,62.9,88.9,1.41,187,266.0,7.56,7.9,98.6
A2344,rowing,29,M,6,57.4,97.7,72.0,0.84,192,236.6,9.89,6.73,74.0
A2345,rowing,18,M,7,69.8,79.8,76.7,1.01,185,229.3,7.28,9.26,94.2
A2346,cycling,34,M,14,52.5,63.4,79.6,1.2,182,267.8,9.31,5.91,83.7
A2347,rowing,22,F,11,70.6,94.7,83.4,1.23,192,208.3,7.26,6.4,87.7
A2348,cycling,20,F,5,66.9,71.2,79.9,0.85,165,287.3,7.43,5.89,94.0
A2349,rowing,19,F,14,52.2,68.1,88.3,1.26,187,320.3,9.69,7.82,65.2
A2350,cycling,20,F,5,67.1,71.2,82.2,1.17,160,388.3,9.26,5.56,97.9
A2351,running,25,M,7,64.5,82.6,70.8,1.38,157,325.2,8.1,5.95,81.9
A2352,rowing,33,M,15,64.9,63.0,72.3,0.96,150,324.8,8.92,8.39,73.4
A2353,rowing,23,M,11,57.3,79.3,85.1,0.94,163,274.9,8.37,5.37,73.5
A2354,cycling,30,M,15,56.7,95.8,84.3,1.36,179,226.7,7.2,8.72,90.0
A2355,cycling,33,F,3,69.1,67.5,73.1,1.29,170,289.4,9.16,5.52,87.1
A2356,rowing,33,M,6,56.4,73.2,71.2,1.35,170,319.7,9.29,7.93,89.2
A2357,cycling,20,F,7,61.2,75.8,81.6,1.35,183,344.8,9.65,9.99,70.1
A2358,rowing,30,M,1,67.4,83.4,82.7,0.87,187,365.2,8.62,5.87,66.8
A2359,running,31,M,12,52.0,96.8,72.7,1.0,175,251.2,9.02,6.31,88.9
A2360,cycling,25,M,2,64.9,75.8,79.5,0.98,190,248.2,8.31,9.49,71.9
A2361,rowing,29,M,12,64.7,62.8,76.1,1.45,163,313.1,7.96,8.13,68.9
A2362,running,25,F,4,67.1,73.9,88.6,1.14,189,313.2,8.24,7.46,68.6
A2363,running,26,F,13,59.2,67.6,74.4,0.88,184,243.6,9.74,7.81,65.9
A2364,rowing,18,F,8,61.2,86.1,84.7,1.0,191,317.5,7.49,6.48,77.1
A2365,cycling,23,F,11,58.2,61.2,80.4,1.41,167,269.2,7.75,9.28,70.4
A2366,rowing,28,M,13,70.2,71.7,70.2,1.39,169,327.9,8.82,8.73,95.8
A2367,running,28,M,14,53.3,81.8,80.3,1.43,158,258.2,7.35,8.21,87.6
A2368,rowing,30,F,10,74.1,71.1,72.0,1.07,190,318.5,9.68,9.66,89.8
A2369,cycling,28,F,6,65.9,82.0,83.2,1.25,200,353.7,7.14,7.89,76.1
A2370,running,35,M,1,72.2,64.6,81.3,0.99,194,396.0,9.27,7.56,84.0
A2371,rowing,32,M,10,60.7,97.7,70.2,0.93,182,382.2,8.12,9.88,80.0
A2372,cycling,18,F,5,58.3,71.6,74.1,0.82,198,300.7,7.15,6.03,66.7
A2373,running,24,F,7,72.5,96.9,85.5,0.96,153,297.7,9.53,5.71,61.9
A2374,cycling,30,F,15,52.5,73.0,75.5,1.22,153,287.5,8.92,5.81,87.3
A2375,running,29,M,13,52.9,91.3,80.0,1.43,197,205.6,7.03,9.95,64.8
A2376,rowing,35,F,6,57.5,69.8,76.2,0.89,165,233.2,7.8,8.26,62.3
A2377,cycling,32,F,13,74.0,86.8,88.4,1.44,196,211.8,8.06,6.53,77.7
A2378,running,25,F,13,65.8,72.9,80.7,1.04,175,339.3,7.97,6.24,89.5
A2379,cycling,27,F,12,63.9,80.4,83.9,1.1,155,282.6,8.5,5.28,90.8
A2380,cycling,24,F,9,67.6,87.0,71.7,1.06,186,212.8,8.58,5.66,94.9
A2381,rowing,35,M,8,60.4,83.6,70.8,1.09,171,338.1,8.19,9.54,68.0
A2382,cycling,33,F,15,69.0,83.1,75.2,0.98,191,328.9,8.0,8.74,99.4
A2383,running,23,M,4,59.8,62.6,76.2,1.29,188,344.0,8.51,9.71,90.5
A2384,running,26,F,13,70.7,70.0,83.8,1.33,156,320.0,7.1,7.12,66.3
A2385,running,30,F,11,56.7,82.9,81.4,1.38,191,232.3,8.94,8.01,93.6
A2386,running,25,F,12,56.9,60.7,77.5,1.04,179,212.3,8.82,7.42,80.0
A2387,rowing,33,M,5,63.1,70.0,83.1,1.34,159,363.4,7.84,9.41,62.7
A2388,cycling,30,M,7,60.8,69.2,73.3,1.25,164,243.2,7.54,9.96,65.3
A2389,rowing,30,M,8,66.2,70.0,71.3,1.47,155,308.5,7.22,9.66,77.4
A2390,cycling,34,F,5,59.1,81.4,87.1,1.1,173,297.0,8.76,7.99,81.2
A2391,cycling,22,F,9,55.8,83.3,81.3,1.49,151,384.2,8.71,5.31,97.9
A2392,cycling,34,M,14,61.7,96.4,83.0,1.32,189,310.5,8.6,8.09,68.6
A2393,rowing,26,M,10,64.0,75.4,76.1,1.34,164,316.0,9.96,5.49,79.0
A2394,cycling,19,F,12,53.6,97.1,77.4,0.82,170,263.9,8.59,5.69,69.0
A2395,rowing,35,M,4,63.9,86.1,71.6,1.15,167,391.7,9.17,5.96,82.3
A2396,running,26,F,4,58.0,96.5,87.1,1.17,154,322.5,7.34,6.82,96.4
A2397,running,23,M,13,59.8,93.3,81.8,0.83,174,201.0,7.9,7.96,82.7
A2398,cycling,28,M,8,57.0,87.5,71.7,1.02,185,311.2,7.83,6.67,80.4
A2399,rowing,23,M,1,73.3,74.2,86.1,1.47,159,272.8,8.73,7.26,90.0
A2400,running,23,F,8,67.1,69.6,78.9,1.1,200,206.4,7.99,5.24,65.9
A2401,rowing,30,F,5,56.6,68.9,85.3,0.93,195,286.3,8.92,8.1,96.2
A2402,rowing,28,M,13,66.1,98.1,70.3,1.16,172,354.7,9.07,8.29,83.1
A2403,cycling,31,F,14,71.2,98.3,70.6,0.82,173,300.8,7.1,5.5,87.5
A2404,running,19,F,11,60.0,89.0,73.4,1.16,194,327.9,8.92,8.93,92.8
A2405,cycling,25,F,1,70.7,95.4,74.2,1.22,159,327.9,7.35,8.24,85.4
A2406,cycling,20,F,4,53.9,96.8,85.3,1.05,155,334.2,8.4,7.45,85.6
A2407,running,20,M,2,70.6,80.5,84.1,1.33,162,277.5,9.18,7.76,89.2
A2408,running,18,F,4,63.5,85.2,82.3,0.89,170,274.0,9.11,7.52,62.1
A2409,rowing,35,F,8,55.6,76.8,87.7,1.41,181,200.9,7.9,5.27,75.3
A2410,running,34,M,5,60.2,76.7,74.9,1.47,192,230.8,7.82,8.68,98.5
A2411,rowing,30,F,1,74.7,61.5,88.1,0.8,164,390.2,8.32,7.56,70.3
A2412,rowing,20,F,7,69.6,77.4,88.2,1.39,151,368.5,7.57,5.86,81.7
A2413,rowing,18,F,1,64.4,86.9,78.7,1.15,164,255.0,9.92,8.4,67.0
A2414,running,21,M,9,52.9,76.9,71.9,1.12,200,280.2,8.03,8.48,72.9
A2415,cycling,30,M,3,60.4,94.9,84.5,0.97,166,388.0,9.77,6.07,88.7
A2416,rowing,34,F,12,56.6,73.3,76.7,1.11,169,250.1,9.72,8.98,85.7
A2417,cycling,28,F,3,51.8,65.3,85.9,1.47,199,306.5,8.09,7.28,76.6
A2418,cycling,19,M,15,63.6,92.5,73.3,0.95,155,204.4,7.76,5.9,97.5
A2419,running,33,M,15,72.2,87.0,80.8,0.93,164,323.9,9.31,8.29,91.0
A2420,cycling,19,M,6,66.9,69.7,80.2,0.97,166,386.0,7.69,7.98,70.7
A2421,cycling,33,F,10,56.2,81.5,72.0,1.19,175,376.9,8.56,5.85,78.6
A2422,running,26,F,6,64.3,76.1,77.3,1.45,171,300.4,7.33,9.36,95.1
A2423,rowing,18,M,13,73.6,97.6,71.7,1.2,158,329.9,8.16,9.27,60.9
A2424,cycling,27,F,11,68.1,84.3,79.3,0.97,161,314.0,7.23,9.18,83.3
A2425,running,18,F,11,67.2,66.3,86.9,1.11,171,213.4,7.85,7.0,69.3
A2426,cycling,19,F,6,74.2,80.1,75.4,1.07,172,231.7,9.0,9.12,62.6
A2427,cycling,33,F,13,70.0,94.5,85.3,0.83,186,392.8,9.97,9.22,96.5
A2428,rowing,29,F,1,53.4,86.9,73.7,1.16,163,251.2,7.76,9.98,92.7
A2429,cycling,25,F,5,58.7,93.7,83.5,0.89,173,276.9,8.42,9.79,67.4
A2430,running,35,F,12,74.1,70.0,88.3,1.39,157,301.8,8.34,6.91,93.5
A2431,cycling,19,M,6,62.2,95.5,76.5,1.18,175,395.8,7.55,5.99,65.9
A2432,rowing,30,M,8,52.8,90.2,88.0,1.39,181,338.0,8.83,6.46,79.0
A2433,rowing,23,M,13,61.5,89.2,80.1,1.47,177,325.9,9.17,7.47,89.0
A2434,running,23,M,1,67.4,73.9,76.3,1.46,181,304.9,7.44,9.03,81.4
A2435,rowing,26,M,5,74.9,95.5,87.9,0.87,171,340.1,9.27,8.61,94.0
A2436,cycling,33,M,3,58.1,85.5,70.6,1.46,198,332.8,9.1,8.94,84.7
A2437,rowing,28,M,2,62.9,94.1,70.6,1.36,158,380.6,7.59,6.9,77.3
A2438,running,24,M,11,72.0,74.4,82.0,1.34,152,308.4,8.95,6.23,97.0
A2439,rowing,27,M,8,58.9,65.8,85.9,0.86,174,284.3,8.18,5.12,61.5
A2440,rowing,27,F,7,52.7,73.3,85.0,0.93,188,361.4,9.04,8.13,79.5
A2441,rowing,35,F,10,73.7,78.2,71.6,1.48,161,360.0,8.49,8.98,86.4
A2442,running,26,M,7,62.2,81.3,89.0,0.95,178,234.0,7.14,9.45,93.4
A2443,rowing,32,F,5,62.6,80.4,84.1,0.92,152,247.4,9.36,7.38,81.6
A2444,rowing,21,F,12,65.5,81.8,89.0,1.05,190,391.7,8.67,9.64,95.4
A2445,cycling,25,M,13,50.1,93.7,76.6,1.44,195,288.8,9.17,6.01,77.1
A2446,running,26,M,9,73.3,66.8,83.9,1.13,172,303.9,7.38,7.57,72.7
A2447,rowing,30,M,5,59.0,72.6,87.2,1.44,172,262.0,9.16,6.07,99.0
A2448,running,26,F,2,59.9,95.5,77.6,1.03,167,296.2,8.24,5.94,86.7
A2449,rowing,21,F,3,54.4,82.4,89.3,0.96,160,348.7,9.4,9.77,77.0
A2450,rowing,34,M,4,59.5,83.3,75.3,1.15,185,296.5,8.8,9.09,95.1
A2451,rowing,33,F,15,70.1,79.1,76.3,1.23,175,263.0,8.06,5.06,87.3
A2452,cycling,32,F,5,70.0,82.0,88.4,1.07,157,219.2,7.61,6.34,85.5
A2453,cycling,20,F,13,73.4,67.9,89.4,1.04,177,385.7,9.45,6.03,89.1
A2454,cycling,22,M,3,60.1,81.9,75.7,0.95,167,374.3,8.68,5.74,89.5
A2455,running,22,F,12,67.7,99.9,72.7,0.99,162,358.3,9.96,8.49,79.7
A2456,running,32,F,14,62.7,82.6,85.2,1.27,185,338.8,8.12,7.83,76.8
A2457,cycling,35,F,7,70.1,61.8,88.6,1.06,191,303.1,9.06,7.27,96.4
A2458,running,32,F,5,67.8,91.9,82.0,0.86,189,379.5,8.87,5.95,79.9
A2459,rowing,19,F,5,59.2,75.9,82.7,0.9,193,358.3,8.91,6.39,68.6
A2460,rowing,30,F,6,58.4,66.1,85.3,1.06,200,363.2,9.21,6.78,80.9
A2461,rowing,21,F,7,56.3,94.5,73.1,1.45,161,261.9,7.42,8.93,61.4
A2462,cycling,27,M,10,64.4,67.9,89.5,1.07,171,284.7,8.65,9.95,88.9
A2463,running,30,M,10,74.1,96.8,77.3,0.84,151,341.4,8.53,5.92,65.1
A2464,cycling,27,F,8,55.0,77.7,82.6,1.09,189,274.2,8.03,6.71,64.5
A2465,running,26,M,9,52.4,89.7,79.4,1.27,177,298.8,8.31,6.4,97.9
A2466,rowing,25,F,11,53.0,81.9,79.4,1.22,162,329.3,8.56,5.22,90.9
A2467,cycling,20,F,4,69.6,70.3,84.1,1.0,182,287.6,7.96,6.1,76.6
A2468,running,33,F,5,58.8,86.8,89.9,1.28,152,358.6,7.88,9.51,69.6
A2469,running,31,M,15,55.6,98.3,83.2,1.24,183,223.3,9.21,9.21,93.7
A2470,rowing,26,F,5,58.8,90.8,85.9,0.92,172,343.6,7.2,5.84,98.7
A2471,cycling,28,F,8,66.1,84.2,70.6,0.91,181,229.0,7.94,6.83,80.3
A2472,cycling,20,M,9,63.7,99.6,86.2,1.18,169,387.6,8.96,6.55,83.2
A2473,cycling,22,M,7,68.6,70.6,76.0,1.26,177,262.8,7.63,5.74,69.7
A2474,rowing,27,F,15,58.5,62.5,72.5,1.47,157,359.1,8.72,8.11,83.6
A2475,cycling,30,M,5,61.3,61.3,72.3,1.1,152,304.3,7.91,7.79,76.0
A2476,rowing,21,M,3,52.5,88.4,83.6,1.34,179,218.2,9.53,7.13,93.8
A2477,rowing,30,F,1,51.8,93.2,90.0,0.88,174,316.5,8.05,9.28,75.1
A2478,rowing,29,F,11,61.6,85.4,83.3,1.42,179,382.4,7.69,8.1,86.0
A2479,running,22,F,9,57.5,96.2,75.2,1.24,178,231.4,8.59,6.3,68.1
A2480,cycling,27,M,5,65.3,87.9,74.1,1.24,196,264.3,7.41,6.87,63.6
A2481,cycling,26,M,9,51.1,74.8,80.5,0.9,179,287.8,9.39,5.75,61.6
A2482,rowing,24,M,10,53.0,67.3,71.3,0.83,183,255.0,9.04,7.96,76.6
A2483,rowing,19,F,15,71.6,97.0,78.0,1.29,174,388.8,9.31,7.93,66.5
A2484,cycling,24,M,12,64.2,64.1,83.3,0.88,166,275.5,8.2,9.35,99.7
A2485,rowing,25,M,13,67.8,81.7,89.4,0.89,173,331.6,9.51,9.28,91.9
A2486,cycling,24,F,14,71.0,72.6,78.5,0.93,187,244.8,8.48,9.18,87.7
A2487,running,31,F,4,61.6,70.9,74.0,0.87,177,243.9,7.28,7.74,92.1
A2488,rowing,22,F,5,69.0,85.8,86.3,1.24,182,235.2,7.67,8.26,70.5
A2489,cycling,35,M,4,63.1,69.2,84.9,1.1,185,287.0,9.13,8.88,95.2
A2490,rowing,29,F,2,55.6,96.7,87.2,0.99,200,306.6,9.69,5.46,99.8
A2491,cycling,34,M,12,58.4,76.2,74.3,1.11,156,202.1,7.29,6.5,71.6
A2492,cycling,30,M,1,62.3,87.1,78.1,1.39,172,366.6,9.59,5.85,99.4
A2493,rowing,19,F,8,57.9,89.1,89.6,1.45,195,302.6,9.4,7.56,72.8
A2494,running,30,F,4,58.4,87.3,73.2,1.14,175,231.4,8.07,9.19,60.5
A2495,cycling,24,F,5,58.4,96.1,83.4,1.2,163,213.5,9.07,6.15,74.7
A2496,cycling,27,F,6,53.1,69.2,74.7,0.98,191,212.6,7.56,8.65,99.9
A2497,cycling,23,F,14,52.1,63.4,80.0,1.16,177,251.5,9.44,7.03,85.4
A2498,running,20,M,8,51.2,62.2,86.0,1.32,173,299.9,8.97,9.52,87.8
A2499,running,20,M,11,52.8,95.1,79.8,1.14,156,372.0,8.32,8.13,69.5
A2500,rowing,35,M,8,58.6,98.9,86.1,1.01,197,380.6,9.59,9.88,65.8
A2501,running,28,F,7,64.8,72.1,78.5,1.21,185,366.5,7.42,6.23,95.4
A2502,rowing,22,M,4,54.7,87.7,90.0,1.46,188,265.7,9.54,9.62,76.5
A2503,rowing,32,F,6,72.2,60.4,78.7,1.42,164,261.3,7.07,6.79,60.2
A2504,running,33,F,4,70.2,67.5,73.0,1.34,198,397.5,9.26,8.11,71.8
A2505,rowing,26,M,15,63.0,87.6,78.0,0.99,152,336.3,8.72,5.87,67.8
A2506,running,21,M,14,68.1,62.6,84.9,0.97,197,261.0,9.09,8.8,84.2
A2507,rowing,32,F,7,59.2,78.7,87.0,1.39,151,265.8,8.24,9.89,90.2
A2508,running,29,M,12,50.9,86.5,79.2,0.93,156,286.9,9.59,8.94,79.9
A2509,running,20,F,13,72.6,90.6,81.9,1.22,165,324.4,7.94,8.08,67.4
A2510,rowing,31,M,12,53.2,78.2,86.9,1.11,170,379.6,7.82,7.24,62.3
A2511,cycling,34,M,15,73.7,85.2,86.3,1.13,158,239.7,7.91,6.73,72.5
A2512,rowing,23,M,13,64.3,81.6,83.2,1.12,161,216.9,9.32,7.1,92.2
A2513,running,21,M,13,57.6,62.1,86.3,1.43,178,281.2,8.49,6.64,76.8
A2514,cycling,24,M,11,62.4,89.7,81.5,0.86,173,249.1,8.61,9.16,70.1
A2515,rowing,34,F,14,62.5,66.9,70.1,1.35,182,315.2,9.49,9.47,60.8
A2516,rowing,33,M,1,50.6,61.3,70.8,1.38,163,339.8,9.5,9.75,79.8
A2517,rowing,32,M,5,58.9,78.0,89.6,1.46,192,262.1,7.49,7.09,87.4
A2518,cycling,25,M,15,68.5,94.6,72.9,1.12,167,337.1,8.65,7.73,67.6
A2519,running,25,F,14,62.8,66.0,78.1,1.15,154,268.6,7.38,7.88,81.5
A2520,rowing,35,F,10,56.1,60.5,88.7,1.47,164,327.0,9.61,8.26,76.8
A2521,rowing,33,F,12,58.4,64.4,73.9,1.12,156,326.6,9.51,5.01,88.2
A2522,rowing,27,F,15,71.6,74.5,86.9,1.15,174,255.6,9.55,9.21,94.4
A2523,rowing,34,F,10,63.1,83.2,86.4,1.03,163,327.1,9.11,6.34,72.3
A2524,rowing,30,M,15,63.2,67.7,89.7,0.82,189,276.2,8.4,7.36,96.2
A2525,running,30,M,4,74.0,92.1,75.6,1.1,185,267.3,8.21,9.21,88.3
A2526,running,24,M,11,58.0,90.1,76.3,1.26,184,257.9,8.19,9.98,61.5
A2527,rowing,27,F,7,62.0,87.8,88.1,1.28,193,269.1,7.2,8.97,91.6
A2528,cycling,19,F,13,70.3,79.5,74.7,0.8,199,357.3,9.85,5.12,79.8
A2529,running,21,M,9,69.0,74.6,81.0,1.36,173,249.0,8.35,6.84,97.8
A2530,cycling,23,F,5,56.6,75.0,84.1,1.14,164,336.4,9.79,6.24,72.9
A2531,running,35,F,4,53.8,80.1,75.4,1.16,160,380.1,9.64,9.82,83.6
A2532,rowing,23,F,15,67.5,63.1,88.8,1.47,173,270.1,9.49,6.32,98.2
A2533,running,34,M,9,56.4,87.3,83.3,1.0,160,205.9,8.76,9.72,70.8
A2534,rowing,31,M,5,73.1,74.1,70.9,1.33,193,204.9,7.3,9.69,78.9
A2535,running,28,F,9,53.2,69.0,72.7,1.2,200,227.9,7.97,9.2,90.1
A2536,rowing,19,F,8,58.0,71.1,73.8,1.29,166,222.0,8.81,5.49,87.6
A2537,rowing,20,F,4,51.4,67.2,74.9,1.09,155,349.6,7.04,5.01,93.5
A2538,rowing,28,F,11,67.6,96.1,84.6,1.0,170,259.0,7.13,8.97,80.8
A2539,rowing,23,M,11,72.3,66.8,71.8,1.18,157,330.5,9.03,9.22,72.8
A2540,cycling,31,F,7,65.9,95.3,77.0,1.06,164,208.5,9.66,9.81,81.4
A2541,rowing,33,M,5,73.4,82.9,88.2,0.96,181,259.1,9.57,6.09,74.0
A2542,cycling,24,M,10,53.2,94.7,81.1,1.39,159,246.8,7.5,8.67,67.1
A2543,cycling,25,M,4,52.2,79.0,75.3,1.13,177,255.4,9.73,7.6,82.2
A2544,rowing,33,F,5,71.0,97.1,89.1,1.39,164,238.1,9.09,6.64,61.9
A2545,cycling,24,M,5,71.4,68.5,74.9,1.13,161,323.6,9.15,8.03,61.5
A2546,running,26,M,11,70.8,82.2,88.1,1.19,192,332.5,7.91,7.74,62.6
A2547,rowing,30,F,15,70.0,65.0,84.5,1.5,167,229.7,9.15,6.46,86.9
A2548,cycling,18,F,9,59.1,77.9,84.8,1.47,186,348.2,9.13,6.34,76.3
A2549,rowing,25,F,12,55.4,82.8,85.3,0.99,193,250.0,8.78,7.43,79.8
A2550,rowing,21,M,9,73.2,84.2,80.1,1.41,173,256.6,8.07,7.37,73.7
A2551,rowing,20,F,6,57.7,74.6,86.3,1.07,186,365.8,9.43,6.51,70.1
A2552,cycling,20,M,14,60.0,63.1,86.7,0.85,178,380.2,9.81,6.32,74.3
A2553,running,30,M,4,67.5,86.2,77.2,1.2,159,365.0,9.61,9.77,67.7
A2554,running,25,F,15,57.3,79.5,78.0,1.48,163,229.6,7.73,9.31,87.2
A2555,cycling,24,M,2,70.5,65.5,87.8,1.48,165,399.9,8.34,9.08,64.1
A2556,rowing,18,M,14,51.8,97.4,80.5,0.89,186,334.4,8.03,6.07,80.7
A2557,cycling,33,M,3,69.8,98.2,87.3,1.34,160,302.1,9.12,5.95,79.1
A2558,cycling,23,M,2,65.0,94.3,82.5,1.36,200,391.0,9.49,9.05,72.1
A2559,cycling,24,F,5,64.3,93.8,81.9,1.06,175,363.5,7.65,5.92,64.1
A2560,rowing,29,M,6,61.5,63.9,70.6,1.26,189,338.3,9.84,7.52,88.1
A2561,cycling,26,F,11,56.9,99.7,75.6,1.14,168,367.7,9.03,6.11,82.8
A2562,rowing,28,M,5,61.6,76.0,80.0,0.96,167,277.1,7.66,6.89,92.4
A2563,cycling,27,M,2,61.3,66.5,81.7,1.33,179,336.9,8.11,9.27,69.4
A2564,running,18,F,12,64.6,92.5,82.6,0.98,181,238.1,7.31,9.46,91.7
A2565,cycling,35,M,5,57.0,69.0,84.3,1.04,172,397.6,8.79,9.98,71.7
A2566,cycling,21,M,9,51.9,81.0,83.1,0.93,161,317.8,7.51,9.72,64.5
A2567,running,22,M,4,53.6,65.1,87.0,1.3,162,362.8,9.08,8.36,65.4
A2568,rowing,26,M,12,67.5,79.0,75.9,1.12,170,281.5,9.21,7.16,68.8
A2569,rowing,34,M,10,50.6,82.3,82.8,1.11,170,351.7,8.44,5.29,87.3
A2570,cycling,20,M,2,71.4,77.8,71.0,1.22,178,277.5,7.28,8.04,69.8
A2571,running,33,F,3,67.4,62.8,79.6,0.91,178,318.0,8.83,6.05,84.2
A2572,rowing,22,F,3,69.2,79.4,75.4,1.43,199,355.6,8.12,9.25,70.3
A2573,cycling,33,F,9,70.9,78.8,77.6,1.13,176,223.3,9.85,7.74,74.6
A2574,running,20,M,4,53.1,70.5,77.1,1.06,178,271.4,8.54,8.67,95.6
A2575,rowing,32,M,15,70.6,96.9,71.2,0.89,164,309.0,7.22,8.37,80.0
A2576,rowing,20,M,1,62.6,76.7,79.3,0.92,196,266.8,8.91,6.74,84.0
A2577,running,31,F,1,72.1,94.6,89.9,1.44,161,261.8,9.34,8.8,67.6
A2578,running,33,M,15,72.2,64.4,76.0,1.12,190,256.3,7.48,9.22,65.3
A2579,running,34,F,7,50.6,72.8,84.7,1.31,168,245.6,8.35,8.72,76.5
A2580,running,35,M,7,59.6,67.1,81.0,0.86,161,369.8,9.23,8.88,94.2
A2581,cycling,35,M,2,63.2,76.3,76.5,1.25,172,384.7,7.06,6.8,69.6
A2582,running,31,M,9,67.0,64.5,71.8,1.45,154,340.0,7.09,9.72,84.9
A2583,rowing,35,F,9,57.2,77.6,74.3,1.01,175,206.0,9.03,7.12,94.9
A2584,rowing,32,M,5,56.3,74.2,85.6,1.21,159,357.2,9.18,9.49,97.4
A2585,cycling,32,F,15,59.5,68.9,75.6,1.46,171,306.4,9.54,9.29,99.8
A2586,rowing,23,M,15,62.5,85.7,72.9,1.3,188,351.6,8.2,5.62,90.5
A2587,rowing,32,M,3,73.8,98.0,76.6,0.84,172,287.5,8.17,9.83,63.0
A2588,running,35,F,3,69.1,68.3,81.7,1.07,160,208.3,8.66,9.98,94.9
A2589,rowing,21,M,12,60.7,88.5,84.1,0.86,177,336.3,9.27,8.03,95.4
A2590,cycling,25,M,3,51.4,89.7,77.7,1.4,180,288.8,8.92,8.92,82.3
A2591,running,32,M,6,54.2,79.9,80.0,1.24,157,374.8,7.98,9.67,62.7
A2592,running,20,M,4,61.4,95.9,79.1,1.47,188,347.6,8.04,5.1,79.1
A2593,cycling,32,F,8,70.3,98.7,70.2,0.81,197,271.9,9.29,9.65,68.4
A2594,running,30,F,15,59.5,74.5,77.9,1.1,177,344.8,8.6,8.14,77.7
A2595,running,26,M,13,63.5,86.0,81.7,0.87,165,299.0,7.29,9.14,89.0
A2596,cycling,19,M,11,72.3,86.5,81.4,1.05,195,239.9,7.46,7.7,86.7
A2597,running,25,F,13,72.8,76.1,85.0,0.91,196,284.0,9.55,7.65,91.2
A2598,cycling,34,M,11,55.4,72.7,83.4,1.03,180,244.5,10.0,9.49,79.1
A2599,cycling,30,F,11,51.1,97.3,75.5,1.37,190,201.0,8.01,7.54,80.4
A2600,rowing,18,M,5,57.6,91.6,75.1,0.91,197,249.4,8.16,7.36,97.4
A2601,rowing,19,F,1,67.4,64.6,79.3,1.13,165,241.9,7.46,8.04,85.2
A2602,running,32,F,9,73.8,64.8,84.7,1.45,154,200.9,7.71,7.59,89.9
A2603,running,29,F,1,51.9,96.9,71.9,1.5,184,356.8,8.27,7.23,86.6
A2604,cycling,31,F,6,50.7,63.3,89.0,0.98,174,215.4,7.85,5.9,85.6
A2605,running,19,M,1,72.1,87.5,80.9,1.45,162,289.8,9.1,6.99,96.5
A2606,cycling,35,M,3,68.7,69.1,76.1,0.98,178,283.6,8.61,6.41,74.3
A2607,cycling,24,F,15,74.8,61.4,83.9,1.09,176,236.3,9.47,7.0,77.1
A2608,running,23,F,10,59.9,62.4,70.9,1.41,189,393.4,9.17,7.97,75.2
A2609,cycling,31,F,5,60.4,74.9,79.7,1.35,166,320.7,7.38,8.04,90.6
A2610,rowing,25,F,15,54.3,63.1,79.7,1.4,186,362.7,7.37,6.19,94.7
A2611,running,19,M,10,52.9,83.9,73.2,1.36,187,299.2,9.69,5.42,74.3
A2612,rowing,34,F,7,64.5,85.9,86.7,0.96,178,344.6,9.46,8.72,65.7
A2613,running,22,F,14,59.1,74.9,85.9,1.19,183,394.0,8.4,7.64,79.8
A2614,cycling,31,F,10,52.0,89.7,73.1,1.07,179,269.7,7.39,7.21,99.4
A2615,running,20,F,8,72.2,79.6,77.3,1.12,180,300.9,9.7,5.65,68.1
A2616,rowing,22,F,12,55.0,77.2,72.0,0.91,171,302.9,7.69,7.07,78.1
A2617,cycling,33,F,9,68.7,76.3,87.0,1.02,195,398.4,7.11,9.09,70.9
A2618,running,35,F,6,57.1,77.2,76.5,1.4,174,246.6,9.77,7.91,96.9
A2619,running,34,M,15,70.3,98.7,78.8,1.43,153,335.1,9.43,5.45,82.0
A2620,running,28,F,11,53.0,87.3,76.5,1.23,184,227.6,9.08,6.66,83.1
A2621,rowing,34,F,9,68.9,72.6,76.2,1.15,190,385.4,7.1,9.9,60.3
A2622,rowing,33,F,8,52.5,89.4,84.9,1.3,199,318.1,8.59,7.72,86.1
A2623,running,19,M,9,61.2,73.2,85.0,1.23,193,371.9,8.96,6.43,72.3
A2624,cycling,21,M,10,68.4,65.0,80.4,1.49,158,379.0,9.28,9.57,80.5
A2625,cycling,24,M,4,54.3,79.0,83.2,0.93,175,311.4,8.41,6.68,81.2
A2626,rowing,19,F,9,57.1,90.0,80.2,1.11,176,336.4,9.86,8.65,83.7
A2627,cycling,23,F,15,71.6,75.1,70.6,1.44,176,339.7,7.73,5.74,92.9
A2628,rowing,34,F,7,72.1,94.8,71.3,1.44,167,292.1,7.21,5.78,72.0
A2629,running,24,M,5,51.1,75.5,77.7,1.15,179,287.0,8.0,7.81,70.2
A2630,rowing,22,F,5,54.2,74.0,85.0,0.89,194,237.2,8.99,6.2,91.8
A2631,rowing,22,M,1,52.9,99.9,88.3,1.37,195,276.8,9.21,5.25,88.7
A2632,running,33,M,2,54.5,79.3,70.6,1.21,180,398.2,9.22,9.63,69.0
A2633,cycling,26,M,10,74.3,92.2,77.4,1.34,191,254.0,7.33,5.28,60.0
A2634,rowing,22,M,3,63.8,92.2,74.5,1.12,152,352.5,9.66,8.59,86.6
A2635,rowing,25,M,14,61.7,97.1,86.3,0.94,178,211.9,7.84,6.66,66.3
A2636,running,26,F,14,74.6,63.4,86.9,0.82,156,293.5,7.63,9.67,98.3
A2637,cycling,22,F,8,63.9,70.8,74.1,1.19,167,211.7,8.84,9.93,84.2
A2638,rowing,27,M,6,66.5,90.7,84.2,0.91,165,295.2,7.64,6.68,94.0
A2639,running,19,F,12,58.3,82.5,84.6,0.93,198,205.5,8.52,7.96,92.2
A2640,rowing,26,F,10,59.6,82.4,73.5,1.11,181,322.7,8.22,8.86,82.3
A2641,running,28,M,11,64.9,66.6,78.7,1.11,187,317.3,7.7,5.62,77.5
A2642,cycling,21,M,13,51.7,71.2,82.4,0.99,174,359.6,7.88,8.55,79.9
A2643,cycling,19,F,15,56.4,80.9,70.5,0.89,193,316.7,8.28,9.53,92.1
A2644,cycling,23,F,14,54.9,71.1,78.1,1.46,181,385.2,8.04,5.89,85.6
A2645,cycling,31,F,5,50.4,68.4,73.1,0.89,168,356.6,8.14,9.19,68.2
A2646,rowing,18,F,13,63.4,63.5,80.8,1.05,152,226.5,9.21,5.58,84.4
A2647,rowing,35,M,1,64.0,66.2,86.9,1.01,184,253.1,7.51,7.84,76.2
A2648,cycling,24,F,12,59.6,90.8,80.5,1.41,199,205.2,8.88,6.7,62.5
A2649,cycling,18,M,11,56.7,88.8,70.7,1.09,178,277.2,9.03,7.36,75.3
A2650,cycling,18,M,12,66.3,61.8,70.6,0.89,160,301.9,9.41,6.5,69.1
A2651,rowing,18,F,9,53.4,68.1,82.1,0.81,155,389.2,9.54,6.3,93.5
A2652,cycling,21,F,3,63.0,82.4,76.6,1.31,168,304.5,7.48,8.72,64.2
A2653,cycling,21,F,3,69.2,72.9,81.5,1.3,186,356.2,7.41,6.12,74.4
A2654,cycling,35,M,2,54.1,92.9,73.3,1.09,194,253.6,8.84,7.04,87.8
A2655,running,28,M,4,68.8,91.4,85.5,0.89,176,230.6,9.27,6.37,95.9
A2656,cycling,18,M,12,69.0,95.7,87.2,1.06,154,362.2,7.82,6.19,73.4
A2657,running,27,M,2,51.5,82.5,87.8,1.21,175,249.5,8.58,8.14,84.3
A2658,running,26,F,13,50.5,74.1,76.1,1.29,184,374.3,9.32,5.23,74.9
A2659,cycling,21,M,9,74.3,84.2,83.2,0.85,168,234.0,9.3,8.94,68.1
A2660,running,23,M,12,54.8,63.6,75.6,1.19,166,370.3,8.96,7.73,73.0
A2661,cycling,33,F,10,70.6,60.4,85.3,0.99,184,354.6,7.24,9.14,85.4
A2662,rowing,19,M,7,64.0,60.7,72.4,1.23,196,322.2,7.15,6.07,88.7
A2663,rowing,35,M,8,56.6,76.3,85.3,1.25,198,370.0,8.17,8.55,74.8
A2664,rowing,27,F,3,53.2,69.1,78.8,1.44,162,266.1,7.08,7.1,66.1
A2665,rowing,34,M,6,62.4,66.3,87.1,1.09,163,233.2,9.71,5.38,65.6
A2666,running,30,M,15,60.2,84.6,84.8,1.18,179,231.4,7.06,8.76,92.5
A2667,cycling,35,M,10,67.5,99.8,77.5,0.99,197,254.1,7.09,8.81,86.1
A2668,cycling,30,M,6,72.6,67.1,88.1,1.0,192,289.2,7.5,6.35,89.1
A2669,cycling,34,F,13,70.1,81.9,75.7,0.83,166,375.2,8.88,9.58,79.5
A2670,rowing,22,M,1,56.9,64.8,89.3,1.0,186,217.9,8.62,8.82,78.3
A2671,rowing,28,F,6,72.0,97.4,85.3,0.84,164,383.0,8.98,6.53,68.4
A2672,cycling,24,M,13,70.8,71.7,89.8,1.47,167,385.1,9.68,6.2,66.7
A2673,rowing,27,F,14,73.2,95.1,71.1,1.24,197,345.4,8.36,7.2,66.2
A2674,cycling,34,F,3,61.5,71.3,75.5,0.92,163,380.1,7.13,6.46,99.7
A2675,cycling,32,F,11,69.2,92.2,84.8,0.88,163,354.0,9.29,6.09,92.8
A2676,cycling,35,M,3,64.8,68.4,88.4,1.06,194,305.7,9.44,7.0,85.0
A2677,cycling,19,M,3,57.8,71.7,70.6,1.02,182,320.2,7.15,5.13,68.6
A2678,cycling,21,M,10,74.9,67.7,70.0,1.0,187,325.6,7.73,7.01,73.5
A2679,cycling,20,F,11,51.0,70.6,75.1,1.13,160,225.4,9.31,6.11,74.0
A2680,cycling,24,M,15,54.1,93.4,87.1,1.44,160,238.6,8.13,6.32,79.1
A2681,rowing,35,M,11,72.3,85.6,85.3,1.2,197,304.7,8.42,5.41,76.9
A2682,cycling,27,M,15,51.5,76.2,76.8,1.16,175,223.0,9.47,7.94,97.4
A2683,cycling,24,M,10,72.2,98.9,70.0,1.36,152,393.0,7.28,7.36,88.8
A2684,rowing,25,F,11,67.9,78.6,81.1,0.8,174,301.4,9.03,8.75,63.3
A2685,rowing,23,F,8,50.9,98.8,74.8,0.94,166,276.0,7.64,9.94,74.4
A2686,rowing,18,M,13,60.7,67.9,84.9,1.15,171,231.5,7.19,5.6,65.3
A2687,cycling,21,M,5,68.9,96.2,78.9,1.29,178,283.3,8.99,6.36,71.2
A2688,running,31,M,4,64.6,60.6,83.6,1.14,195,260.5,7.36,8.41,98.4
A2689,running,34,F,13,73.4,81.8,87.0,0.91,175,217.6,9.24,6.19,88.2
A2690,rowing,35,M,9,71.7,76.9,80.7,1.45,183,393.4,7.61,5.15,60.3
A2691,running,28,F,9,58.3,81.0,76.7,1.03,175,253.0,7.15,5.55,73.2
A2692,rowing,31,F,1,52.1,82.1,85.4,1.35,158,338.1,7.3,7.17,77.5
A2693,cycling,26,M,2,73.6,75.6,75.3,1.42,189,218.3,9.52,7.15,84.1
A2694,running,32,M,8,62.9,99.9,87.8,1.04,160,382.6,8.11,9.86,80.0
A2695,cycling,29,M,5,51.9,99.1,71.4,1.39,156,318.2,7.91,7.33,62.8
A2696,running,27,F,7,70.4,98.5,86.7,1.3,179,331.4,8.47,8.39,80.6
A2697,cycling,23,F,1,71.7,99.2,71.8,1.43,151,356.4,8.9,7.46,65.2
A2698,running,23,M,12,66.0,91.7,71.1,0.98,179,321.2,7.11,6.35,80.8
A2699,cycling,25,F,10,61.2,99.5,77.3,1.45,153,214.2,9.69,5.53,69.8
A2700,cycling,18,M,12,66.6,95.7,89.1,0.85,163,285.9,9.88,9.3,65.8
A2701,running,34,M,5,67.7,76.6,89.7,1.36,162,252.4,8.25,5.76,71.5
A2702,cycling,34,F,11,72.3,91.4,74.0,1.1,174,297.3,8.24,5.48,64.0
A2703,cycling,32,F,12,73.9,96.5,73.0,0.92,162,280.9,9.64,6.07,71.4
A2704,cycling,24,F,3,62.9,88.5,77.1,0.86,162,365.3,8.29,5.01,94.7
A2705,running,20,F,10,70.0,76.9,76.7,1.07,186,249.4,9.57,5.36,72.3
A2706,running,28,M,12,74.1,62.6,85.2,1.07,193,240.3,7.09,8.18,78.8
A2707,cycling,26,M,12,53.8,92.4,78.9,0.96,155,391.6,8.47,6.22,80.8
A2708,cycling,27,M,14,50.5,98.1,85.6,0.95,175,389.9,9.86,6.69,67.1
A2709,running,19,F,2,71.7,74.5,85.0,1.08,163,398.7,7.76,9.18,77.7
A2710,running,18,M,2,54.9,66.1,81.6,1.09,157,313.7,7.8,8.86,94.1
A2711,cycling,33,F,9,51.1,73.1,86.7,1.11,173,222.6,8.89,7.46,63.2
A2712,cycling,35,F,13,54.0,83.3,73.9,1.41,171,376.0,9.78,8.06,96.9
A2713,cycling,34,F,4,59.6,72.7,73.2,1.23,189,229.0,7.6,5.43,94.8
A2714,rowing,23,M,4,55.5,84.4,85.0,0.81,188,231.1,9.76,8.81,94.2
A2715,running,31,F,7,57.6,98.7,74.9,1.16,198,238.7,8.99,7.58,67.9
A2716,rowing,32,F,10,74.4,86.8,70.1,1.33,170,330.7,9.98,7.85,79.4
A2717,running,31,F,10,67.6,74.5,88.2,0.84,192,221.4,9.21,8.33,84.6
A2718,running,20,F,13,67.8,97.4,82.5,1.1,175,355.7,9.0,7.5,64.0
A2719,running,29,F,2,52.4,82.6,78.9,1.12,159,211.7,9.44,7.61,82.3
A2720,running,19,F,3,68.3,65.1,84.5,1.47,162,222.1,7.53,7.5,93.6
A2721,running,20,F,3,68.5,80.0,76.7,1.13,191,286.9,9.84,7.48,97.5
A2722,running,35,F,6,66.5,86.1,89.1,1.32,163,275.8,7.5,8.75,71.1
A2723,running,18,F,3,55.7,93.5,71.4,1.01,158,397.9,7.08,7.14,71.5
A2724,rowing,23,F,11,60.6,97.5,82.8,1.35,156,393.4,9.09,5.01,70.8
A2725,cycling,22,F,5,71.2,72.7,85.5,1.03,188,237.9,7.55,8.06,66.1
A2726,cycling,18,F,4,66.8,66.2,79.4,1.1,180,389.3,9.28,9.76,77.2
A2727,rowing,18,M,3,68.3,63.0,85.1,1.14,199,338.5,9.39,6.28,91.4
A2728,rowing,33,M,8,64.7,89.5,88.5,1.45,165,281.8,7.71,9.08,88.5
A2729,rowing,29,F,14,61.2,91.8,84.9,0.84,157,347.9,7.26,7.28,96.0
A2730,rowing,25,F,10,69.0,76.4,76.2,0.94,197,380.0,8.5,8.21,74.2
A2731,running,33,F,3,51.7,75.8,81.2,1.29,200,236.0,9.67,9.45,82.9
A2732,cycling,18,M,6,66.8,98.2,88.2,1.2,164,239.2,9.54,8.86,90.7
A2733,running,21,M,13,74.9,96.7,79.0,0.98,174,281.7,7.35,9.42,95.9
A2734,cycling,27,M,15,69.5,69.3,83.6,1.0,196,233.8,9.89,5.05,94.9
A2735,cycling,28,F,7,57.3,91.2,79.3,1.06,187,272.1,7.79,5.94,78.6
A2736,rowing,34,F,7,56.9,84.9,72.4,1.12,190,329.1,8.05,7.12,96.3
A2737,running,24,F,2,66.7,66.2,71.2,1.37,164,362.6,7.45,9.24,77.8
A2738,rowing,29,F,14,72.4,74.3,89.0,0.81,174,260.4,8.13,9.19,96.1
A2739,running,24,M,3,64.4,67.1,82.3,1.43,156,256.3,8.91,5.93,91.1
A2740,cycling,29,F,12,63.2,71.8,72.1,1.09,175,355.9,8.52,5.71,68.9
A2741,rowing,32,M,10,54.0,84.6,87.1,0.96,157,276.2,9.48,9.17,97.2
A2742,rowing,19,M,10,67.9,75.0,80.5,1.16,167,363.7,8.92,7.71,69.7
A2743,cycling,31,F,15,67.6,75.8,85.4,1.26,170,398.7,7.79,8.13,96.3
A2744,cycling,30,M,4,74.2,81.6,72.5,0.83,165,395.9,8.67,9.05,84.6
A2745,cycling,21,M,7,57.5,63.5,88.1,1.3,196,332.5,7.19,6.06,86.7
A2746,rowing,31,M,2,68.9,89.6,81.8,1.33,152,275.0,8.74,5.68,64.4
A2747,running,31,M,3,60.9,76.1,84.8,0.92,150,213.1,8.17,9.3,62.6
A2748,rowing,33,F,7,64.0,79.2,70.6,0.92,162,347.6,7.3,5.56,98.7
A2749,running,24,F,7,70.4,99.0,76.3,0.94,181,395.6,7.92,5.44,73.5
A2750,rowing,19,M,15,55.5,73.8,75.3,1.36,161,213.6,9.69,6.39,93.8
A2751,rowing,27,F,10,58.6,85.9,89.0,0.99,180,201.2,8.76,6.58,88.2
A2752,cycling,35,M,3,69.3,75.7,73.7,1.36,190,366.4,9.71,6.21,84.2
A2753,running,34,F,12,64.3,95.8,84.1,1.18,151,220.5,8.23,8.71,87.4
A2754,rowing,22,F,1,52.3,93.9,70.9,1.34,190,216.3,9.94,9.87,63.6
A2755,rowing,29,F,12,60.8,69.7,74.0,1.19,157,382.1,8.08,6.0,76.5
A2756,cycling,23,F,3,64.7,87.7,76.8,1.04,174,215.9,9.27,8.91,84.3
A2757,cycling,26,F,5,72.7,62.6,85.9,1.44,154,222.8,7.92,5.22,94.7
A2758,running,18,M,7,54.7,98.5,85.8,1.3,194,313.9,7.32,5.59,88.6
A2759,rowing,32,F,4,70.1,74.0,89.1,1.14,151,351.4,9.5,7.58,70.1
A2760,running,23,M,13,53.3,93.3,88.3,1.25,191,279.9,9.29,10.0,99.4
A2761,rowing,35,M,13,56.1,72.7,71.6,1.23,187,284.1,9.46,9.75,85.7
A2762,running,23,F,11,56.1,85.3,86.6,1.05,188,326.5,7.9,5.56,80.1
A2763,cycling,30,M,11,71.9,99.3,79.0,1.1,152,301.1,9.11,6.2,91.3
A2764,rowing,18,F,15,55.0,95.1,87.3,1.02,195,203.7,7.66,9.73,84.1
A2765,running,30,M,1,69.7,66.4,71.8,1.5,197,222.7,7.03,5.75,88.4
A2766,cycling,24,M,6,61.5,81.9,86.5,1.21,187,316.3,9.6,8.71,84.7
A2767,cycling,32,F,2,75.0,73.9,73.2,0.86,171,358.7,8.57,5.01,67.2
A2768,running,29,F,12,71.0,77.4,76.7,1.16,189,352.6,9.95,8.16,81.7
A2769,rowing,18,F,3,68.5,73.4,70.6,0.83,182,348.0,8.16,7.47,71.3
A2770,rowing,32,F,4,71.8,73.4,72.5,1.0,181,354.3,9.87,7.36,82.8
A2771,cycling,21,M,6,65.9,81.7,78.9,1.11,196,208.9,8.85,9.15,65.0
A2772,rowing,30,F,6,71.1,67.7,86.4,1.17,166,379.0,8.54,5.4,69.3
A2773,rowing,22,M,7,56.5,81.5,85.5,1.48,167,377.9,7.91,6.89,92.3
A2774,rowing,19,M,5,52.4,71.2,74.7,1.49,152,306.4,9.48,7.23,76.2
A2775,cycling,18,M,7,65.4,71.6,73.0,0.87,155,249.7,9.49,5.62,87.0
A2776,running,33,M,2,60.9,89.5,77.8,1.18,198,318.4,8.25,5.43,79.9
A2777,rowing,23,M,1,60.7,61.2,87.7,1.37,162,311.6,9.18,5.9,73.6
A2778,cycling,33,M,12,63.2,75.2,71.8,0.97,180,244.6,8.34,6.21,79.8
A2779,cycling,31,F,10,59.0,76.3,80.9,1.33,166,320.6,9.22,9.83,92.5
A2780,running,20,M,8,65.7,79.4,71.8,1.42,170,359.5,9.98,7.38,71.3
A2781,rowing,32,M,1,50.8,86.8,79.4,1.26,165,361.2,7.79,7.55,76.9
A2782,rowing,20,M,12,74.2,74.8,72.5,1.03,166,211.9,8.9,8.53,68.1
A2783,running,19,F,2,73.1,68.5,71.6,1.45,181,239.4,8.14,8.42,74.0
A2784,running,18,F,11,73.4,95.4,73.8,1.42,150,333.6,8.65,7.51,95.4
A2785,cycling,26,M,12,59.1,99.2,75.1,1.3,197,372.0,9.62,6.7,91.4
A2786,cycling,26,F,10,63.3,60.8,75.5,1.05,187,304.2,8.04,6.66,74.9
A2787,running,24,M,6,73.9,81.9,82.9,1.35,157,341.5,7.22,5.29,65.3
A2788,rowing,20,F,1,72.6,73.7,71.1,1.02,150,204.2,9.4,9.5,76.8
A2789,cycling,35,M,10,69.8,71.1,71.6,0.98,151,321.7,8.67,8.85,90.9
A2790,cycling,28,F,3,60.2,73.4,73.8,1.16,196,392.4,8.35,8.12,61.8
A2791,rowing,24,F,7,64.1,85.6,87.4,1.5,186,332.2,7.55,6.98,89.8
A2792,cycling,26,F,12,69.8,67.6,82.6,1.36,173,384.5,7.28,7.91,87.2
A2793,rowing,18,M,8,56.8,96.5,84.6,1.31,176,313.2,7.84,7.43,62.6
A2794,rowing,31,M,4,65.7,78.6,77.4,1.12,169,368.7,9.16,6.37,85.4
A2795,rowing,23,M,12,70.7,73.0,74.3,1.02,196,224.8,8.24,6.49,71.9
A2796,running,24,F,3,67.7,90.6,70.8,1.4,170,224.7,8.71,9.37,67.1
A2797,running,27,F,1,62.0,60.7,79.8,1.2,191,224.0,7.25,8.17,75.4
A2798,running,24,M,12,64.6,77.3,81.5,1.37,186,297.8,7.37,5.01,68.2
A2799,rowing,19,F,9,74.7,74.2,87.9,1.14,184,266.1,7.03,6.63,93.0
A2800,rowing,21,M,10,65.0,73.5,87.6,1.33,187,343.8,9.02,6.7,89.7
A2801,running,34,M,6,69.6,73.5,78.5,1.41,164,380.5,7.79,8.53,99.2
A2802,cycling,18,M,6,68.2,61.3,78.5,1.07,199,323.9,9.9,8.5,81.4
A2803,rowing,27,M,9,67.5,66.1,73.2,0.81,195,242.6,7.93,7.32,63.6
A2804,cycling,32,F,1,67.9,65.7,75.1,0.98,191,386.2,8.09,9.75,74.7
A2805,cycling,27,F,6,61.4,99.5,88.5,1.44,179,305.6,8.41,9.36,93.5
A2806,rowing,29,F,12,61.9,60.9,72.8,1.28,153,344.0,7.96,9.33,75.9
A2807,rowing,33,M,5,61.7,66.7,89.4,1.32,192,378.1,9.45,6.74,78.2
A2808,cycling,26,F,13,50.8,99.0,80.1,1.03,188,398.0,9.63,7.15,76.5
A2809,cycling,32,M,11,56.0,85.1,79.1,1.29,164,301.2,7.03,7.09,69.4
A2810,running,34,M,15,53.9,78.0,73.5,1.25,172,361.6,8.96,7.2,62.9
A2811,running,31,M,6,72.2,63.2,83.2,0.92,190,313.4,9.06,9.45,67.2
A2812,rowing,35,M,14,56.9,86.8,79.2,1.48,164,297.3,9.88,6.25,74.6
A2813,running,19,M,11,53.5,65.5,77.4,1.05,175,307.5,8.11,9.01,69.8
A2814,running,21,M,8,53.0,86.8,75.3,1.03,161,296.9,7.59,7.57,82.9
A2815,running,35,F,5,67.5,99.2,71.3,1.06,167,284.2,8.56,6.25,84.6
A2816,running,24,F,2,50.2,81.3,80.4,0.86,155,344.7,8.34,7.64,82.8
A2817,cycling,30,F,12,61.8,68.6,76.3,1.24,167,249.9,9.38,5.98,63.4
A2818,rowing,32,F,12,53.0,85.0,84.2,0.97,199,323.3,9.71,5.54,86.7
A2819,running,18,M,2,71.2,80.5,84.5,1.36,173,342.6,7.26,9.19,75.4
A2820,cycling,28,M,10,74.0,81.3,76.6,1.08,187,378.4,9.54,8.5,95.1
A2821,cycling,27,F,5,74.0,79.1,83.4,1.12,177,266.4,9.73,6.02,81.0
A2822,cycling,22,F,3,61.0,86.9,75.2,1.25,164,372.1,9.77,9.71,63.4
A2823,running,33,F,10,66.1,82.9,84.5,1.33,168,389.1,9.29,5.12,60.4
A2824,running,28,F,3,65.0,99.5,70.3,0.96,154,329.7,9.23,6.67,88.1
A2825,rowing,23,F,8,58.8,93.0,73.0,1.48,153,354.3,7.04,5.11,76.0
A2826,running,26,F,7,61.1,70.6,74.9,1.24,166,281.1,9.76,5.71,71.5
A2827,running,30,F,1,51.6,89.0,85.5,0.8,159,390.4,8.05,5.9,77.9
A2828,cycling,25,F,12,69.9,68.6,71.3,1.09,161,334.2,7.12,9.05,62.9
A2829,rowing,31,M,13,56.0,91.3,73.8,1.11,154,262.0,8.24,9.97,75.7
A2830,running,18,M,12,61.5,65.9,77.2,1.37,156,280.9,9.2,9.34,72.6
A2831,running,34,M,5,62.0,78.9,70.2,1.01,193,323.6,8.33,8.18,92.0
A2832,cycling,22,M,9,64.0,91.6,85.2,1.03,172,246.8,9.27,8.61,67.0
A2833,cycling,19,F,4,70.4,71.2,81.2,0.85,151,350.8,8.53,7.61,90.3
A2834,running,26,M,1,67.3,93.5,88.0,1.0,179,244.9,7.9,7.11,80.0
A2835,rowing,21,F,8,66.6,85.8,70.6,1.3,198,318.4,7.61,8.46,63.3
A2836,rowing,34,M,5,63.2,75.9,75.4,1.24,194,339.4,8.26,9.87,98.8
A2837,cycling,34,F,2,52.4,76.9,84.6,0.86,186,371.9,7.11,5.14,89.4
A2838,cycling,35,F,15,60.1,97.0,83.5,0.88,154,346.8,8.27,6.57,70.4
A2839,running,33,M,12,73.9,68.7,74.9,1.06,169,359.8,7.21,6.65,83.3
A2840,cycling,25,M,1,74.9,87.7,81.9,1.32,175,382.6,9.63,7.07,96.0
A2841,running,28,F,14,68.3,88.3,85.9,1.38,193,319.6,8.73,8.13,97.2
A2842,rowing,35,F,12,55.7,96.9,70.7,0.81,193,369.3,8.94,7.57,89.2
A2843,rowing,27,F,12,52.5,88.5,84.4,1.03,188,246.4,7.87,5.09,89.1
A2844,running,30,M,12,60.4,83.4,75.0,1.1,155,362.9,7.68,7.06,71.1
A2845,cycling,34,M,3,71.4,96.1,89.0,1.44,178,244.3,9.12,8.1,99.6
A2846,rowing,35,F,9,68.0,93.2,80.8,1.15,159,386.9,9.01,7.52,69.7
A2847,cycling,27,M,1,72.1,88.7,70.7,0.99,200,266.0,7.37,9.36,63.6
A2848,rowing,33,F,4,65.4,61.3,78.1,1.07,165,234.4,7.72,6.99,99.1
A2849,running,22,M,8,53.3,74.9,89.3,1.11,183,229.6,9.84,5.06,66.1
A2850,running,30,M,8,52.9,85.3,84.6,1.27,180,237.5,7.91,6.42,80.9
A2851,running,35,M,10,51.2,80.9,76.0,0.83,185,289.5,7.08,5.68,78.7
A2852,rowing,34,M,12,64.2,72.8,81.5,1.07,190,304.4,7.19,6.25,93.9
A2853,cycling,26,M,11,56.1,65.8,82.0,1.25,154,382.8,9.33,6.81,75.9
A2854,cycling,31,F,13,68.4,82.1,70.5,1.0,182,276.2,9.27,8.38,80.1
A2855,cycling,34,F,11,67.2,71.4,73.6,1.21,192,243.5,8.15,6.62,61.7
A2856,rowing,21,M,8,58.0,69.3,81.0,1.05,168,348.8,7.46,9.42,68.3
A2857,rowing,35,F,10,54.4,76.0,78.1,1.33,181,226.9,8.49,6.5,93.3
A2858,rowing,32,F,8,52.6,91.4,73.8,0.84,172,378.5,8.0,5.68,79.1
A2859,rowing,28,M,4,68.4,79.5,85.5,1.44,152,281.9,8.12,5.84,69.2
A2860,rowing,29,F,8,61.3,68.7,79.8,0.92,150,322.8,7.78,9.67,74.8
A2861,cycling,26,M,9,58.1,64.7,76.2,0.91,185,237.2,7.19,7.27,71.4
A2862,rowing,30,F,7,71.4,80.0,73.2,1.39,190,229.1,9.37,7.02,82.2
A2863,rowing,32,F,14,64.8,91.8,82.2,1.41,177,359.8,8.85,5.34,62.1
A2864,cycling,32,F,12,63.0,86.1,83.3,0.87,197,285.9,9.5,8.67,69.0
A2865,rowing,22,F,2,68.6,69.3,83.4,1.44,188,397.3,8.51,8.47,74.2
A2866,cycling,31,F,9,70.4,77.5,74.4,0.99,154,304.9,9.95,6.88,97.1
A2867,cycling,34,F,11,67.2,94.2,81.9,1.23,162,369.1,9.89,8.46,84.9
A2868,running,35,F,8,61.0,67.1,88.1,0.85,160,396.0,7.82,6.84,80.2
A2869,running,20,M,13,59.5,81.3,77.1,1.07,195,256.2,8.16,5.37,67.6
A2870,running,19,M,5,69.3,74.2,74.2,1.12,171,360.2,9.26,8.69,82.3
A2871,running,18,M,15,62.9,65.0,85.4,1.22,198,204.4,9.33,9.83,97.2
A2872,rowing,27,M,12,67.6,62.0,73.5,1.17,172,336.0,9.73,8.24,82.7
A2873,running,34,F,3,72.3,82.2,75.1,1.12,161,349.0,8.96,6.38,66.6
A2874,cycling,29,F,7,72.9,60.8,72.0,1.47,170,295.5,8.43,6.35,99.9
A2875,rowing,18,F,14,56.9,64.1,75.4,0.93,168,232.4,8.13,9.64,80.0
A2876,running,29,M,14,54.7,73.9,78.2,0.91,154,323.3,8.26,6.52,72.8
A2877,cycling,34,M,15,56.5,61.7,71.3,1.3,173,379.5,9.55,8.84,80.1
A2878,rowing,20,M,2,68.8,76.0,87.4,0.85,179,386.3,9.94,8.21,70.5
A2879,rowing,28,F,13,59.3,65.2,80.3,1.14,157,349.2,7.16,7.96,61.2
A2880,running,34,M,3,54.3,74.0,81.8,1.14,151,252.7,8.74,5.91,95.6
A2881,rowing,20,F,12,52.5,91.6,77.4,1.02,198,374.1,8.56,5.17,77.2
A2882,cycling,25,M,9,58.2,85.1,83.4,1.45,183,377.8,8.13,7.44,90.1
A2883,rowing,21,F,4,53.4,77.8,78.6,1.0,172,273.4,9.55,9.94,98.9
A2884,cycling,24,M,4,53.9,63.7,85.2,1.0,152,236.6,8.73,5.98,85.3
A2885,rowing,31,F,3,67.1,84.8,86.4,0.96,173,374.9,7.94,7.68,87.7
A2886,running,31,M,5,50.5,66.5,83.4,0.9,167,377.0,8.33,8.35,97.7
A2887,cycling,21,M,3,52.9,63.1,79.8,1.05,196,220.2,8.07,7.42,80.7
A2888,rowing,33,F,9,71.1,86.6,85.6,1.28,186,393.4,8.29,7.53,72.8
A2889,rowing,18,F,15,71.1,96.5,79.9,1.32,198,306.6,7.21,8.31,96.9
A2890,rowing,34,M,3,58.2,78.4,72.2,1.37,180,398.7,7.34,9.07,62.8
A2891,cycling,27,F,2,52.2,61.6,72.3,0.94,163,289.0,8.87,6.67,68.6
A2892,cycling,33,M,12,67.6,95.2,89.0,0.82,150,306.7,9.05,9.5,73.7
A2893,cycling,33,F,5,59.0,62.7,74.3,1.48,163,253.2,8.91,7.42,91.3
A2894,running,25,M,6,51.1,94.7,86.3,0.81,190,379.8,9.29,8.31,96.2
A2895,running,24,F,1,53.9,75.7,74.9,1.47,154,288.7,9.83,5.53,78.1
A2896,cycling,23,M,14,53.4,74.6,78.6,1.38,180,362.9,9.58,7.46,71.4
A2897,rowing,33,M,12,64.7,81.7,83.1,1.44,180,215.9,8.26,5.08,74.1
A2898,running,33,M,11,72.5,98.3,73.2,1.07,179,357.6,7.65,6.96,86.3
A2899,cycling,24,F,6,69.8,95.9,84.7,0.94,185,298.0,7.94,5.27,66.3
A2900,rowing,26,M,10,63.7,78.8,83.8,1.22,150,201.1,8.76,9.48,81.9
A2901,running,31,F,3,60.6,87.8,80.9,1.32,152,245.3,9.57,8.36,83.5
A2902,rowing,28,F,4,65.5,83.2,81.3,0.89,169,238.7,9.11,8.96,88.3
A2903,rowing,31,F,6,61.1,87.7,72.1,1.36,192,350.4,8.63,7.34,84.2
A2904,rowing,24,M,8,56.2,93.2,78.7,0.95,197,295.4,8.81,9.26,63.9
A2905,rowing,18,F,15,67.0,61.4,71.7,1.14,192,231.9,8.58,9.37,87.6
A2906,running,30,F,9,71.8,73.0,76.2,1.4,170,251.4,9.91,6.78,60.9
A2907,running,20,F,6,59.3,98.4,88.0,0.94,179,300.8,9.45,6.88,75.6
A2908,running,21,M,7,71.0,98.0,81.5,0.97,191,203.9,9.34,7.54,76.7
A2909,cycling,28,F,15,60.8,60.4,84.9,0.84,193,284.8,8.55,5.21,64.7
A2910,running,19,F,14,60.0,68.1,81.5,0.9,179,335.6,8.0,9.98,60.4
A2911,rowing,31,F,5,50.7,99.8,73.9,0.9,154,303.6,7.06,6.8,62.8
A2912,running,29,F,14,67.4,79.7,81.9,0.94,159,319.6,7.13,7.35,77.9
A2913,rowing,34,M,12,70.2,82.9,85.1,1.0,173,265.3,7.09,8.77,69.6
A2914,cycling,29,M,15,66.6,66.7,72.8,1.37,194,236.6,9.94,6.49,62.8
A2915,rowing,29,F,9,53.8,95.8,86.3,1.44,200,361.9,7.34,6.01,70.3
A2916,rowing,18,F,4,52.6,69.3,81.1,1.08,188,381.1,7.43,5.64,81.2
A2917,rowing,30,F,10,64.3,67.6,70.1,0.89,197,302.1,8.45,7.64,89.7
A2918,cycling,31,F,11,60.0,69.1,80.4,0.96,155,261.0,8.44,5.03,76.5
A2919,running,19,M,6,60.7,96.8,77.9,1.32,159,302.2,9.76,8.55,84.5
A2920,running,29,M,5,74.2,88.1,75.9,1.27,191,375.8,7.22,7.31,83.9
A2921,cycling,33,M,1,68.1,90.7,85.4,1.48,192,338.3,9.87,7.66,95.9
A2922,rowing,21,M,5,60.3,75.1,88.0,0.81,159,371.7,7.65,6.32,67.2
A2923,running,25,F,13,50.5,96.4,85.3,1.33,174,265.7,9.91,5.89,79.1
A2924,cycling,19,F,5,50.9,91.6,86.9,1.15,163,342.4,8.62,8.5,85.3
A2925,running,27,M,14,67.1,90.0,88.2,1.43,196,330.6,8.96,6.05,80.8
A2926,cycling,26,M,9,70.9,98.8,88.3,1.2,188,314.3,7.95,8.9,78.0
A2927,rowing,32,F,1,67.7,74.6,72.3,1.11,162,305.6,8.84,6.02,98.9
A2928,running,30,F,15,60.1,84.4,79.1,1.27,160,310.2,9.13,8.06,97.7
A2929,cycling,34,F,5,50.8,96.4,70.0,1.38,188,369.9,7.03,8.22,84.5
A2930,running,33,F,15,74.2,91.6,80.1,1.0,160,383.2,7.1,7.53,77.6
A2931,running,19,F,7,74.7,82.5,88.5,0.88,195,222.6,9.96,9.98,90.2
A2932,running,31,M,11,63.7,63.0,74.0,1.1,198,313.8,8.37,6.88,80.5
A2933,running,20,M,6,51.8,86.1,82.8,0.95,165,383.7,9.81,9.42,99.8
A2934,cycling,29,F,6,63.5,81.1,82.9,1.1,182,226.9,9.19,5.85,87.4
A2935,rowing,25,F,12,72.3,67.4,73.2,1.49,190,282.6,8.12,6.69,62.7
A2936,cycling,19,M,7,67.0,95.3,74.8,1.2,190,217.8,7.45,5.73,76.1
A2937,cycling,21,F,6,68.0,73.7,79.2,1.29,181,222.7,9.93,8.02,89.2
A2938,cycling,31,M,5,52.1,75.5,73.8,1.27,159,380.8,8.75,8.19,93.7
A2939,rowing,33,M,10,52.7,86.9,81.7,1.37,200,289.2,7.58,7.27,92.5
A2940,running,19,M,5,53.2,79.6,79.7,1.46,164,337.7,9.04,8.6,99.1
A2941,running,29,M,9,72.6,63.6,80.4,1.26,165,227.8,7.28,9.34,79.6
A2942,running,31,F,14,63.1,75.5,72.7,1.13,192,204.4,9.6,8.88,65.6
A2943,rowing,23,F,8,69.8,63.8,80.3,1.02,176,378.1,7.27,6.21,86.1
A2944,running,30,M,14,52.9,67.6,71.0,1.05,198,314.9,7.71,6.6,62.8
A2945,rowing,21,F,12,73.2,60.3,87.6,1.03,200,204.0,7.27,6.9,98.9
A2946,running,35,F,15,70.5,67.3,76.9,1.03,194,398.5,7.31,6.02,90.3
A2947,running,29,F,10,55.6,73.2,87.1,1.29,181,298.4,8.57,6.81,99.3
A2948,cycling,25,F,14,71.9,81.5,84.0,1.21,155,295.2,9.06,6.19,75.1
A2949,rowing,24,M,4,56.6,96.8,85.3,0.94,196,324.2,9.37,9.98,60.6
A2950,cycling,33,F,4,55.1,81.6,76.3,1.48,197,201.6,9.09,8.92,80.9
A2951,cycling,23,M,10,56.6,88.2,74.6,1.1,185,313.8,8.09,9.3,64.8
A2952,cycling,28,M,5,72.7,74.3,78.1,1.2,157,325.9,8.67,9.61,87.2
A2953,rowing,22,F,13,72.9,90.1,70.5,1.29,174,259.4,9.78,8.33,79.9
A2954,rowing,33,M,13,58.2,84.8,88.4,1.23,156,345.4,8.16,5.88,90.1
A2955,running,24,F,3,67.6,78.4,77.7,1.02,166,275.5,7.76,8.79,71.6
A2956,cycling,22,F,15,66.9,67.8,89.8,1.36,197,343.6,8.56,5.08,93.2
A2957,running,28,M,8,70.2,72.1,85.2,0.88,179,228.8,7.89,5.57,86.0
A2958,cycling,32,F,7,57.4,84.8,71.6,1.2,151,382.7,7.79,5.15,99.5
A2959,rowing,20,M,5,62.8,77.0,83.2,0.99,166,375.9,9.34,5.68,67.1
A2960,rowing,22,M,10,66.7,95.6,75.4,1.23,153,230.1,9.67,8.76,62.0
A2961,rowing,22,F,3,50.7,69.4,74.9,0.95,175,387.7,8.51,9.43,94.0
A2962,cycling,26,F,15,59.4,62.9,75.1,1.34,163,311.6,9.34,6.39,73.5
A2963,rowing,32,F,5,67.4,83.6,88.3,0.96,157,340.3,7.56,5.6,77.2
A2964,cycling,20,M,3,56.3,95.4,80.0,1.42,154,368.1,8.64,6.36,97.0
A2965,running,23,F,10,73.9,74.6,83.4,1.4,154,216.7,8.91,8.24,77.6
A2966,cycling,34,M,5,50.8,85.9,75.6,1.05,154,233.9,8.47,6.75,71.9
A2967,running,25,M,1,74.0,69.3,80.5,1.07,176,258.1,7.35,9.81,62.4
A2968,cycling,28,F,6,55.4,82.3,77.0,1.29,154,295.4,9.2,5.65,77.7
A2969,running,23,F,10,51.2,91.5,76.4,0.86,152,269.2,9.52,9.95,86.2
A2970,rowing,25,F,4,57.3,94.7,74.9,0.86,187,301.2,8.91,5.06,70.8
A2971,running,27,M,4,69.7,64.2,78.2,0.9,179,237.2,7.51,7.26,88.7
A2972,rowing,20,F,8,68.8,74.3,83.2,1.19,150,336.4,7.22,6.26,79.1
A2973,rowing,31,M,2,55.2,85.6,74.4,0.9,157,211.1,7.9,7.83,94.3
A2974,running,31,F,4,54.9,61.4,89.3,0.99,162,272.3,7.11,5.48,66.5
A2975,cycling,27,F,15,66.1,87.6,72.5,1.25,169,235.8,9.52,9.38,90.3
A2976,cycling,29,M,2,61.5,81.1,79.6,0.81,155,346.0,9.11,5.68,97.3
A2977,cycling,23,M,1,69.8,71.5,71.7,0.93,199,376.7,8.69,7.94,89.7
A2978,cycling,29,F,10,50.6,92.6,70.5,1.45,199,215.8,9.67,5.17,76.2
A2979,cycling,31,F,13,65.3,71.6,88.5,1.26,197,357.0,7.33,6.55,69.2
A2980,rowing,19,F,13,68.3,99.7,86.2,1.01,157,379.1,9.14,5.75,63.9
A2981,cycling,26,F,3,74.8,92.7,83.9,0.83,179,394.8,7.44,9.89,85.7
A2982,rowing,27,F,12,67.0,88.3,87.3,1.21,198,315.9,7.18,5.06,65.7
A2983,rowing,34,M,8,55.8,62.5,86.1,0.96,189,265.5,7.4,6.76,93.5
A2984,rowing,34,M,6,52.7,96.2,82.9,1.47,164,264.4,9.85,6.51,98.4
A2985,running,20,M,12,66.0,91.6,86.9,1.28,159,275.8,8.32,8.29,65.4
A2986,running,18,M,7,63.1,69.2,77.8,1.48,182,322.5,7.15,5.28,75.0
A2987,rowing,29,F,2,72.5,75.7,81.1,1.39,158,298.0,8.75,9.05,97.5
A2988,running,24,M,6,68.2,70.7,85.5,1.14,198,330.7,7.6,7.33,78.8
A2989,cycling,21,M,14,62.7,99.4,71.7,1.27,182,207.9,7.02,7.26,81.4
A2990,cycling,27,M,8,60.1,94.2,87.2,1.37,158,221.2,9.28,6.13,89.9
A2991,rowing,30,F,8,60.1,97.2,73.1,1.2,163,395.3,7.46,7.45,68.4
A2992,cycling,19,M,4,55.7,91.6,87.3,0.84,181,399.1,9.83,6.82,99.2
A2993,rowing,27,F,6,50.4,78.3,76.2,1.13,186,349.3,8.78,6.23,91.2
A2994,rowing,21,M,14,64.4,68.2,76.5,0.89,155,251.3,7.26,5.84,66.5
A2995,cycling,35,F,5,55.3,68.3,71.5,1.3,154,390.7,7.65,8.64,64.4
A2996,running,22,M,9,55.2,66.1,87.7,1.28,153,242.7,8.83,5.71,97.4
A2997,cycling,19,F,8,53.1,81.9,73.5,1.5,197,346.3,8.01,5.84,87.4
A2998,cycling,29,M,2,54.7,96.8,82.6,1.24,165,223.1,8.6,7.89,61.5
A2999,rowing,34,F,12,50.8,99.7,82.9,1.36,159,329.8,9.4,6.13,65.7
A3000,rowing,27,F,13,66.9,71.5,75.6,0.99,180,351.9,9.38,7.3,61.9
A3001,rowing,19,M,7,60.0,87.9,89.7,1.04,180,371.9,9.09,7.76,99.0
A3002,rowing,23,F,7,64.0,83.9,71.3,1.44,163,346.9,9.66,6.37,79.9
A3003,running,25,F,11,65.9,79.6,82.2,1.33,162,384.7,7.6,6.72,78.5
A3004,running,28,M,14,74.3,86.6,79.6,1.26,153,304.2,7.53,6.05,98.2
A3005,running,29,M,14,51.7,74.9,74.9,0.98,195,335.5,9.4,7.3,80.2
A3006,rowing,26,F,12,60.4,97.8,73.3,1.29,175,273.9,7.96,9.96,80.7
A3007,rowing,19,M,1,56.1,88.2,84.7,1.42,173,202.1,8.54,6.81,99.4
A3008,rowing,25,M,1,61.9,90.2,88.3,0.96,158,351.3,9.23,8.27,64.5
A3009,running,28,M,12,73.0,69.7,72.2,1.29,184,374.0,8.19,8.18,99.4
A3010,rowing,21,F,4,68.1,66.7,73.9,1.08,191,234.8,7.39,8.93,66.6
A3011,cycling,27,F,5,66.5,75.8,89.7,0.88,164,205.7,9.04,8.56,78.9
A3012,cycling,33,F,15,61.0,90.7,70.3,1.33,173,232.9,9.45,5.06,73.5
A3013,rowing,25,F,4,66.8,97.6,80.2,0.92,180,379.1,7.04,6.55,98.2
A3014,cycling,21,F,7,50.8,77.1,80.3,0.98,168,259.1,8.69,9.35,79.4
A3015,cycling,27,F,3,64.7,91.0,75.3,1.35,151,246.7,8.41,7.7,60.9
A3016,running,29,F,7,63.8,78.8,83.3,1.32,151,202.9,7.78,5.52,68.9
A3017,rowing,31,M,13,58.7,71.8,88.9,0.98,190,259.4,7.48,6.38,77.2
A3018,rowing,33,F,8,55.0,89.6,79.0,1.46,185,343.1,7.56,6.42,87.1
A3019,running,35,F,6,70.2,91.9,85.0,0.95,186,391.8,9.17,9.37,82.5
A3020,cycling,29,M,6,51.3,68.1,82.9,1.5,183,262.5,8.61,7.77,94.0
A3021,cycling,35,M,8,51.7,72.2,79.5,1.32,188,248.1,9.94,8.04,93.1
A3022,rowing,24,M,8,61.0,79.8,71.0,1.07,168,377.6,7.73,6.84,83.6
A3023,cycling,24,F,7,56.3,67.5,84.8,0.89,187,370.5,9.87,5.3,82.9
A3024,running,26,M,6,68.6,97.2,77.3,1.02,172,265.6,8.55,5.38,71.1
A3025,running,18,F,6,65.9,83.7,74.5,0.94,165,213.8,7.44,7.1,98.3
A3026,rowing,23,F,10,69.3,64.8,89.0,1.24,195,398.4,7.44,5.89,63.1
A3027,running,23,F,11,58.1,67.4,85.5,1.05,193,336.1,8.83,5.52,75.9
A3028,running,29,M,13,68.5,98.2,89.2,1.01,155,385.3,9.49,6.31,86.4
A3029,rowing,29,M,13,71.6,89.5,75.1,1.33,175,268.4,9.24,8.71,97.8
A3030,running,27,F,6,58.6,89.4,86.7,0.96,171,329.5,8.97,5.37,80.1
A3031,running,23,F,8,58.5,62.9,82.2,1.21,194,334.9,7.52,7.24,95.8
A3032,running,34,F,1,72.5,95.8,89.6,0.94,196,374.6,7.33,9.13,64.2
A3033,cycling,35,M,5,51.2,77.7,88.9,1.3,173,398.6,7.0,6.34,81.3
A3034,rowing,23,F,3,58.8,86.4,89.5,1.24,195,221.7,7.31,6.51,72.6
A3035,rowing,27,M,12,53.0,98.4,89.0,1.36,189,326.2,9.3,9.42,91.8
A3036,rowing,25,F,8,50.7,64.0,70.2,0.85,170,267.3,9.69,8.25,77.8
A3037,cycling,23,M,11,52.8,79.3,84.8,0.95,179,362.3,7.72,8.99,79.0
A3038,cycling,24,F,6,60.8,62.0,75.4,0.91,160,350.8,9.38,6.45,62.6
A3039,rowing,18,M,14,67.2,80.0,84.1,0.93,158,378.5,7.6,9.98,77.5
A3040,cycling,35,M,2,57.2,70.1,89.6,0.87,161,268.7,7.75,5.7,63.2
A3041,rowing,29,M,15,71.2,96.4,70.8,1.19,175,236.9,7.67,9.81,72.0
A3042,cycling,33,M,13,60.9,75.9,81.3,1.22,187,204.4,7.16,9.51,65.1
A3043,running,27,M,7,74.2,85.4,84.7,1.39,200,251.1,7.58,7.76,73.4
A3044,running,27,M,7,73.9,94.4,75.1,1.09,152,273.4,8.12,7.93,69.1
A3045,rowing,31,F,13,69.3,99.3,74.5,1.17,182,389.2,8.22,8.88,71.4
A3046,cycling,27,F,5,73.3,80.2,71.2,1.49,164,298.3,7.93,6.53,65.9
A3047,cycling,27,F,8,67.7,78.2,71.9,1.17,196,311.3,8.54,7.64,77.6
A3048,running,28,F,14,72.4,63.0,83.1,1.2,154,376.0,8.13,9.51,79.9
A3049,running,19,M,5,55.9,60.5,80.1,1.5,173,377.0,9.91,5.34,93.5
A3050,cycling,25,F,1,58.6,84.4,70.6,1.5,160,305.6,9.42,9.53,81.6
A3051,cycling,24,M,9,68.8,62.6,89.4,1.1,182,222.7,9.79,8.64,69.2
A3052,cycling,25,M,4,60.6,75.2,83.1,1.24,172,254.1,8.67,8.85,89.4
A3053,cycling,18,M,13,70.9,60.1,80.3,1.14,159,291.4,9.04,5.32,71.9
A3054,cycling,19,F,2,71.9,84.6,75.5,1.3,192,350.2,7.5,5.94,90.3
A3055,cycling,35,M,4,57.5,77.0,83.2,1.46,177,342.3,9.26,9.63,75.5
A3056,rowing,32,F,14,70.6,65.1,77.3,1.02,188,328.5,7.71,5.62,80.5
A3057,cycling,18,F,13,53.9,71.9,84.0,1.37,166,376.0,7.44,8.16,80.2
A3058,running,22,F,9,58.4,82.8,83.7,1.26,193,360.5,7.13,8.91,98.2
A3059,rowing,19,F,2,62.9,86.3,71.9,1.0,175,396.4,8.42,6.16,66.1
A3060,cycling,20,F,4,55.7,78.5,88.2,1.36,174,377.8,7.86,8.49,97.5
A3061,running,35,M,2,64.5,92.2,79.7,1.1,185,239.1,9.96,5.33,82.5
A3062,rowing,35,M,5,64.5,64.5,77.9,0.88,161,211.5,7.75,7.49,99.7
A3063,running,31,F,3,55.2,63.4,89.1,1.5,152,282.9,9.6,6.67,82.9
A3064,cycling,25,M,10,69.9,61.8,78.8,1.1,199,323.5,7.95,8.23,86.3
A3065,cycling,29,F,2,65.8,81.4,84.4,1.18,178,328.6,9.25,9.45,90.0
A3066,cycling,27,M,14,57.9,88.2,83.1,1.37,193,253.5,8.98,5.63,92.9
A3067,cycling,34,M,9,55.8,65.2,73.3,1.47,173,372.0,8.69,7.25,79.1
A3068,rowing,28,M,5,72.0,85.6,89.8,1.41,168,265.8,8.25,7.12,87.1
A3069,rowing,19,M,10,70.9,79.1,79.3,1.17,162,383.8,9.01,6.62,84.6
A3070,running,21,M,5,55.7,99.5,77.9,1.18,165,294.3,8.22,7.4,76.3
A3071,cycling,18,M,1,50.9,88.7,88.4,1.0,189,202.1,8.64,9.4,92.8
A3072,running,32,M,6,70.1,86.3,80.6,1.12,176,232.4,8.77,9.87,67.7
A3073,rowing,30,M,13,65.4,82.8,84.1,1.46,155,220.5,7.8,5.01,66.7
A3074,cycling,25,M,7,52.5,99.9,86.9,1.31,191,208.8,8.02,8.7,89.5
A3075,cycling,21,M,1,64.7,99.2,74.7,0.81,159,342.8,7.05,8.08,85.5
A3076,rowing,27,M,9,61.3,81.5,73.4,0.88,187,238.5,9.56,9.97,72.7
A3077,rowing,35,M,8,69.4,78.2,71.4,1.45,157,367.7,9.27,5.45,85.4
A3078,rowing,22,M,12,55.2,78.5,87.9,1.39,167,252.9,7.55,9.06,90.8
A3079,rowing,33,F,14,61.3,77.1,74.0,1.14,181,206.5,8.09,9.67,68.7
A3080,rowing,18,M,14,53.9,81.3,76.2,1.23,166,364.1,8.26,9.56,83.3
A3081,cycling,29,M,8,73.9,70.9,75.7,1.0,191,293.2,8.0,7.8,93.0
A3082,rowing,19,M,7,69.5,97.1,76.1,1.35,151,319.9,9.39,6.64,76.4
A3083,cycling,25,M,5,68.4,79.6,83.4,1.22,193,267.2,9.18,8.2,82.9
A3084,cycling,35,M,3,67.3,93.7,89.1,1.29,169,209.2,9.3,6.53,63.1
A3085,rowing,33,M,15,60.6,79.0,76.6,1.06,159,274.0,9.71,7.06,93.2
A3086,rowing,22,F,12,73.1,88.7,78.2,1.1,158,303.7,8.79,7.23,91.8
A3087,cycling,30,F,14,51.8,73.5,85.4,0.95,197,202.3,8.84,6.51,78.3
A3088,rowing,20,F,9,70.1,85.0,78.6,1.46,188,314.9,9.17,6.71,64.8
A3089,rowing,25,M,14,55.4,79.9,88.5,1.46,190,378.6,9.04,5.04,86.4
A3090,rowing,29,M,7,58.1,74.7,80.1,1.37,174,243.6,9.61,6.49,82.9
A3091,running,19,M,11,63.0,95.3,77.0,1.45,174,385.4,9.31,7.36,96.8
A3092,cycling,28,F,10,69.6,64.5,89.4,1.27,173,219.5,7.36,5.87,71.2
A3093,running,29,M,10,71.0,79.5,78.5,0.96,155,365.1,9.79,9.03,61.3
A3094,rowing,35,M,8,64.6,67.8,74.6,1.33,179,368.1,9.05,7.69,70.2
A3095,running,30,F,14,60.1,94.4,73.6,1.03,159,251.6,7.38,8.97,77.1
A3096,rowing,22,F,6,73.7,70.1,89.9,1.11,188,391.6,9.32,5.64,66.2
A3097,running,29,M,12,56.2,85.3,85.1,0.99,180,283.3,8.08,9.1,99.2
A3098,rowing,19,M,14,70.1,66.6,78.2,1.1,167,228.3,9.42,9.79,68.9
A3099,running,22,M,11,65.3,76.2,86.5,1.28,192,318.3,9.87,6.76,87.1
A3100,running,24,M,14,59.4,96.0,80.9,0.88,182,399.3,7.77,6.42,78.2
A3101,running,29,F,5,50.0,66.6,76.3,0.87,168,379.9,9.57,8.23,82.2
A3102,cycling,33,M,15,61.2,86.5,84.9,1.28,172,255.7,9.32,8.18,97.3
A3103,running,25,M,8,56.9,68.2,84.9,1.35,154,315.4,9.01,5.56,81.3
A3104,cycling,26,F,3,52.6,76.6,80.0,1.19,175,223.1,8.15,9.63,72.2
A3105,rowing,32,M,12,51.9,81.6,70.9,0.93,178,292.4,7.33,7.4,68.8
A3106,running,22,M,13,58.7,83.1,71.5,1.1,173,304.6,8.45,8.82,95.7
A3107,rowing,30,F,13,65.4,84.1,85.8,1.33,155,263.1,7.32,6.8,99.5
A3108,rowing,22,F,7,70.9,85.6,86.5,1.28,188,296.8,8.5,6.31,70.1
A3109,running,28,M,2,54.6,70.9,83.6,0.88,153,384.0,9.46,5.56,88.9
A3110,cycling,27,F,3,60.6,76.1,86.8,1.48,197,300.0,9.99,6.37,80.2
A3111,running,30,F,15,59.8,61.5,84.4,0.96,191,366.2,7.59,9.97,87.9
A3112,rowing,26,M,13,62.8,90.8,87.9,0.95,175,263.5,7.62,8.29,98.6
A3113,rowing,31,F,12,70.2,93.5,73.0,1.12,164,394.3,9.43,9.01,71.0
A3114,running,35,M,15,63.8,68.0,77.8,1.03,162,218.7,8.41,9.79,89.6
A3115,cycling,32,M,2,71.2,68.1,79.3,1.49,189,317.1,9.75,5.39,77.5
A3116,cycling,27,M,5,63.0,61.7,76.0,0.85,171,358.0,9.31,5.82,86.1
A3117,rowing,24,M,7,65.1,98.8,84.5,1.01,162,362.8,9.21,9.64,76.3
A3118,rowing,25,F,11,60.9,92.3,88.2,1.07,188,239.7,7.31,7.82,88.3
A3119,cycling,20,M,10,70.6,74.4,78.2,1.15,166,280.3,7.11,8.17,73.5
A3120,running,32,M,11,73.1,79.3,88.8,0.81,185,324.8,7.95,7.14,79.5
A3121,rowing,33,M,11,66.0,71.7,80.3,0.86,188,263.2,7.65,9.07,88.4
A3122,cycling,21,M,11,70.5,83.9,80.5,0.98,197,331.7,9.14,7.59,61.7
A3123,rowing,23,F,15,51.5,88.7,82.0,1.19,174,275.8,8.35,9.13,73.1
A3124,running,18,F,10,72.7,77.9,75.4,1.34,183,270.2,8.57,9.96,81.8
A3125,cycling,21,F,15,54.7,94.9,77.7,1.28,170,221.6,9.44,8.23,63.0
A3126,rowing,28,M,15,56.4,80.7,81.1,1.2,174,207.9,8.44,7.64,88.1
A3127,running,29,F,15,51.3,65.8,88.8,1.08,174,367.1,8.63,6.83,92.5
A3128,rowing,22,F,13,74.1,84.9,82.9,1.41,171,297.9,9.53,5.97,66.5
A3129,running,33,M,14,71.3,78.5,76.7,1.12,172,312.6,8.29,8.28,89.3
A3130,running,30,F,1,72.8,97.4,70.2,1.01,174,274.4,7.25,5.31,85.8
A3131,cycling,30,M,13,71.2,75.7,89.6,1.24,163,227.3,8.57,9.78,76.4
A3132,running,34,F,10,62.0,76.1,79.9,1.28,163,289.9,8.74,8.24,66.6
A3133,rowing,24,F,9,73.1,86.0,88.8,1.08,175,245.8,8.54,9.8,98.2
A3134,running,25,F,1,74.2,81.1,81.0,0.82,189,367.5,7.77,6.36,78.6
A3135,running,30,F,1,62.6,75.0,82.1,0.87,179,397.4,7.67,9.73,67.3
A3136,cycling,33,M,14,54.4,99.6,84.2,1.39,175,377.8,8.11,8.06,88.7
A3137,running,21,M,15,66.5,72.1,76.4,0.84,187,305.7,7.5,9.05,84.3
A3138,running,25,F,12,74.4,71.1,84.0,1.21,171,325.6,9.0,5.89,92.6
A3139,rowing,33,M,10,71.8,94.6,80.5,0.93,188,389.6,8.84,7.5,99.8
A3140,cycling,27,F,8,71.5,60.1,83.4,0.96,188,307.7,8.9,7.84,61.8
A3141,cycling,29,F,6,73.3,68.1,86.7,0.99,183,327.7,7.67,6.96,89.6
A3142,cycling,29,F,6,72.3,83.6,73.7,0.83,174,325.8,7.74,6.27,99.6
A3143,running,22,F,12,69.4,66.5,82.3,0.92,185,341.6,9.36,9.52,81.5
A3144,cycling,33,F,9,68.0,99.4,71.0,1.26,162,328.1,9.07,5.43,88.6
A3145,running,18,F,15,56.6,78.6,72.0,1.15,178,334.1,9.63,5.77,77.6
A3146,running,26,M,4,65.5,83.9,83.5,1.36,191,345.2,8.21,6.6,74.3
A3147,rowing,29,M,8,63.0,66.4,71.4,0.84,158,361.8,8.64,9.6,87.9
A3148,rowing,22,F,4,71.5,71.6,81.9,1.42,164,280.6,9.22,7.82,99.5
A3149,rowing,20,M,14,62.3,84.6,74.4,1.5,180,349.2,9.92,6.87,63.7
A3150,rowing,22,F,2,53.2,82.0,76.1,0.81,193,220.0,9.97,7.01,76.9
A3151,rowing,19,M,11,50.1,91.4,72.6,1.48,176,375.2,10.0,9.19,97.6
A3152,running,31,M,15,66.9,70.8,75.0,0.97,180,258.0,9.67,5.13,64.5
A3153,running,19,M,8,63.7,86.1,86.4,1.28,159,280.7,8.92,5.06,86.0
A3154,cycling,30,F,12,58.3,71.6,82.8,1.0,200,360.7,7.02,5.23,77.2
A3155,running,24,M,7,54.2,83.5,89.0,1.17,186,327.4,9.1,7.35,75.1
A3156,running,27,F,4,61.7,84.2,71.0,1.16,156,261.7,7.72,7.91,68.4
A3157,rowing,30,F,9,52.5,64.9,85.8,1.05,181,245.1,7.17,8.12,67.1
A3158,running,33,F,15,58.4,81.9,84.0,1.3,160,391.5,9.09,8.66,80.7
A3159,rowing,31,M,9,59.5,60.5,75.2,1.22,197,217.6,9.27,5.95,75.1
A3160,cycling,28,M,8,61.6,80.0,84.6,1.16,194,200.9,8.98,6.31,79.7
A3161,cycling,27,M,14,61.7,87.9,84.3,1.49,177,334.6,8.1,6.22,67.8
A3162,running,23,F,1,56.4,62.9,79.2,1.46,153,322.9,8.53,5.75,74.0
A3163,cycling,21,F,7,71.3,97.5,83.8,1.47,197,347.5,9.8,6.22,99.9
A3164,running,18,M,5,58.9,78.4,78.9,1.42,194,346.3,9.19,8.07,74.7
A3165,cycling,24,F,7,55.7,97.5,76.7,0.98,180,372.7,8.51,6.83,76.5
A3166,rowing,26,M,12,54.4,64.3,79.3,1.04,178,384.4,8.78,8.84,60.8
A3167,rowing,25,M,9,58.1,98.0,87.9,0.96,182,355.0,9.78,7.68,75.2
A3168,rowing,22,M,2,51.7,64.4,77.7,1.49,153,246.5,8.18,6.06,90.5
A3169,rowing,27,M,13,50.8,78.5,78.1,0.91,196,292.7,7.31,7.34,80.6
A3170,running,28,F,14,65.1,97.5,82.2,1.06,175,328.3,7.98,7.97,86.3
A3171,cycling,32,M,11,65.5,69.3,85.1,0.94,180,307.9,8.25,9.33,82.3
A3172,running,23,M,4,63.2,61.4,84.7,0.96,180,231.8,7.82,9.17,64.2
A3173,rowing,32,M,4,69.1,91.7,70.4,0.97,176,317.9,8.59,7.13,73.3
A3174,running,22,M,2,51.0,83.8,83.7,1.25,174,377.3,7.91,8.24,87.8
A3175,cycling,27,M,3,73.4,80.6,79.0,0.85,197,283.7,7.31,6.49,81.9
A3176,running,29,M,11,52.4,61.4,80.5,1.2,185,333.8,7.56,8.17,87.0
A3177,cycling,21,M,14,66.9,86.1,81.2,1.37,198,323.2,9.75,9.56,74.4
A3178,running,35,F,14,53.3,66.9,84.6,1.34,180,275.4,8.89,8.12,67.7
A3179,cycling,33,F,13,72.0,97.2,86.6,0.91,192,313.1,7.94,6.52,93.2
A3180,cycling,25,F,8,62.8,87.4,82.9,1.44,186,242.0,8.1,8.22,75.1
A3181,rowing,21,F,12,52.1,88.3,81.3,1.34,194,309.2,8.48,9.51,86.2
A3182,cycling,29,M,9,65.4,69.3,77.5,0.8,193,359.8,9.02,5.69,75.2
A3183,rowing,19,F,6,50.2,95.2,72.8,1.32,172,351.8,8.75,7.41,97.1
A3184,rowing,21,F,10,69.4,81.5,89.2,1.32,184,271.6,9.8,6.61,99.7
A3185,rowing,22,F,2,66.3,94.3,79.2,1.15,153,222.4,8.88,6.21,86.0
A3186,running,20,M,2,55.3,70.8,81.3,0.83,177,360.0,9.73,6.98,84.1
A3187,running,26,F,7,59.4,90.2,85.0,1.21,191,253.0,7.02,6.97,93.6
A3188,running,35,F,8,50.2,83.0,71.4,1.34,190,210.6,9.67,6.05,80.6
A3189,running,28,M,8,67.3,61.9,87.1,0.99,191,289.0,9.16,7.02,94.8
A3190,cycling,20,F,14,58.1,76.2,85.9,1.27,162,347.9,7.52,8.17,76.5
A3191,cycling,19,M,6,64.3,67.4,85.5,1.05,150,361.7,7.79,5.13,61.3
A3192,running,26,F,10,73.9,74.4,70.4,1.2,161,396.4,8.63,9.95,97.1
A3193,cycling,31,M,8,57.5,75.3,80.5,1.07,192,237.9,7.37,6.48,88.9
A3194,cycling,21,F,14,74.8,79.0,71.1,1.01,189,258.8,9.36,8.12,80.4
A3195,rowing,26,F,15,65.8,84.0,81.0,1.4,175,321.9,9.37,6.42,97.8
A3196,rowing,30,F,1,56.1,82.8,84.4,1.33,195,362.3,7.9,6.97,95.5
A3197,rowing,35,M,9,60.9,61.6,72.4,1.04,195,246.8,7.21,7.75,64.3
A3198,rowing,32,F,13,68.5,90.0,83.9,1.1,172,282.0,9.97,8.06,85.0
A3199,cycling,27,M,12,61.2,98.0,79.0,1.28,198,281.7,7.75,8.85,81.5
A3200,running,33,M,1,51.7,73.9,86.2,1.37,171,354.6,7.2,8.96,91.1
A3201,cycling,29,M,13,54.2,67.2,80.7,1.28,200,248.2,7.99,7.59,72.0
A3202,cycling,22,M,3,69.8,81.6,76.7,1.18,177,393.8,9.91,5.38,60.3
A3203,cycling,19,F,12,66.2,88.2,76.6,1.47,166,302.1,9.38,7.79,67.4
A3204,rowing,27,F,9,64.2,87.2,87.9,1.34,155,256.4,8.44,7.39,68.4
A3205,rowing,18,F,15,54.2,84.5,79.1,0.88,163,256.9,7.92,6.08,71.7
A3206,rowing,24,M,11,70.9,65.8,78.1,1.19,199,203.7,8.27,5.05,74.8
A3207,running,34,F,5,74.0,93.5,70.8,1.09,166,338.5,7.05,6.58,88.3
A3208,cycling,33,M,9,51.0,77.0,77.3,1.36,187,355.2,9.16,6.3,63.0
A3209,running,20,M,9,52.0,68.9,87.0,0.83,154,206.5,7.3,7.41,79.5
A3210,rowing,31,M,6,72.1,63.5,85.2,1.09,162,317.2,8.56,8.81,79.9
A3211,running,27,F,11,70.4,76.7,74.4,1.02,197,356.3,8.7,7.2,84.6
A3212,cycling,24,F,1,65.4,84.7,78.3,0.9,158,275.2,7.01,9.76,72.4
A3213,cycling,34,M,10,73.6,86.6,73.9,1.07,193,286.5,9.94,6.11,70.4
A3214,rowing,23,F,7,66.2,98.5,89.1,1.27,191,272.3,7.91,6.1,79.4
A3215,rowing,21,F,14,55.4,66.1,82.0,1.05,175,263.1,7.23,8.02,86.4
A3216,running,34,M,6,68.2,99.4,85.1,1.21,162,298.2,9.56,9.48,61.8
A3217,rowing,26,M,9,66.1,86.2,84.3,1.21,168,233.2,7.46,8.36,71.7
A3218,rowing,21,F,7,74.6,78.2,87.5,1.21,197,288.1,7.07,8.37,91.5
A3219,cycling,24,M,14,55.3,95.5,89.0,1.17,166,388.4,8.48,9.03,79.4
A3220,rowing,19,M,12,64.9,87.8,70.6,0.88,165,205.5,7.39,8.34,98.1
A3221,rowing,34,F,11,69.5,73.9,89.5,0.95,179,232.9,9.95,8.8,94.7
A3222,cycling,25,F,12,58.5,95.4,87.4,1.36,181,355.5,7.03,9.33,73.8
A3223,cycling,32,M,13,59.5,86.7,77.7,1.15,163,226.4,7.15,5.04,89.1
A3224,running,32,F,4,72.2,88.0,86.7,1.29,197,254.3,9.5,9.43,71.0
A3225,rowing,25,M,7,60.1,95.9,84.7,1.2,164,291.0,7.72,6.08,67.0
A3226,cycling,33,M,2,65.6,77.9,85.9,0.83,161,388.6,9.73,9.56,95.2
A3227,running,28,F,6,72.2,86.3,74.4,1.36,186,236.7,7.93,6.33,74.0
A3228,running,19,M,15,55.2,89.8,83.0,0.85,160,384.6,7.21,7.28,68.1
A3229,rowing,34,M,6,74.5,78.2,70.5,1.46,154,343.7,7.03,9.67,98.6
A3230,rowing,33,M,2,67.5,63.3,87.0,0.95,160,334.2,7.85,5.55,61.2
A3231,running,32,F,14,62.4,90.9,89.0,1.16,183,344.7,8.42,8.73,74.7
A3232,cycling,30,F,4,60.8,61.9,83.2,0.84,168,206.2,7.0,6.96,61.5
A3233,running,32,F,8,73.9,88.7,80.3,1.43,175,219.8,8.74,5.12,80.2
A3234,rowing,21,M,8,55.1,96.4,84.5,1.49,175,267.0,8.0,9.7,76.0
A3235,cycling,33,M,13,57.8,73.9,76.5,0.9,166,214.8,8.17,5.59,88.8
A3236,cycling,29,F,8,57.7,64.1,82.5,1.01,180,397.5,7.78,8.87,98.2
A3237,running,21,F,8,57.2,69.3,84.4,0.81,168,316.1,8.59,6.92,80.8
A3238,rowing,20,F,1,61.7,82.5,72.9,1.35,193,297.5,7.69,9.05,71.4
A3239,running,34,M,2,74.7,97.7,72.8,1.02,169,357.1,7.4,8.75,94.9
A3240,running,35,F,12,72.2,80.5,84.3,1.21,172,395.4,9.67,8.17,84.2
A3241,running,35,M,15,58.2,64.5,78.6,0.83,174,391.0,8.17,9.7,82.1
A3242,cycling,34,F,4,60.6,85.1,87.8,1.3,177,358.6,7.23,5.49,67.5
A3243,cycling,29,M,12,66.7,89.3,76.2,1.17,186,275.4,7.69,8.99,61.6
A3244,rowing,21,M,9,50.4,75.7,70.8,1.31,161,213.2,7.93,8.35,78.5
A3245,rowing,29,F,3,70.5,88.9,83.0,1.35,197,219.7,9.31,6.57,81.1
A3246,running,32,M,14,72.0,73.0,83.7,0.86,150,200.2,7.07,7.73,65.1
A3247,running,33,F,6,71.4,91.6,81.1,1.2,151,200.4,8.43,8.22,62.4
A3248,running,22,M,7,59.4,73.6,83.7,1.25,159,387.3,8.22,8.68,68.6
A3249,rowing,32,M,8,61.5,70.2,80.5,1.16,183,385.4,9.91,5.94,62.5
A3250,cycling,34,F,13,50.3,95.2,83.9,0.93,181,333.5,7.54,5.51,62.2
A3251,cycling,35,M,7,60.0,81.9,70.9,1.36,174,345.3,8.88,5.51,77.8
A3252,running,22,F,3,61.5,71.4,77.4,1.5,159,302.6,7.61,6.47,92.4
A3253,running,30,F,6,72.7,97.4,74.2,1.48,199,247.6,8.65,5.77,86.6
A3254,running,30,F,5,72.3,87.6,72.0,1.34,150,382.9,8.67,7.68,87.2
A3255,running,35,M,15,74.2,68.8,74.7,1.09,181,255.5,7.23,7.19,70.5
A3256,rowing,31,M,13,72.1,84.6,73.8,1.04,186,347.9,8.37,9.47,60.4
A3257,cycling,21,M,12,50.2,94.8,89.5,0.85,161,249.1,8.38,8.59,78.0
A3258,running,21,F,10,66.0,87.8,75.7,1.09,198,374.0,7.96,6.03,75.1
A3259,rowing,30,F,4,51.7,69.8,74.6,0.91,200,330.2,7.83,5.23,97.9
A3260,running,29,M,1,56.8,86.0,86.7,0.98,167,328.5,7.67,8.55,62.9
A3261,running,24,M,14,64.5,84.8,78.4,1.42,179,219.5,7.02,9.23,91.1
A3262,cycling,29,F,13,67.5,92.8,78.4,1.48,162,283.9,7.01,8.5,75.4
A3263,running,21,M,7,66.4,67.1,78.9,1.46,152,305.0,8.77,8.22,93.2
A3264,cycling,19,F,8,51.2,88.0,78.3,0.94,170,258.8,7.87,6.25,79.8
A3265,cycling,19,M,2,52.6,61.1,76.5,1.43,191,376.2,7.5,7.47,92.8
A3266,cycling,22,F,7,53.2,87.8,75.7,0.9,163,367.5,9.05,8.62,78.7
A3267,rowing,27,M,6,52.3,98.4,87.6,1.16,189,298.7,8.59,5.97,76.1
A3268,rowing,27,M,5,54.5,67.0,73.2,1.25,159,268.0,9.74,7.38,98.5
A3269,cycling,26,F,13,67.2,72.5,73.6,1.12,151,360.3,9.49,5.59,74.8
A3270,running,30,F,4,70.8,83.3,81.4,1.47,194,239.4,9.18,7.65,92.2
A3271,cycling,24,F,2,60.2,89.3,76.9,1.03,186,214.3,7.38,7.87,62.7
A3272,running,22,M,10,67.3,73.8,78.4,1.17,160,209.1,9.0,7.68,62.5
A3273,cycling,27,F,6,55.0,86.6,86.1,0.85,150,207.7,9.08,7.35,77.5
A3274,running,27,F,5,74.3,96.0,88.1,1.4,175,297.8,9.29,7.94,83.4
A3275,rowing,23,M,2,58.7,89.1,85.8,1.09,191,251.1,7.79,9.98,84.3
A3276,running,25,F,10,71.1,88.4,74.7,1.29,162,338.1,8.92,8.11,61.5
A3277,cycling,18,F,7,73.6,75.3,89.6,1.28,177,330.8,8.85,8.76,87.9
A3278,rowing,34,F,6,71.6,96.5,77.3,1.27,185,308.4,8.16,5.96,65.2
A3279,running,24,M,12,51.7,71.1,73.4,1.15,170,270.6,8.99,7.65,98.2
A3280,running,31,M,15,66.3,68.2,80.0,0.99,159,370.1,7.26,5.04,73.3
A3281,running,34,M,15,53.0,74.6,84.5,1.24,161,341.9,8.93,5.16,70.5
A3282,running,26,F,11,50.1,86.0,71.7,1.47,195,254.3,8.82,6.61,71.7
A3283,running,34,M,9,51.3,94.5,82.7,1.38,176,300.3,7.63,7.33,97.5
A3284,rowing,22,F,11,72.9,65.3,87.2,0.88,152,231.3,9.45,7.88,79.3
A3285,rowing,25,F,10,72.7,92.6,75.2,0.82,177,265.8,9.62,9.44,77.4
A3286,rowing,23,F,5,55.6,92.5,83.9,1.15,151,399.4,7.63,8.86,82.6
A3287,rowing,28,M,9,63.7,83.5,78.0,1.34,177,244.8,7.23,6.5,97.2
A3288,cycling,21,M,9,73.9,90.4,78.3,1.02,200,339.7,8.81,8.72,72.3
A3289,rowing,35,F,13,62.4,67.3,75.6,1.29,180,247.7,8.44,7.75,67.2
A3290,running,18,F,1,59.8,66.8,82.5,1.45,192,387.6,8.28,8.9,83.8
A3291,running,30,M,5,62.1,94.5,77.2,1.12,170,262.0,9.28,7.06,79.7
A3292,rowing,31,M,9,69.8,79.9,86.6,0.97,156,269.3,9.91,5.46,62.5
A3293,running,18,M,7,61.9,69.8,89.3,1.44,199,318.8,8.43,8.09,80.9
A3294,rowing,28,F,6,69.6,87.5,88.7,1.13,180,317.6,7.02,7.79,82.5
A3295,running,34,M,6,60.8,95.7,73.3,1.09,163,315.8,8.79,9.77,87.8
A3296,cycling,21,M,11,56.3,85.3,70.3,1.05,188,314.7,8.96,5.81,99.8
A3297,cycling,29,M,7,58.2,73.9,78.8,1.1,188,262.4,9.48,8.28,76.9
A3298,rowing,27,F,1,51.9,79.3,84.6,1.27,158,286.9,7.6,7.37,80.4
A3299,rowing,23,M,4,62.4,90.1,89.5,1.1,172,318.7,8.57,6.89,63.0
A3300,rowing,18,F,13,53.7,62.7,85.7,1.03,161,334.3,8.34,8.97,93.3
A3301,running,24,F,15,70.3,68.7,81.6,1.32,178,250.6,8.99,9.05,63.9
A3302,rowing,33,F,1,60.5,78.5,70.5,0.94,187,340.3,7.19,8.57,97.4
A3303,cycling,31,M,6,69.1,84.2,86.5,0.94,188,384.7,9.65,5.42,73.9
A3304,running,23,M,14,73.9,73.6,73.5,1.29,171,351.6,8.53,6.73,73.5
A3305,rowing,22,M,13,71.2,71.9,71.1,1.41,153,216.8,9.63,5.23,73.1
A3306,running,35,F,4,73.8,61.7,87.0,0.97,197,293.8,8.02,6.72,98.0
A3307,running,32,M,1,64.2,61.3,81.3,0.93,156,287.1,8.96,8.24,99.2
A3308,rowing,23,F,9,54.1,71.1,72.6,1.27,189,267.3,9.87,7.59,98.9
A3309,running,18,M,12,73.4,81.2,77.7,1.23,157,298.3,9.83,8.51,88.2
A3310,cycling,18,M,4,71.7,82.3,71.7,1.11,184,287.9,9.83,7.76,64.4
A3311,cycling,30,M,12,71.6,79.8,82.8,0.87,158,201.2,7.13,7.78,75.5
A3312,running,20,M,6,67.3,76.4,75.6,0.86,200,247.3,8.21,7.55,71.6
A3313,rowing,27,F,13,65.6,70.1,87.3,1.34,162,242.8,7.18,6.82,88.3
A3314,running,20,F,7,50.4,76.0,77.2,1.12,188,269.9,7.93,7.23,79.7
A3315,cycling,26,F,8,68.7,65.6,79.9,1.4,169,234.9,7.52,5.56,84.7
A3316,running,25,F,12,52.3,64.6,71.3,1.2,170,213.6,8.86,9.17,60.3
A3317,running,20,M,13,56.5,72.0,75.5,1.23,196,239.3,9.34,9.45,91.3
A3318,cycling,30,F,11,63.8,99.8,83.5,1.45,168,370.8,8.54,8.83,98.1
A3319,running,23,F,9,61.3,73.1,84.7,0.92,151,359.4,9.39,7.92,86.8
A3320,running,30,F,9,50.4,97.5,74.9,1.18,193,288.4,7.04,7.85,94.1
A3321,rowing,29,M,8,70.6,75.7,80.1,0.84,189,375.6,9.46,7.35,79.1
A3322,rowing,30,F,10,72.0,77.6,86.4,1.05,179,246.5,7.54,6.16,60.8
A3323,cycling,19,F,11,67.0,91.9,77.6,0.9,172,316.8,8.38,6.92,99.6
A3324,cycling,33,M,15,63.5,63.7,72.7,0.93,189,228.6,8.33,9.95,62.4
A3325,cycling,23,M,12,74.0,67.3,78.6,1.45,162,366.7,9.62,5.73,67.7
A3326,rowing,30,F,12,53.0,99.0,82.0,1.23,182,226.1,9.9,7.71,62.1
A3327,cycling,34,F,15,68.4,80.2,70.1,1.42,181,206.4,7.77,9.33,85.0
A3328,cycling,26,M,14,53.2,61.8,77.0,1.11,177,254.7,7.2,7.27,83.3
A3329,cycling,34,F,3,59.5,61.9,82.1,1.22,173,380.2,8.95,8.03,68.4
A3330,rowing,19,M,12,64.6,96.3,89.0,0.82,191,225.9,8.51,9.14,98.3
A3331,running,24,F,2,68.4,94.9,78.2,1.13,177,266.1,8.7,7.74,96.5
A3332,cycling,27,F,5,50.1,78.3,73.3,1.19,179,263.3,7.14,8.66,71.2
A3333,running,27,F,1,56.5,66.5,80.7,0.81,190,360.3,9.33,6.74,86.4
A3334,cycling,26,F,3,63.5,93.2,75.7,1.35,178,284.3,7.7,8.67,94.2
A3335,running,34,F,1,63.3,73.0,74.3,1.01,183,322.3,8.0,5.21,74.4
A3336,rowing,32,M,13,65.9,76.8,81.8,1.12,200,280.9,7.69,5.76,70.1
A3337,rowing,19,M,3,57.6,87.3,88.3,1.17,171,310.3,9.84,8.19,70.2
A3338,cycling,21,F,13,63.5,74.1,86.7,1.49,174,212.5,7.51,7.24,92.8
A3339,running,34,F,4,54.7,85.1,73.6,0.87,163,274.8,9.2,9.14,78.5
A3340,rowing,22,F,7,54.7,95.4,85.3,1.19,159,371.0,7.74,6.71,88.6
A3341,cycling,24,M,12,64.4,91.9,74.6,1.17,159,338.2,8.27,8.84,86.0
A3342,cycling,35,M,15,67.1,75.3,75.8,0.85,157,396.4,9.99,5.7,72.2
A3343,rowing,24,M,12,53.0,71.5,88.4,1.24,163,357.6,7.3,9.65,68.3
A3344,rowing,34,M,5,53.1,71.4,88.2,1.0,194,290.3,9.64,7.09,65.0
A3345,cycling,24,M,5,64.1,73.9,73.4,0.87,187,335.3,9.84,6.15,61.0
A3346,running,21,M,13,56.8,79.7,71.3,0.93,181,355.2,9.09,8.95,63.3
A3347,running,25,M,1,59.8,76.7,75.9,1.38,194,253.9,7.03,9.74,70.2
A3348,running,30,M,8,60.0,65.3,81.6,0.87,181,212.0,9.46,9.59,88.5
A3349,cycling,21,F,13,54.5,66.5,87.5,1.13,152,281.2,9.65,6.19,66.2
A3350,rowing,23,M,4,50.0,73.7,72.4,0.94,169,228.9,9.94,8.36,80.9
A3351,cycling,22,M,10,71.3,82.5,78.3,0.91,162,255.4,9.52,7.73,69.8
A3352,rowing,29,M,5,67.9,83.7,75.4,0.94,172,389.4,8.34,8.63,80.5
A3353,running,21,M,2,67.3,79.4,70.3,1.14,168,369.4,9.07,7.43,90.0
A3354,running,26,F,15,63.7,89.6,85.8,0.97,165,318.5,8.46,7.35,70.6
A3355,rowing,21,M,12,67.5,89.5,86.3,0.87,185,280.3,8.06,9.41,73.9
A3356,rowing,31,F,13,73.4,77.1,74.4,1.36,184,252.9,8.88,9.36,88.9
A3357,cycling,22,F,1,66.6,65.0,73.0,1.18,196,314.3,9.31,8.94,81.9
A3358,running,35,F,9,56.6,81.2,72.9,0.91,196,306.6,8.91,8.52,63.8
A3359,cycling,27,M,15,64.3,75.3,79.3,1.13,199,356.2,9.48,8.39,90.3
A3360,cycling,29,M,2,61.1,65.5,74.9,0.85,156,385.6,7.53,5.28,71.1
A3361,cycling,35,M,6,63.9,99.3,80.2,1.21,186,265.8,8.12,8.75,75.4
A3362,running,34,F,1,62.9,74.8,77.7,1.04,157,241.3,7.94,8.19,69.8
A3363,cycling,28,F,1,71.5,85.0,74.2,0.87,174,280.6,7.58,6.51,81.7
A3364,cycling,20,F,9,66.3,79.6,85.0,0.93,172,287.5,8.33,9.1,88.3
A3365,cycling,34,F,4,54.7,65.7,73.0,1.04,159,208.0,9.84,9.16,92.1
A3366,cycling,18,M,9,51.6,62.2,86.0,1.36,179,372.3,8.61,9.66,96.9
A3367,cycling,32,M,11,60.6,85.0,81.2,0.92,182,399.1,7.86,7.09,74.4
A3368,cycling,26,M,5,50.4,69.9,86.6,0.88,160,384.6,8.06,7.76,97.3
A3369,running,32,F,7,58.0,69.7,70.1,1.16,184,372.1,8.84,9.53,84.7
A3370,cycling,20,F,1,59.2,98.3,85.0,1.19,176,398.5,8.06,6.58,75.6
A3371,rowing,30,M,6,59.4,78.5,71.0,0.86,152,381.6,8.62,8.98,95.5
A3372,cycling,29,M,8,74.5,61.2,89.0,1.0,196,337.7,7.82,9.96,83.2
A3373,cycling,18,F,14,57.6,73.6,84.1,0.98,198,233.4,8.04,8.26,78.2
A3374,running,34,M,1,56.6,83.4,76.4,0.93,199,231.3,9.12,9.92,60.5
A3375,running,30,M,9,53.2,73.1,76.4,1.02,157,209.8,8.75,7.58,88.7
A3376,rowing,18,F,3,62.8,61.1,87.2,0.83,162,282.4,7.28,5.77,63.1
A3377,rowing,27,F,1,53.8,77.8,88.1,1.26,191,361.8,9.92,5.88,71.6
A3378,running,32,F,1,65.4,64.2,87.8,1.49,152,298.1,7.15,8.66,98.5
A3379,running,24,M,13,53.9,84.8,86.2,1.24,169,273.3,7.25,5.0,66.2
A3380,cycling,35,F,14,64.4,84.8,86.4,1.05,195,221.8,9.1,8.31,72.5
A3381,running,33,M,11,70.7,61.5,81.5,1.27,194,210.4,9.12,5.76,97.3
A3382,rowing,31,M,6,51.1,71.6,70.6,1.2,184,279.8,7.06,9.92,73.5
A3383,cycling,35,F,11,60.5,76.5,71.7,1.39,162,220.0,8.93,5.82,73.1
A3384,rowing,24,M,6,61.5,82.0,83.0,1.24,169,220.7,7.1,7.76,85.9
A3385,cycling,34,F,1,69.8,71.8,78.0,1.24,173,279.1,9.88,8.35,65.3
A3386,running,35,F,14,61.7,71.5,81.3,0.96,158,300.6,9.09,9.1,98.9
A3387,rowing,29,M,14,64.2,99.3,74.6,1.09,179,237.3,7.56,7.3,71.0
A3388,cycling,25,M,3,69.8,61.7,83.0,1.04,174,336.9,7.47,9.67,91.4
A3389,cycling,19,F,7,64.0,99.6,74.9,0.81,165,283.7,8.71,7.4,71.5
A3390,running,24,F,10,59.0,61.9,79.2,1.02,157,218.4,8.9,6.26,71.0
A3391,running,21,F,3,52.1,71.5,79.6,1.14,193,327.4,9.49,7.97,62.3
A3392,running,35,F,3,68.2,79.7,73.6,1.22,177,271.4,9.71,8.29,64.8
A3393,rowing,23,F,3,71.8,65.7,87.5,1.45,161,210.5,8.18,7.54,80.9
A3394,cycling,26,F,12,74.3,65.4,80.5,0.97,200,389.6,9.53,8.67,83.1
A3395,running,26,M,7,73.2,70.3,87.3,0.91,173,314.2,8.63,7.1,92.6
A3396,rowing,31,M,4,69.9,98.9,75.3,1.41,198,295.5,8.41,5.02,62.4
A3397,rowing,25,M,4,66.1,75.2,73.4,1.46,178,371.8,9.1,6.32,74.2
A3398,rowing,20,M,3,69.5,82.6,70.4,1.14,164,387.3,7.31,9.73,68.0
A3399,running,35,F,10,60.8,88.2,71.9,0.88,167,244.1,7.8,8.82,74.3
A3400,running,22,M,11,64.9,89.7,72.9,1.14,156,362.0,9.45,5.95,74.2
A3401,cycling,31,M,9,58.7,87.5,71.6,0.88,162,366.2,8.51,5.33,74.2
A3402,cycling,21,F,2,58.2,73.5,87.9,1.42,168,210.9,9.72,6.75,72.4
A3403,running,24,M,4,68.9,64.5,88.2,1.3,197,342.4,7.27,9.18,90.6
A3404,rowing,29,F,8,61.3,71.3,88.7,0.97,192,212.6,7.94,5.53,87.6
A3405,rowing,19,F,6,55.3,68.4,89.2,1.42,154,318.9,8.07,7.72,73.7
A3406,rowing,28,F,14,55.0,65.5,79.8,1.25,175,333.8,8.27,6.38,65.9
A3407,cycling,31,F,7,71.5,61.0,80.6,1.47,151,273.4,9.96,8.63,80.7
A3408,rowing,33,F,13,66.9,97.4,72.6,1.49,182,376.2,7.93,5.0,96.8
A3409,cycling,23,M,7,63.7,96.8,72.7,0.8,197,360.1,8.56,6.39,64.9
A3410,cycling,21,M,2,60.0,62.0,85.5,0.88,186,385.2,8.61,8.4,90.1
A3411,rowing,32,M,4,60.8,66.9,87.1,1.18,174,263.0,9.31,7.73,84.0
A3412,rowing,18,F,10,51.4,65.6,85.7,1.47,174,204.3,8.55,8.89,83.5
A3413,running,24,M,10,61.4,71.2,86.7,1.5,188,362.3,8.82,5.79,97.4
A3414,running,29,M,6,69.9,68.2,75.5,1.2,179,244.6,9.26,7.65,98.2
A3415,rowing,27,M,3,59.7,97.8,79.3,0.92,190,293.4,7.3,5.98,69.8
A3416,cycling,22,M,9,59.6,63.4,79.2,0.91,153,363.5,9.89,8.2,92.3
A3417,cycling,29,F,13,50.4,68.5,89.9,1.33,168,243.2,9.54,5.66,84.8
A3418,cycling,35,M,4,61.4,63.2,89.0,1.21,176,262.4,8.17,5.74,76.4
A3419,cycling,27,F,10,50.6,99.2,82.0,1.18,196,287.8,9.19,6.64,86.6
A3420,cycling,23,F,13,64.3,96.7,72.8,1.13,188,254.4,9.29,7.01,98.2
A3421,running,29,M,2,62.7,88.7,75.2,1.31,173,292.3,9.55,7.49,80.7
A3422,rowing,24,F,6,71.0,77.0,77.3,1.4,199,201.9,7.56,7.9,97.6
A3423,running,35,F,1,64.5,67.6,87.5,1.01,186,242.4,9.11,7.34,85.7
A3424,cycling,19,F,6,58.1,68.9,73.4,0.95,174,366.5,7.1,5.23,79.3
A3425,cycling,27,F,13,62.9,77.7,74.4,1.27,178,282.7,7.35,6.72,85.8
A3426,cycling,32,F,12,67.5,90.7,77.0,1.44,180,327.3,9.33,5.31,84.1
A3427,cycling,29,F,10,52.3,70.6,88.5,1.04,194,246.5,9.44,5.59,76.9
A3428,rowing,34,F,1,65.5,72.4,80.1,0.99,184,330.0,8.78,5.46,82.5
A3429,cycling,21,M,14,72.9,84.0,82.9,0.96,177,400.0,8.75,5.79,88.1
A3430,rowing,24,M,8,57.5,69.5,77.7,0.98,187,319.1,9.25,9.06,93.6
A3431,cycling,26,F,5,65.7,83.4,73.8,0.89,193,325.7,9.72,8.14,72.2
A3432,rowing,24,F,6,70.5,75.5,74.5,1.22,199,222.3,8.26,7.53,60.6
A3433,running,19,M,2,62.8,61.4,86.1,1.0,199,280.7,7.34,8.66,82.0
A3434,cycling,23,M,2,67.9,76.1,87.9,1.23,153,372.1,9.52,9.81,79.6
A3435,rowing,35,M,12,57.8,96.8,79.9,0.86,177,366.9,8.02,7.09,62.2
A3436,running,23,M,9,57.7,71.7,77.1,0.88,180,304.5,7.4,6.84,85.3
A3437,cycling,30,F,3,66.7,72.9,86.2,1.18,172,380.7,8.84,9.89,97.7
A3438,cycling,19,F,6,67.6,62.6,83.5,1.16,163,228.6,8.73,8.86,76.1
A3439,cycling,29,M,10,73.4,84.6,70.8,0.99,177,331.6,8.42,8.89,95.8
A3440,rowing,32,M,5,55.6,94.0,77.0,1.38,163,249.8,9.58,8.0,92.5
A3441,rowing,31,M,14,61.7,74.1,83.6,0.93,150,329.1,7.82,7.54,66.5
A3442,running,23,M,12,56.3,69.6,81.5,1.05,192,217.5,7.04,7.75,91.5
A3443,rowing,35,F,4,52.0,98.3,89.6,1.19,181,388.7,7.97,8.26,80.7
A3444,rowing,22,M,10,60.1,89.8,87.3,1.41,190,357.3,7.03,6.88,96.7
A3445,cycling,35,M,2,59.4,82.7,71.2,1.09,167,240.2,8.63,8.91,67.6
A3446,cycling,20,M,8,56.8,72.2,84.5,1.08,154,327.5,8.13,9.55,65.0
A3447,cycling,20,F,10,57.4,68.8,76.7,1.21,191,351.8,9.44,7.86,69.7
A3448,cycling,27,F,7,59.0,88.6,83.6,1.02,164,241.9,9.39,6.91,62.4
A3449,cycling,20,F,11,74.7,80.9,82.3,1.3,191,218.7,8.3,8.48,72.8
A3450,cycling,29,M,2,69.6,80.8,80.1,0.97,165,270.4,7.65,5.91,71.3
A3451,cycling,33,M,6,51.8,62.9,87.1,1.38,185,227.2,8.27,9.84,76.6
A3452,running,34,M,14,71.8,80.5,84.2,0.99,185,313.1,8.92,8.29,78.5
A3453,running,24,F,8,65.8,92.9,87.8,1.49,189,284.8,7.57,5.34,65.8
A3454,running,30,F,7,72.3,97.9,75.6,1.02,179,292.5,9.32,7.65,84.8
A3455,running,19,M,15,58.5,64.3,77.0,1.42,187,308.6,7.99,8.75,68.9
A3456,cycling,21,M,1,61.6,85.2,82.4,1.08,172,396.4,9.8,6.39,64.9
A3457,running,27,F,5,72.4,82.7,89.3,0.97,160,358.5,8.54,5.25,88.4
A3458,cycling,24,M,2,56.8,95.6,77.4,0.96,174,325.9,9.54,7.45,60.9
A3459,running,34,M,6,72.9,90.0,70.6,1.4,194,272.7,8.85,9.17,74.7
A3460,rowing,23,M,7,70.7,98.6,78.9,1.02,200,205.4,8.66,6.26,65.8
A3461,running,22,F,14,74.5,98.4,80.9,1.04,192,223.3,9.05,8.59,95.3
A3462,running,27,M,14,58.1,69.0,86.0,0.94,151,346.2,9.43,7.04,93.0
A3463,cycling,26,M,7,55.9,89.0,84.6,1.47,184,273.8,8.93,5.3,62.4
A3464,running,30,M,3,58.3,81.2,89.3,0.97,196,266.9,9.39,6.52,82.0
A3465,rowing,23,M,7,73.9,68.6,85.7,0.97,173,377.8,7.57,6.57,71.8
A3466,cycling,21,F,15,58.3,67.8,76.0,1.46,162,296.9,7.83,9.52,67.7
A3467,cycling,20,F,5,64.1,63.2,82.8,1.43,191,379.9,7.69,9.91,72.5
A3468,running,20,F,8,60.1,91.8,83.4,0.97,186,377.3,9.39,6.05,92.6
A3469,cycling,21,M,15,59.9,73.0,90.0,1.41,179,216.0,7.26,7.15,62.3
A3470,cycling,22,F,12,54.8,94.3,72.8,0.97,160,389.1,9.39,9.88,85.9
A3471,cycling,25,M,8,63.4,84.3,73.8,0.86,172,215.4,8.17,7.04,96.5
A3472,cycling,33,F,7,71.2,86.9,73.1,1.37,195,392.7,7.24,6.75,77.9
A3473,cycling,20,M,6,51.2,71.7,81.8,1.34,177,290.5,8.27,5.55,96.1
A3474,cycling,29,F,2,72.2,78.3,72.7,1.01,178,352.2,7.9,8.77,96.3
