athlete_id,age,gender,sport,vo2_max,hrv,lactate_threshold,resting_heart_rate,max_heart_rate,stride_length,cadence,force_application,power_output,endurance_score,efficiency_score,adaptability_score,skiing_potential
ROW_1,31,Female,Rowing,46.97,77.52,87.2,57,173,,90,252.66,177.94,51.32,54.88,63.72,0.76
ROW_2,33,Female,Rowing,67.11,69.6,84.66,43,174,,98,340.31,347.54,72.49,54.73,91.34,0.74
ROW_3,33,Male,Rowing,71.76,65.95,71.26,44,195,,61,321.95,169.88,91.46,54.3,58.22,0.77
ROW_4,21,Male,Rowing,72.25,106.38,81.52,45,199,,77,546.54,155.0,86.88,98.82,50.04,0.04
ROW_5,23,Female,Rowing,71.95,94.68,71.86,54,192,,75,364.02,342.41,70.59,87.16,97.62,0.9
ROW_6,32,Female,Rowing,52.92,89.58,66.98,45,187,,88,249.62,287.09,86.76,60.72,69.58,0.89
ROW_7,25,Female,Rowing,79.14,65.82,70.29,47,197,,70,204.1,324.65,77.56,52.3,97.87,0.53
ROW_8,18,Female,Rowing,79.83,114.27,62.13,48,196,,61,488.78,245.69,95.63,98.26,63.9,0.25
ROW_9,30,Female,Rowing,47.65,63.38,69.95,45,179,,73,485.8,152.77,79.36,71.27,53.17,0.59
ROW_10,30,Male,Rowing,77.78,105.65,73.82,41,194,,63,367.11,232.75,70.04,79.92,88.63,0.56
ROW_11,31,Male,Rowing,55.13,117.67,88.66,55,197,,98,250.52,302.03,93.15,63.96,91.79,0.22
ROW_12,28,Male,Rowing,69.12,100.9,69.4,59,173,,93,348.65,206.43,52.49,87.92,74.6,0.6
ROW_13,24,Male,Rowing,56.83,119.5,87.07,40,195,,98,435.95,321.95,95.03,59.84,53.69,0.8
ROW_14,21,Female,Rowing,78.87,95.57,66.87,55,195,,68,481.58,348.6,84.82,89.35,82.71,0.81
ROW_15,34,Female,Rowing,48.55,65.22,65.73,40,182,,99,231.3,263.57,97.03,61.53,59.11,0.06
ROW_16,31,Male,Rowing,62.42,64.27,75.57,40,182,,66,422.52,368.93,62.53,54.9,92.47,0.2
ROW_17,27,Male,Rowing,59.98,72.72,80.18,46,186,,76,310.45,363.7,84.75,73.94,63.7,0.67
ROW_18,23,Female,Rowing,56.41,50.5,61.33,55,177,,82,446.91,369.51,90.47,90.66,92.39,0.86
ROW_19,21,Male,Rowing,67.59,97.72,66.63,56,173,,70,459.26,315.26,85.11,69.24,71.35,0.52
ROW_20,28,Male,Rowing,49.59,68.81,73.67,55,192,,81,564.24,226.2,60.52,51.44,79.82,0.71
ROW_21,30,Female,Rowing,70.08,107.06,69.93,55,172,,77,364.15,270.31,63.78,77.67,89.48,0.02
ROW_22,25,Female,Rowing,79.32,75.14,81.38,45,180,,87,415.04,327.63,78.34,84.02,52.02,0.61
ROW_23,27,Female,Rowing,73.16,83.6,75.33,57,181,,75,307.29,202.64,72.34,87.03,91.06,0.96
ROW_24,28,Male,Rowing,75.1,117.6,64.81,42,178,,63,314.62,334.71,86.76,70.1,56.93,0.66
ROW_25,20,Female,Rowing,57.59,66.95,86.83,47,184,,95,218.41,287.02,68.93,54.85,67.92,0.92
ROW_26,32,Female,Rowing,56.37,100.49,68.79,43,182,,81,314.43,174.0,92.97,79.22,73.64,0.57
ROW_27,25,Male,Rowing,63.1,102.86,81.93,43,174,,70,225.53,289.32,71.6,66.48,94.77,0.84
ROW_28,18,Female,Rowing,46.6,65.47,83.4,56,174,,80,585.57,166.69,52.0,97.34,51.12,0.12
ROW_29,25,Male,Rowing,78.09,85.07,88.89,44,188,,99,449.71,153.58,50.87,75.14,77.96,0.12
ROW_30,20,Male,Rowing,50.03,74.51,74.96,53,180,,75,269.26,372.41,82.34,73.61,82.13,0.12
ROW_31,18,Male,Rowing,76.61,104.03,78.48,54,178,,68,246.71,272.48,77.03,65.46,65.83,0.49
ROW_32,33,Male,Rowing,47.93,93.57,70.05,51,172,,94,348.05,285.82,77.14,66.94,64.52,0.33
ROW_33,26,Female,Rowing,73.79,83.32,80.35,52,187,,93,323.06,219.98,89.5,75.64,74.52,0.72
ROW_34,34,Male,Rowing,50.32,104.56,73.9,57,196,,68,311.7,285.69,68.79,65.33,59.36,0.9
ROW_35,33,Female,Rowing,46.33,66.46,73.13,53,182,,72,387.28,192.22,99.77,94.62,73.41,0.62
ROW_36,23,Female,Rowing,70.18,102.75,85.66,58,194,,65,565.15,336.41,97.28,71.95,88.25,0.21
ROW_37,24,Female,Rowing,54.81,110.58,61.51,46,197,,63,427.22,355.84,50.65,64.6,92.27,0.93
ROW_38,33,Female,Rowing,70.01,111.5,86.46,45,181,,87,408.49,363.97,94.79,57.77,69.26,0.53
ROW_39,25,Female,Rowing,64.43,104.86,85.56,44,178,,70,522.62,176.66,84.03,83.62,80.87,0.72
ROW_40,27,Male,Rowing,48.81,78.56,75.19,43,179,,93,201.61,289.44,75.1,51.29,50.0,0.89
ROW_41,31,Female,Rowing,77.62,118.73,74.71,57,197,,94,278.95,352.19,79.14,72.5,77.52,0.99
ROW_42,28,Male,Rowing,60.83,76.57,70.85,53,182,,64,398.47,182.05,92.09,77.51,98.76,0.51
ROW_43,19,Male,Rowing,70.71,94.7,89.83,55,189,,98,482.12,174.88,97.55,66.99,65.61,0.81
ROW_44,29,Male,Rowing,62.54,61.28,63.34,59,189,,70,394.01,354.24,78.02,87.49,79.74,0.57
ROW_45,30,Female,Rowing,66.15,118.63,77.71,53,182,,71,265.49,349.18,59.06,83.78,88.11,0.49
ROW_46,32,Female,Rowing,55.6,99.28,80.45,44,196,,78,571.99,262.17,81.99,98.57,80.45,0.54
ROW_47,29,Female,Rowing,52.01,102.74,88.03,50,195,,72,331.47,177.43,53.81,75.44,70.92,0.48
ROW_48,30,Female,Rowing,63.99,54.6,83.41,51,198,,63,515.29,279.03,81.76,76.89,57.63,0.42
ROW_49,25,Male,Rowing,60.41,103.44,79.32,57,198,,73,556.57,248.7,90.43,62.29,73.19,0.72
ROW_50,33,Female,Rowing,58.65,104.23,63.5,43,191,,61,338.58,279.64,67.67,69.27,64.74,0.25
ROW_51,20,Female,Rowing,68.54,97.02,71.21,52,178,,67,538.12,259.97,53.56,51.34,84.8,0.62
ROW_52,30,Male,Rowing,69.17,70.43,64.17,59,193,,81,484.31,292.13,84.61,84.46,72.1,0.71
ROW_53,29,Male,Rowing,46.61,84.28,86.44,52,179,,72,561.71,331.78,66.97,65.58,92.49,0.89
ROW_54,19,Male,Rowing,56.86,57.73,82.49,43,188,,80,300.52,343.71,62.45,77.02,59.67,0.33
ROW_55,18,Male,Rowing,59.41,83.01,82.73,46,175,,80,572.51,312.25,84.46,62.75,70.89,0.86
ROW_56,25,Male,Rowing,48.39,67.07,79.57,41,198,,87,226.12,199.74,98.48,81.05,77.88,0.95
ROW_57,26,Male,Rowing,53.26,74.44,75.21,57,176,,92,517.47,249.28,87.27,72.38,56.3,0.65
ROW_58,25,Male,Rowing,46.81,61.38,64.5,45,184,,88,374.27,167.81,74.57,74.09,79.4,0.77
ROW_59,34,Female,Rowing,79.87,66.1,69.89,55,191,,96,271.16,262.92,80.03,97.13,64.55,0.41
ROW_60,26,Female,Rowing,70.78,55.36,64.11,42,188,,81,231.76,392.58,57.11,85.31,61.48,0.95
ROW_61,23,Male,Rowing,48.06,114.39,81.75,54,183,,85,355.82,310.43,90.66,63.09,57.1,0.67
ROW_62,32,Male,Rowing,45.71,87.13,64.81,59,199,,70,355.73,188.65,80.21,75.2,67.49,0.31
ROW_63,30,Female,Rowing,70.18,77.77,81.06,49,185,,70,291.98,217.14,98.29,73.33,96.45,0.4
ROW_64,29,Male,Rowing,60.37,87.45,80.77,48,183,,93,286.21,166.14,98.97,89.75,51.55,0.62
ROW_65,30,Male,Rowing,72.54,93.98,73.78,50,198,,78,359.81,195.6,67.73,91.67,92.61,0.23
ROW_66,24,Male,Rowing,77.32,114.53,64.06,53,198,,96,364.05,271.96,99.43,64.17,69.87,0.75
ROW_67,31,Male,Rowing,65.98,62.51,69.44,51,194,,73,376.95,236.21,97.84,91.06,78.08,0.22
ROW_68,28,Male,Rowing,51.55,70.69,69.6,46,189,,88,547.5,200.99,81.99,58.98,75.64,0.59
ROW_69,31,Female,Rowing,72.38,118.31,81.01,50,171,,78,444.5,186.65,66.67,88.14,96.29,0.7
ROW_70,34,Male,Rowing,78.45,75.98,63.41,56,178,,96,208.17,314.02,87.67,62.44,88.51,0.86
ROW_71,19,Male,Rowing,65.31,51.58,84.87,48,172,,80,407.64,289.53,63.56,64.9,99.24,0.73
ROW_72,33,Male,Rowing,68.87,60.34,82.83,52,175,,83,504.98,360.66,81.49,92.62,89.72,0.8
ROW_73,27,Female,Rowing,56.81,51.84,65.59,55,174,,85,222.57,195.81,51.23,71.0,64.79,0.91
ROW_74,25,Female,Rowing,58.35,119.29,81.57,42,183,,71,369.04,362.0,81.43,99.53,98.14,0.6
ROW_75,22,Male,Rowing,70.71,69.52,80.06,44,198,,78,380.48,294.48,97.58,57.6,99.18,0.85
ROW_76,24,Male,Rowing,77.47,114.65,82.44,56,184,,89,581.61,216.56,61.76,73.17,56.15,0.23
ROW_77,30,Male,Rowing,67.01,119.71,65.67,40,187,,74,390.27,218.39,88.91,86.62,95.05,0.81
ROW_78,33,Male,Rowing,72.64,91.99,64.73,48,186,,62,499.96,247.6,64.67,50.27,83.21,0.22
ROW_79,22,Female,Rowing,51.01,52.32,67.09,56,178,,72,321.16,265.03,85.39,57.59,96.1,0.93
ROW_80,33,Female,Rowing,52.42,55.71,70.98,52,188,,68,511.72,170.63,85.0,51.02,95.79,0.33
ROW_81,32,Male,Rowing,63.62,83.71,83.81,54,192,,72,329.06,360.5,59.24,99.64,94.57,0.17
ROW_82,26,Male,Rowing,51.18,78.43,82.14,47,194,,75,372.01,180.39,79.86,88.03,94.26,0.15
ROW_83,29,Female,Rowing,67.22,92.43,87.76,47,178,,73,391.79,270.86,92.96,68.68,55.88,0.19
ROW_84,25,Female,Rowing,55.21,80.72,61.76,41,197,,67,570.55,245.74,69.13,57.81,57.18,0.45
ROW_85,30,Male,Rowing,72.7,115.39,60.35,49,185,,78,221.38,278.07,85.51,54.52,55.89,0.52
ROW_86,22,Male,Rowing,73.28,87.43,80.97,44,195,,91,278.75,371.87,83.72,76.6,54.55,0.91
ROW_87,31,Male,Rowing,61.23,98.56,68.38,55,175,,94,482.3,397.27,62.88,98.79,67.66,0.38
ROW_88,33,Female,Rowing,51.33,112.75,70.02,58,177,,82,431.03,155.07,95.93,83.73,84.2,0.22
ROW_89,28,Female,Rowing,67.64,60.28,76.4,40,194,,80,300.61,248.31,78.18,68.26,67.73,0.74
ROW_90,29,Female,Rowing,79.75,66.08,63.07,52,172,,77,315.68,354.4,67.76,75.04,86.02,0.13
ROW_91,32,Female,Rowing,66.79,57.51,79.28,43,191,,73,346.92,231.65,58.22,99.95,91.01,0.89
ROW_92,29,Male,Rowing,46.25,59.77,69.75,46,174,,75,380.14,312.26,73.67,75.94,83.31,0.41
ROW_93,26,Female,Rowing,45.61,85.88,78.98,40,176,,83,527.21,398.06,86.51,98.21,73.26,0.61
ROW_94,18,Female,Rowing,56.21,72.48,85.02,41,192,,91,205.53,311.69,81.18,50.82,64.78,0.19
ROW_95,20,Female,Rowing,51.85,79.62,65.13,55,194,,70,559.21,177.8,86.35,86.05,56.22,0.15
ROW_96,29,Male,Rowing,73.46,118.77,87.93,53,170,,70,365.21,360.73,89.59,81.36,74.68,0.8
ROW_97,30,Female,Rowing,74.57,60.97,75.92,44,191,,63,292.2,391.66,72.05,84.27,85.98,0.43
ROW_98,23,Female,Rowing,54.05,87.86,87.69,53,190,,85,403.37,328.13,76.01,78.53,77.41,0.99
ROW_99,27,Female,Rowing,56.4,56.92,66.23,56,173,,64,463.87,254.77,99.32,52.21,86.07,0.52
ROW_100,27,Male,Rowing,53.27,72.29,78.14,51,195,,95,217.9,387.1,98.4,57.48,66.76,0.85
ROW_101,33,Female,Rowing,76.79,86.93,72.12,59,197,,92,486.31,392.14,70.74,96.11,53.34,0.98
ROW_102,18,Male,Rowing,62.59,116.26,83.23,51,185,,73,504.3,383.78,84.26,61.65,88.55,0.28
ROW_103,33,Male,Rowing,67.96,77.39,78.18,42,196,,91,266.47,252.95,63.38,99.65,60.99,0.8
ROW_104,21,Female,Rowing,59.54,54.54,74.84,41,183,,66,267.15,347.43,57.63,83.98,80.81,0.02
ROW_105,23,Male,Rowing,67.09,77.17,87.39,54,170,,69,281.51,313.54,88.42,72.22,90.21,0.68
ROW_106,19,Female,Rowing,58.5,60.2,71.31,50,173,,61,518.65,194.93,71.81,96.0,56.96,0.75
ROW_107,27,Male,Rowing,56.89,66.1,66.6,49,179,,69,308.8,283.88,58.85,89.75,79.92,0.48
ROW_108,21,Male,Rowing,67.21,93.27,78.24,57,180,,94,518.37,336.92,87.94,71.45,84.47,0.16
ROW_109,18,Female,Rowing,65.69,54.72,78.72,41,176,,80,416.21,373.98,95.76,53.43,87.33,0.62
ROW_110,32,Female,Rowing,55.27,82.53,73.17,46,173,,99,506.87,365.65,96.66,93.42,57.38,0.9
ROW_111,27,Male,Rowing,50.23,92.66,74.6,46,170,,67,421.47,188.66,79.82,88.25,91.26,0.93
ROW_112,33,Male,Rowing,57.9,79.53,88.79,46,195,,77,334.31,272.01,73.98,89.54,54.71,0.75
ROW_113,30,Male,Rowing,59.53,51.34,81.98,53,170,,68,564.29,269.57,57.09,87.24,75.98,0.26
ROW_114,32,Male,Rowing,67.0,118.99,63.32,41,186,,89,486.12,374.68,89.64,63.79,72.17,0.87
ROW_115,19,Female,Rowing,77.01,75.7,66.36,41,196,,63,393.62,150.48,97.27,92.94,61.09,0.89
ROW_116,21,Male,Rowing,46.27,104.5,89.27,54,179,,94,454.97,334.68,94.47,50.11,65.1,0.37
ROW_117,18,Male,Rowing,53.53,72.8,81.79,50,174,,73,446.34,304.66,87.59,61.86,58.22,0.18
ROW_118,24,Female,Rowing,51.78,83.25,87.45,49,176,,73,343.25,380.39,50.23,52.33,71.29,0.87
ROW_119,28,Male,Rowing,62.58,77.19,69.12,42,194,,96,369.51,264.23,70.39,55.53,51.78,0.89
ROW_120,27,Female,Rowing,60.04,73.98,82.26,56,177,,79,327.3,314.42,70.54,76.62,94.45,0.1
ROW_121,18,Female,Rowing,70.52,51.53,81.42,48,171,,88,599.81,393.19,94.72,51.86,58.17,0.97
ROW_122,28,Female,Rowing,53.48,75.2,68.84,54,178,,82,432.03,335.98,53.28,59.07,94.3,0.53
ROW_123,27,Male,Rowing,65.81,112.26,76.52,53,173,,80,236.82,166.85,76.56,61.64,93.18,0.99
ROW_124,31,Female,Rowing,75.94,98.33,78.82,58,181,,90,407.64,191.88,56.81,82.77,72.58,0.45
ROW_125,31,Female,Rowing,76.87,60.18,74.43,56,195,,91,219.98,355.36,83.11,73.44,74.89,0.53
ROW_126,24,Female,Rowing,78.56,91.38,84.82,59,180,,66,315.46,233.7,89.61,72.92,65.1,0.27
ROW_127,28,Male,Rowing,72.06,112.46,84.99,56,174,,72,378.38,326.48,82.1,88.42,99.84,0.9
ROW_128,21,Male,Rowing,76.71,99.0,85.52,55,181,,82,413.71,324.96,89.73,72.84,83.54,0.44
ROW_129,19,Male,Rowing,53.21,60.41,84.1,59,196,,67,590.47,398.43,80.37,67.42,97.59,0.81
ROW_130,24,Male,Rowing,51.92,110.75,74.64,47,190,,71,592.89,267.47,59.49,98.12,70.74,0.08
ROW_131,31,Female,Rowing,45.23,71.11,71.44,46,173,,95,239.23,334.46,69.13,50.41,94.15,0.79
ROW_132,24,Female,Rowing,69.74,81.79,84.94,51,182,,75,415.25,162.19,97.84,65.27,72.41,0.49
ROW_133,29,Female,Rowing,77.81,86.83,74.71,40,191,,85,526.84,265.65,64.41,80.47,93.34,0.01
ROW_134,20,Male,Rowing,51.54,109.54,67.39,51,170,,88,295.09,196.67,53.14,89.14,56.55,0.23
ROW_135,32,Female,Rowing,67.29,115.21,75.22,45,187,,88,500.23,360.14,69.24,90.82,81.84,0.19
ROW_136,22,Male,Rowing,71.13,115.08,64.26,55,173,,65,551.45,359.98,68.32,52.3,83.94,0.75
ROW_137,25,Male,Rowing,77.47,50.56,80.75,57,173,,96,464.99,209.09,73.52,85.46,82.81,0.48
ROW_138,31,Male,Rowing,67.64,114.53,70.08,58,177,,92,331.08,229.57,78.02,86.01,72.35,0.16
ROW_139,21,Female,Rowing,78.96,53.81,67.82,42,194,,90,569.25,325.62,99.62,60.7,84.2,0.26
ROW_140,24,Female,Rowing,57.06,68.6,88.7,42,197,,77,553.41,334.57,87.81,55.64,61.97,0.5
ROW_141,24,Male,Rowing,57.25,86.05,83.31,44,189,,97,486.33,314.41,51.79,87.48,79.79,0.02
ROW_142,31,Female,Rowing,64.01,83.59,83.61,42,175,,90,345.47,399.17,85.64,62.48,77.71,0.42
ROW_143,25,Male,Rowing,58.42,92.33,78.71,58,173,,75,516.76,367.17,91.21,50.08,65.92,0.68
ROW_144,29,Female,Rowing,45.05,83.56,85.18,44,173,,99,326.44,254.26,94.78,61.18,88.94,0.52
ROW_145,27,Male,Rowing,70.61,115.41,82.77,53,197,,96,301.18,231.74,71.2,51.55,54.04,0.6
ROW_146,31,Male,Rowing,71.31,66.84,77.96,55,180,,73,406.01,299.21,65.68,62.46,58.57,0.33
ROW_147,26,Male,Rowing,71.14,69.18,88.83,40,197,,98,598.85,354.41,91.97,66.75,73.56,0.18
ROW_148,23,Female,Rowing,57.08,114.45,65.75,56,178,,63,521.73,268.84,88.88,63.57,94.59,0.81
ROW_149,22,Female,Rowing,63.28,55.37,88.3,50,183,,89,491.92,334.42,76.8,96.0,78.76,0.91
ROW_150,18,Female,Rowing,57.6,92.67,72.04,48,173,,92,380.81,154.79,55.89,61.63,92.1,0.51
ROW_151,18,Female,Rowing,45.56,97.72,75.85,43,182,,95,324.78,381.46,82.59,73.38,75.88,0.31
ROW_152,34,Female,Rowing,64.69,85.39,63.68,41,175,,89,542.36,343.46,53.28,97.87,89.27,0.51
ROW_153,28,Male,Rowing,49.33,98.6,76.2,48,199,,73,427.09,248.55,55.02,93.96,66.29,0.88
ROW_154,29,Female,Rowing,47.8,62.09,78.34,44,182,,82,525.3,246.0,66.56,65.46,90.76,0.69
ROW_155,20,Male,Rowing,71.44,109.68,89.93,43,194,,87,395.1,175.72,68.56,66.32,70.08,0.86
ROW_156,23,Female,Rowing,45.33,59.8,89.26,44,172,,66,501.58,354.04,73.1,79.67,77.94,0.33
ROW_157,28,Female,Rowing,78.57,78.06,88.99,57,192,,69,547.1,342.16,66.96,95.89,58.79,0.71
ROW_158,30,Female,Rowing,63.03,55.27,70.45,52,176,,63,356.56,307.56,51.69,50.5,96.02,0.65
ROW_159,28,Male,Rowing,79.41,88.16,89.74,44,170,,97,205.43,175.36,57.87,69.66,85.07,0.57
ROW_160,25,Female,Rowing,47.03,96.88,73.66,58,180,,72,301.97,215.59,55.76,92.49,92.94,0.53
ROW_161,27,Male,Rowing,65.42,115.89,85.56,42,171,,80,565.97,264.73,71.56,70.52,60.39,0.55
ROW_162,19,Female,Rowing,57.23,101.75,66.49,57,174,,92,475.02,216.49,60.61,86.0,53.38,0.85
ROW_163,31,Male,Rowing,74.52,87.88,75.17,45,193,,99,494.89,258.49,64.68,84.6,66.86,0.92
ROW_164,33,Male,Rowing,57.64,115.28,88.98,45,191,,87,330.12,206.49,73.58,60.27,75.83,0.11
ROW_165,34,Male,Rowing,54.12,83.49,88.41,44,199,,82,480.51,237.4,61.78,72.48,90.12,0.57
ROW_166,28,Male,Rowing,75.01,89.28,80.51,40,183,,91,458.51,313.07,62.3,78.31,69.89,0.92
ROW_167,19,Female,Rowing,58.11,91.73,83.93,47,198,,64,271.35,373.09,91.66,85.77,63.5,0.13
ROW_168,22,Female,Rowing,45.59,78.7,65.29,40,182,,85,587.48,246.26,77.4,91.12,68.63,0.41
ROW_169,33,Male,Rowing,58.66,108.69,81.65,45,185,,98,341.61,322.98,92.84,88.0,85.18,0.09
ROW_170,33,Female,Rowing,67.91,62.96,78.54,59,192,,85,331.71,183.7,75.73,51.42,66.81,0.11
ROW_171,19,Male,Rowing,53.9,88.84,62.75,53,184,,62,347.66,285.2,95.46,83.53,98.96,0.9
ROW_172,33,Female,Rowing,60.12,100.56,63.39,50,172,,83,236.69,380.43,62.74,74.87,58.75,0.45
ROW_173,22,Female,Rowing,46.99,113.28,63.25,41,175,,93,449.99,156.98,80.83,78.69,87.65,0.69
ROW_174,25,Female,Rowing,65.58,111.87,81.73,43,178,,93,295.45,216.89,75.16,68.65,79.46,0.14
ROW_175,31,Male,Rowing,71.47,85.61,64.25,52,172,,79,521.33,183.12,95.93,85.7,61.65,0.02
ROW_176,27,Female,Rowing,59.47,95.02,74.03,46,199,,89,357.66,283.28,70.92,83.69,87.68,0.89
ROW_177,19,Male,Rowing,59.71,77.6,70.71,45,182,,79,383.42,319.91,92.74,78.97,72.38,0.57
ROW_178,20,Female,Rowing,48.09,82.77,76.52,42,198,,77,458.57,164.44,78.2,93.08,84.12,0.02
ROW_179,19,Male,Rowing,52.07,113.44,81.19,48,182,,97,504.75,167.57,85.43,55.1,83.11,0.99
ROW_180,26,Female,Rowing,50.41,115.15,80.54,53,191,,79,292.45,367.41,94.34,65.05,55.53,0.49
ROW_181,19,Male,Rowing,61.86,112.68,75.47,59,176,,65,586.52,264.06,99.85,74.76,92.0,0.48
ROW_182,24,Male,Rowing,63.52,59.69,73.93,50,174,,84,448.93,265.74,86.56,97.93,84.07,0.62
ROW_183,24,Male,Rowing,78.21,109.51,71.93,44,195,,62,202.26,386.15,65.73,53.6,89.03,0.01
ROW_184,31,Female,Rowing,47.56,116.39,85.86,53,198,,78,366.25,230.05,64.95,66.85,72.39,0.57
ROW_185,22,Male,Rowing,66.0,75.29,69.93,58,177,,69,374.73,374.26,65.46,96.29,59.75,0.63
ROW_186,25,Female,Rowing,63.43,86.31,67.78,47,177,,64,523.67,393.56,54.9,94.9,66.31,0.3
ROW_187,23,Male,Rowing,63.07,104.54,82.3,46,191,,81,322.06,210.42,52.68,93.26,95.07,0.73
ROW_188,31,Male,Rowing,75.56,89.35,70.79,46,176,,68,332.49,278.51,79.04,65.42,96.9,0.38
ROW_189,34,Male,Rowing,52.19,119.54,85.41,42,188,,92,228.2,283.59,90.53,92.34,74.09,0.72
ROW_190,26,Female,Rowing,46.43,81.9,69.84,42,198,,74,313.42,366.54,51.81,75.27,64.94,0.14
ROW_191,30,Female,Rowing,68.53,99.98,81.06,57,176,,83,486.78,225.98,78.33,80.99,86.52,0.91
ROW_192,33,Female,Rowing,57.08,105.48,61.35,52,192,,89,453.9,349.51,68.59,61.94,88.3,0.88
ROW_193,27,Female,Rowing,45.62,84.59,71.57,40,173,,95,232.56,392.75,94.62,85.33,90.77,0.15
ROW_194,27,Female,Rowing,53.8,109.99,70.3,44,179,,98,245.88,360.08,57.27,66.38,51.55,0.94
ROW_195,21,Female,Rowing,55.83,88.23,84.5,43,199,,65,350.77,377.29,78.17,67.19,50.49,0.56
ROW_196,29,Female,Rowing,66.59,78.82,89.01,55,182,,74,497.5,327.09,98.55,81.84,67.86,0.7
ROW_197,25,Male,Rowing,51.04,57.55,73.83,54,173,,97,533.17,375.99,67.25,61.99,57.62,0.84
ROW_198,32,Male,Rowing,59.46,77.54,84.75,57,199,,98,205.85,191.21,87.09,61.22,90.25,0.08
ROW_199,32,Female,Rowing,61.89,101.38,80.99,56,188,,81,331.6,328.09,94.12,68.46,76.64,0.17
ROW_200,25,Female,Rowing,61.07,114.49,89.02,53,179,,62,369.7,332.97,59.31,88.9,91.27,0.29
ROW_201,25,Female,Rowing,79.09,67.62,84.33,53,176,,88,564.45,259.8,99.63,61.23,58.85,0.48
ROW_202,26,Female,Rowing,46.59,74.87,62.32,58,174,,88,400.56,169.93,90.47,89.37,81.36,0.35
ROW_203,34,Female,Rowing,78.28,60.78,81.4,45,172,,90,307.88,305.61,56.88,84.78,79.01,0.51
ROW_204,25,Male,Rowing,65.37,98.35,76.06,52,191,,61,356.02,162.97,65.54,83.95,67.02,0.19
ROW_205,29,Female,Rowing,72.85,117.21,60.49,57,197,,94,374.57,245.6,81.25,73.74,75.85,0.68
ROW_206,32,Female,Rowing,60.06,94.87,67.54,54,191,,68,468.0,248.42,94.25,87.29,79.45,0.06
ROW_207,21,Female,Rowing,60.88,93.2,87.65,46,191,,81,216.44,399.73,59.74,50.68,94.47,0.36
ROW_208,23,Male,Rowing,75.78,88.74,87.78,58,171,,78,355.78,224.95,86.56,65.28,52.78,0.18
ROW_209,33,Male,Rowing,76.36,56.19,83.97,56,198,,96,458.62,355.11,63.53,83.96,91.17,0.73
ROW_210,22,Male,Rowing,53.35,101.07,89.45,48,180,,69,313.33,163.29,90.27,99.36,99.01,0.88
ROW_211,30,Male,Rowing,51.97,92.14,84.2,50,179,,80,436.7,282.44,84.17,50.13,86.59,0.08
ROW_212,32,Female,Rowing,62.37,96.3,60.31,44,197,,76,342.91,284.17,76.15,75.5,86.87,0.79
ROW_213,34,Male,Rowing,76.51,112.92,68.64,41,192,,62,503.49,307.19,82.49,96.19,60.9,0.9
ROW_214,22,Male,Rowing,56.28,104.88,60.92,54,182,,66,224.24,352.5,93.82,93.18,76.15,0.97
ROW_215,24,Male,Rowing,67.82,104.66,62.82,51,176,,96,567.18,340.48,69.32,51.16,85.3,0.58
ROW_216,20,Male,Rowing,69.79,114.9,66.57,49,179,,95,268.65,340.25,88.46,76.48,80.11,0.33
ROW_217,30,Male,Rowing,72.25,119.3,75.11,49,197,,62,263.42,258.07,57.95,50.21,69.26,0.32
ROW_218,31,Female,Rowing,64.74,90.69,85.43,59,173,,72,536.26,331.87,85.06,89.48,97.01,0.38
ROW_219,33,Male,Rowing,59.09,57.62,85.86,50,196,,89,547.71,272.83,87.53,65.44,75.7,0.61
ROW_220,30,Male,Rowing,78.85,82.14,78.49,49,191,,82,237.19,166.74,72.15,88.28,98.49,0.49
ROW_221,19,Male,Rowing,66.4,105.13,87.85,46,189,,66,563.49,372.55,89.68,97.24,78.19,0.65
ROW_222,31,Female,Rowing,70.5,51.94,75.0,53,185,,89,309.32,372.54,77.86,98.8,89.67,0.04
ROW_223,24,Female,Rowing,57.07,53.98,86.67,52,189,,88,447.45,230.72,96.81,94.71,87.1,0.11
ROW_224,22,Female,Rowing,68.45,54.7,73.62,44,175,,67,227.44,378.48,55.62,60.21,83.04,0.98
ROW_225,31,Female,Rowing,54.02,101.17,68.32,58,178,,69,352.26,339.5,56.54,59.73,50.72,1.0
ROW_226,26,Female,Rowing,53.58,85.08,87.49,49,197,,92,380.29,250.2,92.12,81.29,53.87,0.75
ROW_227,27,Female,Rowing,70.02,75.82,71.64,47,182,,79,439.93,232.88,92.12,77.2,79.07,0.26
ROW_228,24,Female,Rowing,63.25,57.39,75.1,57,176,,88,410.11,393.79,73.56,50.48,95.59,0.95
ROW_229,31,Female,Rowing,68.91,101.26,69.87,40,187,,88,384.6,328.16,98.2,69.59,80.06,0.21
ROW_230,31,Male,Rowing,54.43,72.47,79.89,44,183,,80,583.86,244.7,83.97,95.33,61.8,0.73
ROW_231,19,Male,Rowing,65.96,68.57,89.85,50,191,,60,274.01,310.5,99.14,94.92,66.01,0.12
ROW_232,34,Female,Rowing,60.54,95.66,60.77,59,199,,93,263.2,292.88,76.62,60.2,81.16,0.65
ROW_233,21,Male,Rowing,65.89,89.13,87.0,50,174,,91,485.37,281.14,60.08,69.1,79.85,0.76
ROW_234,30,Female,Rowing,55.18,75.37,60.12,55,191,,73,229.82,311.18,72.22,78.02,97.79,0.86
ROW_235,20,Male,Rowing,70.04,94.9,70.93,49,182,,96,393.16,284.41,99.02,92.64,76.45,0.73
ROW_236,22,Male,Rowing,73.21,68.99,65.06,54,193,,94,393.62,313.7,68.52,76.6,67.75,0.92
ROW_237,18,Female,Rowing,54.1,105.64,82.72,46,177,,83,324.01,376.89,97.85,98.41,76.25,0.52
ROW_238,26,Male,Rowing,55.52,66.05,61.52,54,184,,60,572.18,398.32,89.85,89.95,89.31,0.68
ROW_239,25,Female,Rowing,68.14,61.12,76.6,55,188,,65,313.02,327.32,72.11,97.65,77.02,0.37
ROW_240,20,Female,Rowing,69.35,104.77,68.85,45,178,,63,315.38,381.96,77.09,86.57,66.3,0.01
ROW_241,19,Male,Rowing,69.64,99.55,64.01,50,175,,97,293.72,364.6,80.37,93.88,66.93,0.76
ROW_242,18,Female,Rowing,68.89,62.78,83.15,56,192,,60,258.32,223.76,83.29,91.55,87.84,0.87
ROW_243,29,Male,Rowing,58.75,58.14,66.52,54,194,,90,345.6,383.23,53.83,62.69,53.32,0.17
ROW_244,30,Male,Rowing,58.82,108.69,66.71,55,183,,95,472.35,167.7,96.68,61.48,63.74,0.03
ROW_245,27,Female,Rowing,53.92,104.36,68.25,41,198,,68,496.87,232.48,79.85,93.22,57.65,0.16
ROW_246,34,Female,Rowing,50.49,72.91,77.6,43,192,,82,525.37,309.99,96.56,54.23,97.23,0.9
ROW_247,28,Female,Rowing,69.24,96.07,79.79,58,179,,90,279.02,281.73,81.59,70.43,54.5,0.3
ROW_248,22,Female,Rowing,48.26,58.69,60.53,45,178,,88,214.25,285.6,71.55,91.03,87.91,0.23
ROW_249,26,Female,Rowing,77.82,85.49,67.26,57,186,,80,589.87,348.72,78.35,90.66,81.52,0.01
ROW_250,30,Male,Rowing,73.93,51.31,72.93,50,182,,62,205.73,198.68,91.48,56.94,81.64,0.3
ROW_251,28,Female,Rowing,75.01,77.41,69.96,48,186,,85,584.27,395.52,66.31,74.39,88.17,0.72
ROW_252,21,Male,Rowing,76.73,55.24,86.53,42,188,,65,531.53,259.36,97.82,73.99,70.02,0.96
ROW_253,28,Female,Rowing,59.3,83.26,83.63,41,182,,79,564.83,387.46,73.3,66.19,70.04,0.31
ROW_254,26,Male,Rowing,74.63,79.52,78.78,57,178,,72,354.87,245.78,97.81,95.86,64.44,0.24
ROW_255,24,Male,Rowing,50.53,81.11,70.14,54,170,,82,278.88,300.45,94.04,82.66,79.89,0.89
ROW_256,33,Male,Rowing,45.76,53.17,81.02,57,170,,74,442.59,262.58,88.38,99.01,96.49,0.85
ROW_257,22,Male,Rowing,72.47,75.31,85.31,58,174,,90,496.5,318.98,73.37,53.34,96.2,0.33
ROW_258,23,Male,Rowing,47.62,102.95,77.84,54,177,,63,252.34,195.91,79.35,69.72,85.15,0.07
ROW_259,18,Female,Rowing,79.6,75.82,83.53,56,187,,70,519.05,250.16,91.9,91.76,95.31,0.99
ROW_260,33,Male,Rowing,68.62,100.06,82.47,57,173,,61,283.44,167.1,77.2,71.13,98.18,0.68
ROW_261,30,Female,Rowing,71.37,75.86,77.15,57,191,,75,396.67,299.53,86.91,63.09,89.76,0.93
ROW_262,18,Male,Rowing,53.6,79.63,69.37,50,170,,90,542.59,390.67,89.53,99.89,70.39,0.34
ROW_263,27,Female,Rowing,68.59,89.47,82.37,57,184,,98,277.37,161.48,75.65,93.66,74.16,0.65
ROW_264,24,Male,Rowing,46.51,116.55,66.2,42,189,,63,296.75,314.91,76.81,77.32,96.56,0.67
ROW_265,22,Male,Rowing,74.32,57.62,83.38,52,173,,87,225.11,343.77,59.89,78.09,83.5,0.87
ROW_266,30,Female,Rowing,50.94,52.3,84.14,53,194,,75,258.65,203.28,62.24,50.34,91.03,0.99
ROW_267,33,Female,Rowing,69.41,92.56,84.66,43,178,,98,258.61,218.27,95.25,99.05,55.81,0.11
ROW_268,31,Male,Rowing,52.86,116.44,74.19,57,191,,84,281.37,200.4,92.02,90.31,59.7,0.63
ROW_269,28,Male,Rowing,47.4,119.28,65.77,44,193,,72,314.48,224.35,50.51,51.84,67.21,0.34
ROW_270,19,Female,Rowing,61.85,83.89,62.99,53,197,,64,525.99,177.52,93.47,58.82,59.41,0.81
ROW_271,25,Male,Rowing,50.93,82.77,82.3,51,195,,89,566.31,242.59,51.26,91.05,95.32,0.75
ROW_272,30,Male,Rowing,70.53,95.15,86.59,46,189,,60,362.51,242.23,72.91,54.34,60.84,0.89
ROW_273,24,Female,Rowing,53.31,88.89,79.53,51,179,,64,251.28,351.82,53.37,97.09,77.86,0.34
ROW_274,29,Male,Rowing,56.99,94.39,64.32,47,193,,73,289.52,350.24,98.44,99.99,54.27,0.18
ROW_275,25,Male,Rowing,64.86,111.18,88.05,42,184,,70,494.48,349.18,98.62,94.32,57.75,0.02
ROW_276,33,Female,Rowing,54.97,102.24,89.67,40,172,,93,470.97,291.76,80.54,86.95,62.37,0.26
ROW_277,21,Male,Rowing,58.23,84.78,73.0,42,171,,88,586.88,231.47,69.61,74.36,99.14,0.37
ROW_278,29,Female,Rowing,73.55,82.33,77.84,50,191,,77,205.8,252.74,75.6,54.12,89.85,0.95
ROW_279,33,Female,Rowing,51.27,94.77,83.32,57,174,,74,500.3,229.44,88.11,86.52,83.68,0.49
ROW_280,34,Male,Rowing,47.88,81.9,82.09,46,193,,84,402.32,295.48,61.16,69.84,95.81,0.56
ROW_281,21,Male,Rowing,56.49,82.04,89.03,48,170,,89,561.08,384.49,72.09,78.51,97.81,0.88
ROW_282,26,Female,Rowing,59.85,51.14,63.45,43,180,,61,430.47,221.12,86.86,64.67,72.68,0.89
ROW_283,22,Female,Rowing,63.99,62.18,77.42,49,181,,99,378.67,264.71,69.77,62.11,66.38,0.53
ROW_284,34,Male,Rowing,58.03,84.2,80.76,57,195,,86,466.34,313.78,51.6,66.21,65.77,0.11
ROW_285,34,Female,Rowing,72.65,107.59,86.7,55,172,,74,533.41,361.17,75.37,90.69,51.79,0.27
ROW_286,19,Male,Rowing,46.38,69.51,86.22,51,192,,91,313.0,213.33,86.87,71.32,63.98,0.46
ROW_287,19,Female,Rowing,60.11,86.59,89.34,58,198,,79,243.01,220.07,98.84,65.59,67.75,0.75
ROW_288,24,Female,Rowing,58.38,74.15,75.36,42,185,,73,373.21,371.29,51.85,71.65,51.84,0.71
ROW_289,21,Female,Rowing,67.67,57.34,84.92,47,195,,86,285.81,170.06,77.0,51.61,94.13,0.64
ROW_290,30,Male,Rowing,78.82,117.08,72.82,58,183,,62,371.82,301.36,72.5,94.53,92.39,0.88
ROW_291,28,Female,Rowing,62.86,109.83,72.67,48,181,,62,596.42,365.11,62.12,77.59,62.58,0.8
ROW_292,20,Female,Rowing,79.54,55.49,67.6,58,189,,72,429.65,380.44,81.89,55.24,90.13,0.98
ROW_293,19,Female,Rowing,55.58,100.39,84.55,56,195,,84,477.44,153.17,58.18,64.42,89.81,0.89
ROW_294,33,Female,Rowing,46.08,74.33,89.57,52,185,,77,471.17,242.42,64.19,99.18,66.75,0.2
ROW_295,20,Male,Rowing,50.8,119.64,67.69,41,190,,60,528.28,214.32,89.09,79.65,84.85,0.06
ROW_296,32,Female,Rowing,58.83,71.17,61.68,43,177,,98,577.65,292.01,73.02,64.57,64.49,0.41
ROW_297,34,Male,Rowing,56.07,66.71,84.47,50,186,,64,463.53,308.22,99.68,71.32,53.51,0.62
ROW_298,33,Female,Rowing,48.4,89.75,78.61,41,186,,61,390.44,399.94,69.32,62.92,75.24,0.64
ROW_299,24,Female,Rowing,60.14,108.46,88.79,43,197,,89,327.13,278.19,73.16,51.59,71.92,0.27
ROW_300,33,Male,Rowing,56.83,63.48,67.57,43,176,,76,344.11,287.87,65.01,92.1,56.91,0.86
ROW_301,22,Male,Rowing,49.29,99.66,62.13,59,184,,88,333.79,253.58,61.81,64.62,74.53,0.33
ROW_302,19,Female,Rowing,55.36,54.3,74.77,40,198,,63,329.79,186.92,96.11,91.92,97.47,0.92
ROW_303,18,Female,Rowing,76.03,114.33,62.56,50,197,,68,477.85,225.83,87.44,73.93,86.57,0.47
ROW_304,30,Female,Rowing,55.57,55.68,67.85,41,178,,80,435.08,211.75,66.67,59.14,86.94,0.01
ROW_305,33,Male,Rowing,69.99,114.0,63.78,58,173,,71,280.8,350.3,85.01,90.09,87.88,0.16
ROW_306,22,Female,Rowing,66.42,84.36,66.72,47,177,,71,587.85,286.45,98.29,68.86,87.23,0.1
ROW_307,20,Male,Rowing,59.95,81.37,63.18,59,179,,63,371.09,224.05,53.7,85.39,51.0,0.04
ROW_308,32,Female,Rowing,53.37,118.13,88.62,43,184,,87,426.43,272.27,63.23,91.86,96.23,0.71
ROW_309,33,Male,Rowing,57.92,119.33,68.36,55,192,,68,481.04,204.72,60.03,98.15,91.51,0.19
ROW_310,28,Male,Rowing,65.72,95.51,73.32,54,199,,99,445.47,196.28,93.49,54.29,63.73,0.84
ROW_311,26,Male,Rowing,57.28,58.9,86.96,44,187,,91,324.42,364.99,58.96,50.42,77.64,0.26
ROW_312,25,Female,Rowing,52.52,85.43,80.32,44,183,,72,519.08,386.2,65.4,77.42,80.75,0.03
ROW_313,22,Female,Rowing,49.08,87.04,78.54,54,174,,93,244.06,170.0,77.19,63.21,56.6,0.82
ROW_314,34,Male,Rowing,75.79,86.01,81.17,56,178,,78,427.6,341.22,81.05,73.46,62.7,0.47
ROW_315,22,Male,Rowing,60.41,89.86,84.86,42,182,,73,309.33,263.33,90.41,53.63,51.16,0.6
ROW_316,31,Male,Rowing,66.88,51.31,86.33,57,198,,64,446.3,247.24,70.37,75.08,93.2,0.34
ROW_317,24,Female,Rowing,62.16,99.79,79.28,50,194,,86,287.2,322.35,76.71,56.24,51.25,0.05
ROW_318,26,Female,Rowing,75.54,99.87,86.7,45,188,,87,508.88,216.56,98.27,91.93,65.93,0.37
ROW_319,34,Female,Rowing,64.14,58.08,76.06,51,180,,85,291.01,155.15,64.87,87.97,53.91,0.52
ROW_320,20,Male,Rowing,61.83,89.92,68.32,56,181,,69,556.16,203.5,62.4,53.7,89.07,0.01
ROW_321,25,Female,Rowing,77.36,89.79,86.4,53,172,,83,544.62,196.23,85.53,91.82,96.25,0.57
ROW_322,30,Female,Rowing,70.19,97.77,76.24,45,171,,76,344.96,158.51,88.56,66.25,78.14,0.89
ROW_323,33,Female,Rowing,48.9,55.98,87.18,49,192,,75,354.33,230.33,70.74,67.64,56.98,0.22
ROW_324,27,Male,Rowing,51.22,93.86,61.21,55,191,,76,480.6,268.63,60.65,58.99,77.91,0.93
ROW_325,20,Female,Rowing,72.55,69.65,71.93,57,184,,60,236.15,333.96,88.95,91.77,88.52,0.1
ROW_326,29,Female,Rowing,74.25,85.49,88.43,59,174,,80,232.37,231.42,83.52,70.24,85.92,0.83
ROW_327,33,Female,Rowing,64.08,104.13,67.49,45,176,,81,254.53,198.64,93.81,52.44,87.09,0.84
ROW_328,34,Female,Rowing,64.41,99.4,88.25,58,173,,64,424.99,207.65,92.22,98.31,63.96,0.26
ROW_329,24,Female,Rowing,67.12,58.32,88.62,42,174,,95,259.6,372.79,60.26,62.79,53.69,0.96
ROW_330,25,Male,Rowing,60.37,91.38,86.46,51,194,,80,311.05,201.18,91.62,96.81,57.45,0.42
ROW_331,34,Male,Rowing,68.81,117.84,76.91,55,185,,68,458.76,369.81,58.76,65.06,97.78,0.14
ROW_332,24,Male,Rowing,48.8,60.97,79.41,42,184,,86,206.25,261.77,93.19,91.57,80.68,0.59
ROW_333,18,Male,Rowing,78.64,109.7,86.09,55,196,,71,272.09,383.6,88.52,83.21,86.39,1.0
ROW_334,25,Female,Rowing,71.26,99.18,83.28,43,185,,77,571.97,252.02,78.49,93.06,94.95,0.9
ROW_335,27,Female,Rowing,67.09,104.18,78.9,59,194,,94,465.43,194.42,82.11,98.81,92.64,0.28
ROW_336,29,Male,Rowing,56.07,69.74,89.47,52,173,,74,322.22,287.26,55.2,93.57,60.92,0.58
ROW_337,18,Male,Rowing,50.63,70.15,80.57,43,175,,89,218.12,296.93,51.99,70.18,52.9,0.12
ROW_338,21,Male,Rowing,59.33,113.42,89.26,43,187,,92,434.42,308.87,66.53,90.73,96.26,0.46
ROW_339,21,Female,Rowing,68.16,75.19,61.72,46,172,,95,289.15,252.87,91.07,85.58,99.08,0.52
ROW_340,26,Female,Rowing,67.18,54.41,64.17,51,194,,99,584.07,162.15,73.29,53.08,78.37,0.32
ROW_341,32,Female,Rowing,58.39,92.04,73.54,41,191,,89,474.78,306.68,61.17,96.49,94.42,0.48
ROW_342,32,Male,Rowing,66.47,58.74,71.55,55,193,,85,589.65,383.26,91.73,73.3,61.59,0.92
ROW_343,24,Male,Rowing,73.48,105.76,83.48,46,196,,80,539.56,389.39,61.43,56.72,55.55,0.5
ROW_344,29,Male,Rowing,45.92,94.92,64.82,58,174,,96,393.21,299.22,90.77,71.27,74.99,0.83
ROW_345,20,Female,Rowing,60.77,111.23,89.28,50,171,,90,467.83,154.97,72.65,80.16,90.56,0.32
ROW_346,26,Female,Rowing,71.55,104.94,69.45,40,192,,76,524.84,176.51,73.17,78.65,82.73,0.97
ROW_347,31,Male,Rowing,64.12,57.85,72.87,48,185,,76,431.27,358.5,63.64,78.74,81.87,0.09
ROW_348,30,Male,Rowing,67.8,76.67,68.24,44,175,,93,224.6,357.44,95.01,62.79,50.87,0.59
ROW_349,29,Female,Rowing,63.08,104.22,77.38,56,196,,83,388.18,386.5,54.44,81.64,65.87,0.79
ROW_350,18,Female,Rowing,79.72,79.21,61.76,40,184,,92,252.23,290.94,57.22,95.37,96.97,0.81
ROW_351,33,Male,Rowing,46.91,118.07,64.49,56,187,,63,485.94,365.95,81.79,69.43,56.71,0.2
ROW_352,29,Male,Rowing,62.19,101.5,82.37,51,175,,68,472.25,356.22,92.51,81.53,86.32,0.4
ROW_353,27,Female,Rowing,48.2,51.08,65.6,52,182,,61,597.16,297.36,54.77,62.2,87.97,0.62
ROW_354,19,Male,Rowing,50.59,111.6,67.07,50,193,,94,451.52,345.91,86.69,52.41,86.64,0.32
ROW_355,30,Male,Rowing,58.41,57.06,83.79,52,182,,97,520.06,181.43,87.13,79.29,99.46,0.66
ROW_356,23,Female,Rowing,50.44,59.84,62.8,52,170,,74,307.32,309.8,79.08,52.38,70.46,0.38
ROW_357,29,Male,Rowing,78.73,101.41,73.12,45,185,,62,336.01,388.36,74.34,86.18,84.11,0.35
ROW_358,21,Female,Rowing,78.14,110.55,60.69,45,173,,90,566.81,190.49,66.05,83.52,59.68,0.11
ROW_359,18,Male,Rowing,56.76,87.54,70.4,59,186,,82,502.08,336.01,67.57,68.47,69.99,0.04
ROW_360,28,Female,Rowing,67.39,70.23,80.97,49,187,,71,462.11,230.2,83.72,70.56,74.58,0.84
ROW_361,25,Male,Rowing,63.68,74.59,62.7,58,185,,67,301.61,354.28,53.26,95.89,60.74,0.49
ROW_362,19,Male,Rowing,73.55,74.0,86.65,42,170,,80,479.43,324.3,79.25,50.66,95.34,0.56
ROW_363,19,Male,Rowing,66.96,72.87,87.28,46,175,,80,554.71,381.54,63.94,78.17,85.81,0.37
ROW_364,33,Female,Rowing,45.01,67.0,63.15,44,180,,91,292.32,327.98,73.33,96.17,64.19,0.14
ROW_365,18,Male,Rowing,71.71,92.62,89.72,47,175,,76,482.45,252.58,77.95,95.7,56.75,0.45
ROW_366,21,Male,Rowing,71.14,113.03,68.93,44,186,,96,357.48,152.72,94.28,79.23,64.39,0.23
ROW_367,23,Female,Rowing,62.84,71.5,62.52,51,173,,83,247.51,348.23,78.95,69.06,81.15,0.84
ROW_368,31,Male,Rowing,76.6,63.07,60.15,43,183,,67,505.38,252.12,61.36,54.95,91.32,0.99
ROW_369,32,Female,Rowing,76.8,108.7,72.26,58,199,,77,266.85,317.66,53.97,58.69,75.16,0.89
ROW_370,24,Female,Rowing,63.34,101.92,78.89,57,183,,70,301.16,176.27,81.35,83.98,55.12,0.53
ROW_371,24,Female,Rowing,66.28,115.16,69.97,42,189,,69,513.18,372.74,77.25,50.83,62.47,0.63
ROW_372,19,Male,Rowing,79.88,61.59,85.1,46,177,,85,496.85,258.91,83.59,94.17,67.26,0.95
ROW_373,32,Female,Rowing,55.46,60.1,81.5,47,191,,65,301.67,379.92,72.97,79.4,81.81,0.54
ROW_374,18,Male,Rowing,56.36,87.9,70.5,54,171,,76,576.39,326.75,91.26,52.26,62.33,0.64
ROW_375,34,Female,Rowing,51.4,93.01,82.03,56,174,,82,286.11,180.37,96.01,61.99,61.7,0.63
ROW_376,30,Male,Rowing,76.36,83.61,88.21,58,173,,96,597.45,294.8,52.0,79.71,64.31,0.71
ROW_377,29,Female,Rowing,71.06,91.93,62.79,43,179,,87,495.16,377.48,87.2,51.78,79.63,0.64
ROW_378,32,Female,Rowing,48.7,62.63,69.18,55,189,,75,357.0,349.99,51.76,89.0,74.63,0.67
ROW_379,22,Male,Rowing,79.36,83.57,73.9,52,197,,71,252.14,254.5,72.25,96.0,92.08,0.73
ROW_380,24,Female,Rowing,70.58,96.07,74.94,51,193,,80,328.2,388.77,73.08,98.06,84.9,0.81
ROW_381,25,Male,Rowing,74.77,80.29,76.27,43,190,,83,277.5,217.14,84.81,86.68,83.34,0.4
ROW_382,31,Female,Rowing,46.69,97.56,69.02,51,172,,87,448.74,243.78,67.62,92.84,57.73,0.75
ROW_383,21,Male,Rowing,62.67,81.58,80.02,56,185,,96,342.74,337.43,91.05,80.54,52.76,0.1
ROW_384,31,Female,Rowing,69.45,73.35,79.35,48,179,,80,318.0,208.23,67.14,72.93,75.5,0.88
ROW_385,27,Female,Rowing,64.0,71.25,77.33,51,197,,92,502.85,278.84,67.13,85.66,53.58,0.29
ROW_386,33,Male,Rowing,68.33,78.76,63.41,54,184,,61,292.24,332.2,61.14,61.21,68.2,0.4
ROW_387,28,Female,Rowing,73.63,51.62,74.31,59,173,,96,434.76,310.99,84.19,55.49,51.31,0.8
ROW_388,31,Male,Rowing,58.1,96.8,70.69,41,170,,78,277.84,188.84,53.83,88.09,58.84,0.64
ROW_389,31,Male,Rowing,74.7,109.16,74.73,48,191,,87,485.92,307.42,68.15,97.91,55.52,0.31
ROW_390,19,Female,Rowing,50.7,74.82,87.66,53,196,,74,450.05,293.18,63.34,78.87,90.05,0.23
ROW_391,30,Female,Rowing,54.48,53.22,74.42,43,198,,60,519.26,289.46,61.47,74.13,67.31,0.96
ROW_392,20,Female,Rowing,46.52,119.07,60.42,43,184,,87,227.4,356.51,53.05,76.72,53.94,0.09
ROW_393,21,Male,Rowing,57.75,68.46,73.17,45,179,,94,284.04,195.97,59.52,73.92,63.27,0.0
ROW_394,33,Male,Rowing,58.3,58.86,84.62,44,189,,91,261.78,337.89,72.31,72.11,84.14,0.67
ROW_395,21,Female,Rowing,73.18,75.88,83.4,56,191,,87,276.22,340.23,75.19,97.35,87.28,0.61
ROW_396,32,Male,Rowing,67.86,101.7,75.4,52,187,,68,241.21,330.66,63.48,73.99,55.99,0.74
ROW_397,18,Female,Rowing,60.29,70.57,67.49,59,185,,83,424.83,276.49,82.51,54.06,88.93,0.73
ROW_398,33,Female,Rowing,67.82,90.23,73.95,56,190,,63,437.37,248.88,66.79,88.28,68.53,0.86
ROW_399,32,Female,Rowing,46.85,79.09,76.91,58,196,,62,537.4,248.67,68.36,69.58,83.97,0.92
ROW_400,33,Male,Rowing,51.31,58.24,90.0,40,178,,81,367.1,333.45,89.13,85.53,83.58,0.78
ROW_401,18,Male,Rowing,66.94,73.12,79.33,56,193,,99,412.95,274.47,77.6,78.98,89.68,0.23
ROW_402,34,Female,Rowing,67.45,100.74,80.83,42,188,,98,596.52,234.61,97.66,85.66,84.86,0.46
ROW_403,22,Male,Rowing,72.09,92.84,74.74,53,186,,84,412.74,306.37,67.97,53.1,51.94,0.64
ROW_404,22,Female,Rowing,59.1,58.38,70.63,51,179,,81,429.43,359.25,91.39,51.69,75.97,0.54
ROW_405,24,Female,Rowing,70.29,61.43,84.39,54,188,,93,598.37,165.38,86.92,68.93,58.31,0.16
ROW_406,30,Male,Rowing,68.94,94.85,74.85,45,177,,79,597.65,393.03,94.51,84.66,98.5,0.59
ROW_407,29,Female,Rowing,78.72,106.94,89.84,59,196,,95,369.61,174.16,97.84,61.18,62.79,0.89
ROW_408,21,Female,Rowing,52.53,74.46,73.71,41,188,,96,453.98,277.93,50.38,71.67,71.01,0.42
ROW_409,21,Female,Rowing,64.31,91.67,62.04,43,174,,98,392.32,290.05,54.41,99.04,59.84,0.67
ROW_410,23,Female,Rowing,66.06,61.95,80.48,52,171,,86,488.29,184.55,83.72,60.74,56.73,0.62
ROW_411,32,Female,Rowing,79.95,71.8,61.4,52,184,,91,575.35,378.9,69.51,92.4,80.05,0.38
ROW_412,23,Male,Rowing,52.04,51.42,67.52,56,186,,88,323.86,267.87,90.96,91.27,74.66,0.57
ROW_413,29,Male,Rowing,63.31,103.78,70.61,45,196,,91,527.55,185.78,50.6,94.57,68.73,0.21
ROW_414,31,Female,Rowing,57.12,78.07,82.18,50,179,,83,461.94,327.9,90.35,95.76,54.27,0.55
ROW_415,29,Male,Rowing,63.41,107.13,74.83,58,199,,62,312.07,315.85,56.76,75.37,86.8,0.8
ROW_416,32,Female,Rowing,53.12,99.59,60.86,55,190,,86,518.92,390.72,64.51,84.1,50.29,0.76
ROW_417,25,Female,Rowing,46.67,108.01,78.51,47,190,,68,370.85,260.38,98.45,80.94,72.88,0.36
ROW_418,26,Female,Rowing,65.04,70.0,72.34,40,191,,99,248.16,216.95,52.58,65.45,81.63,0.11
ROW_419,22,Female,Rowing,56.75,62.96,87.66,49,171,,82,597.37,165.0,67.45,63.99,71.54,0.8
ROW_420,22,Male,Rowing,51.37,118.03,74.99,41,178,,66,370.26,333.28,54.23,67.08,56.31,0.27
ROW_421,23,Male,Rowing,56.34,100.21,81.27,58,171,,76,416.62,304.32,92.68,60.92,88.91,0.05
ROW_422,20,Female,Rowing,46.72,108.38,66.57,53,187,,96,523.18,393.15,85.15,87.87,66.2,0.45
ROW_423,22,Male,Rowing,78.27,50.92,82.83,42,181,,66,584.35,328.04,90.02,98.23,56.74,0.74
ROW_424,18,Female,Rowing,65.34,74.81,81.63,48,184,,89,549.16,383.29,76.36,93.39,77.51,0.81
ROW_425,28,Male,Rowing,73.52,102.0,87.12,47,190,,72,410.02,397.89,67.89,60.9,50.96,0.98
ROW_426,18,Female,Rowing,59.81,55.46,61.01,50,194,,77,418.28,257.11,50.11,52.6,66.2,0.19
ROW_427,24,Female,Rowing,76.62,89.71,73.43,54,189,,90,312.35,187.57,63.9,87.85,87.53,0.29
ROW_428,32,Female,Rowing,61.92,80.04,80.37,45,175,,81,385.12,198.96,75.73,69.51,95.64,0.61
ROW_429,34,Male,Rowing,65.09,51.23,62.85,41,187,,73,578.74,229.59,83.22,91.23,79.59,0.81
ROW_430,25,Male,Rowing,62.21,66.52,72.32,40,199,,77,490.78,277.22,61.45,88.96,60.88,0.23
ROW_431,19,Female,Rowing,70.66,69.94,88.26,42,182,,94,204.75,180.6,56.95,81.27,61.0,0.41
ROW_432,30,Male,Rowing,64.83,57.83,73.08,57,173,,76,246.6,225.43,60.08,62.77,80.19,0.41
ROW_433,29,Male,Rowing,54.51,94.21,89.56,53,181,,78,569.52,226.95,67.7,55.2,70.34,0.77
ROW_434,22,Male,Rowing,50.09,66.97,61.71,56,178,,90,539.49,151.02,57.42,62.63,58.86,0.24
ROW_435,30,Male,Rowing,66.21,69.43,81.53,41,171,,98,394.47,238.54,57.84,75.49,89.37,0.97
ROW_436,23,Male,Rowing,62.12,112.88,77.43,58,185,,95,446.79,179.04,52.19,98.97,60.01,0.51
ROW_437,32,Male,Rowing,48.36,82.7,75.02,48,170,,74,315.86,257.43,92.84,53.18,66.08,0.28
ROW_438,28,Male,Rowing,58.85,77.45,89.13,47,173,,88,517.13,199.13,60.99,60.0,53.07,0.28
ROW_439,21,Male,Rowing,63.02,100.67,63.89,49,184,,99,441.33,355.53,91.1,81.36,85.07,0.02
ROW_440,18,Male,Rowing,73.94,113.67,86.88,48,189,,75,477.93,170.13,71.92,65.22,63.76,0.69
ROW_441,32,Male,Rowing,47.66,51.75,80.74,47,170,,92,349.96,366.42,81.62,92.93,61.64,0.78
ROW_442,29,Male,Rowing,57.2,81.38,67.77,46,189,,84,372.18,295.13,53.79,56.97,65.17,0.03
ROW_443,26,Male,Rowing,73.79,92.75,87.05,45,184,,75,283.07,264.66,79.18,98.16,93.71,0.59
ROW_444,28,Male,Rowing,67.69,72.3,72.88,41,172,,89,579.22,287.44,64.5,95.62,75.9,0.78
ROW_445,22,Female,Rowing,55.15,104.07,84.43,48,182,,93,578.62,244.03,54.76,94.38,57.89,0.38
ROW_446,24,Female,Rowing,74.59,118.0,71.67,48,187,,61,527.1,181.9,95.41,58.65,88.72,0.43
ROW_447,25,Male,Rowing,62.27,116.04,85.53,58,182,,99,574.22,341.47,80.18,66.47,60.42,0.36
ROW_448,18,Male,Rowing,62.44,68.62,79.1,48,179,,97,466.13,381.98,62.09,90.2,70.62,0.32
ROW_449,18,Male,Rowing,79.18,65.84,64.23,41,189,,77,293.86,387.52,70.98,90.39,78.4,0.49
ROW_450,20,Female,Rowing,78.15,117.02,79.49,58,193,,64,504.08,317.68,67.85,85.26,79.22,0.17
ROW_451,25,Female,Rowing,57.55,82.1,65.74,55,176,,99,330.11,252.59,85.03,72.4,53.45,0.44
ROW_452,28,Male,Rowing,49.92,64.58,72.36,53,194,,65,376.19,269.59,80.37,65.58,91.84,0.94
ROW_453,18,Male,Rowing,56.4,99.49,65.11,59,177,,71,309.74,314.24,50.99,98.15,73.97,0.03
ROW_454,31,Male,Rowing,46.07,69.91,60.66,40,170,,71,369.45,355.77,59.89,56.96,99.46,0.16
ROW_455,18,Male,Rowing,45.73,68.71,66.36,52,197,,71,471.73,243.64,73.91,52.19,85.87,0.78
ROW_456,23,Male,Rowing,58.84,111.55,76.09,41,187,,68,244.24,379.2,72.27,50.46,99.63,0.13
ROW_457,23,Female,Rowing,77.94,61.37,74.45,53,181,,81,242.08,231.07,75.83,88.75,72.67,0.27
ROW_458,20,Male,Rowing,75.5,54.51,75.04,40,187,,75,473.51,282.71,85.74,52.84,57.04,0.45
ROW_459,27,Female,Rowing,62.9,68.84,67.43,54,197,,63,511.83,390.34,84.1,76.93,86.37,0.94
ROW_460,29,Male,Rowing,64.78,92.49,80.55,57,193,,62,420.59,384.55,68.64,68.36,88.89,0.18
ROW_461,27,Male,Rowing,45.21,58.62,81.13,48,181,,75,272.66,323.94,93.88,57.35,92.64,0.92
ROW_462,19,Female,Rowing,52.54,83.01,70.74,47,189,,73,372.3,231.14,53.15,87.03,65.07,0.72
ROW_463,30,Female,Rowing,45.87,93.91,86.44,46,178,,97,503.27,204.76,79.23,52.75,75.53,0.67
ROW_464,33,Male,Rowing,71.41,109.41,79.32,48,171,,63,474.29,170.04,97.48,65.92,92.88,0.72
ROW_465,30,Female,Rowing,50.1,66.09,81.39,48,183,,61,243.95,327.16,77.45,78.11,93.24,0.03
ROW_466,21,Male,Rowing,75.42,107.21,68.32,50,173,,69,587.66,275.86,72.76,70.12,51.28,0.1
ROW_467,21,Female,Rowing,67.52,66.44,60.02,43,198,,70,289.35,293.07,56.7,62.96,83.55,0.33
ROW_468,28,Female,Rowing,53.03,97.37,85.96,46,198,,98,288.16,268.1,90.51,96.3,80.08,0.07
ROW_469,31,Male,Rowing,50.52,80.15,84.67,46,184,,85,383.94,270.74,68.69,96.55,54.17,0.99
ROW_470,20,Male,Rowing,66.97,58.03,63.7,43,186,,96,330.9,292.82,85.06,70.8,96.51,0.58
ROW_471,18,Female,Rowing,76.53,100.0,71.22,51,188,,85,593.59,378.57,59.88,69.69,72.27,0.49
ROW_472,22,Male,Rowing,70.14,65.24,79.84,56,175,,63,230.6,157.34,52.09,65.37,83.71,0.79
ROW_473,34,Female,Rowing,57.2,62.36,79.56,59,178,,85,322.58,350.41,65.27,92.79,94.14,0.98
ROW_474,18,Female,Rowing,65.56,75.08,85.81,42,196,,97,353.09,247.63,64.07,78.4,56.51,0.96
ROW_475,21,Male,Rowing,55.88,95.73,64.21,48,186,,87,397.38,336.23,93.67,54.48,92.79,0.79
ROW_476,23,Female,Rowing,79.97,66.38,72.9,44,184,,61,206.56,387.13,93.23,92.67,86.22,0.38
ROW_477,32,Male,Rowing,71.21,62.86,62.92,59,174,,61,232.94,226.57,76.69,76.74,91.98,0.07
ROW_478,21,Male,Rowing,66.5,50.7,71.69,55,197,,75,303.12,172.39,50.95,70.78,74.74,0.1
ROW_479,18,Female,Rowing,59.81,83.02,60.45,47,187,,82,421.6,208.07,61.42,66.89,51.67,0.0
ROW_480,34,Male,Rowing,66.64,80.01,86.95,55,192,,82,507.11,205.52,81.95,54.97,83.53,0.0
ROW_481,28,Female,Rowing,56.96,66.37,75.81,58,173,,72,474.6,335.46,55.07,97.84,68.73,0.94
ROW_482,34,Female,Rowing,46.01,53.76,85.49,55,190,,80,426.81,165.46,85.03,87.06,70.12,0.93
ROW_483,18,Male,Rowing,58.83,80.05,61.8,57,193,,98,358.89,162.73,50.6,56.59,72.06,0.67
ROW_484,26,Male,Rowing,77.57,105.17,66.82,54,171,,84,548.28,323.4,84.13,75.56,74.65,0.73
ROW_485,31,Female,Rowing,66.92,100.07,67.78,57,188,,96,383.91,289.18,92.23,77.78,83.1,0.51
ROW_486,32,Male,Rowing,47.94,110.26,71.6,53,196,,72,319.7,254.44,73.46,58.39,86.34,0.24
ROW_487,18,Female,Rowing,75.97,50.67,84.09,55,174,,74,451.73,293.84,91.45,71.36,88.84,0.91
ROW_488,19,Female,Rowing,54.41,117.65,71.6,44,195,,87,476.85,333.81,89.08,82.29,83.58,0.28
ROW_489,23,Female,Rowing,53.53,73.9,66.14,47,173,,62,359.39,175.87,83.57,64.2,90.17,0.74
ROW_490,25,Female,Rowing,55.4,119.33,61.95,55,174,,82,211.26,288.32,72.26,66.58,56.11,0.25
ROW_491,18,Female,Rowing,65.2,67.68,62.38,40,188,,63,237.65,356.1,63.6,56.1,91.84,0.87
ROW_492,32,Male,Rowing,64.06,83.01,82.8,50,182,,62,538.24,240.61,93.04,70.66,69.36,0.65
ROW_493,27,Female,Rowing,62.2,74.77,73.34,50,185,,98,222.62,340.75,82.43,79.19,76.44,0.64
ROW_494,21,Female,Rowing,70.11,74.9,81.79,41,181,,67,436.81,361.36,89.9,55.83,71.69,0.1
ROW_495,27,Female,Rowing,56.08,108.96,80.47,58,178,,84,273.48,355.23,77.6,80.74,73.79,0.42
ROW_496,28,Female,Rowing,72.37,102.25,64.06,44,193,,71,291.57,312.59,58.59,69.89,64.27,0.52
ROW_497,22,Female,Rowing,51.14,119.45,64.29,42,185,,64,309.33,329.34,98.97,83.91,58.5,0.29
ROW_498,26,Female,Rowing,72.39,92.95,82.66,47,183,,92,215.32,346.92,59.14,65.74,55.24,0.88
ROW_499,22,Male,Rowing,68.23,82.43,81.64,43,191,,84,270.89,333.43,95.56,78.42,72.57,0.84
ROW_500,28,Male,Rowing,68.91,56.31,71.34,52,199,,84,460.2,262.92,60.41,80.64,56.26,0.49
ROW_501,20,Female,Rowing,61.85,119.76,62.32,53,170,,94,399.49,189.78,68.69,84.53,62.25,0.34
ROW_502,21,Female,Rowing,68.35,88.61,60.36,40,189,,74,518.93,227.43,72.0,87.85,56.68,0.8
ROW_503,27,Female,Rowing,47.79,99.03,68.64,44,192,,85,224.5,201.81,96.07,56.82,55.46,0.2
ROW_504,24,Male,Rowing,74.8,78.47,60.28,46,195,,69,555.56,240.36,94.41,98.26,94.12,0.07
ROW_505,18,Female,Rowing,46.94,88.34,66.9,45,190,,83,598.56,272.33,91.16,92.18,83.7,0.05
ROW_506,23,Female,Rowing,50.21,115.98,72.59,54,173,,94,206.3,389.76,68.83,78.12,96.19,0.04
ROW_507,25,Female,Rowing,65.19,61.65,63.64,54,178,,88,587.06,389.87,50.22,94.52,82.2,0.49
ROW_508,34,Female,Rowing,70.88,70.47,63.13,47,193,,97,294.35,342.4,84.08,69.12,92.2,0.26
ROW_509,24,Female,Rowing,47.67,60.64,86.89,41,188,,64,477.02,395.04,70.55,51.71,77.76,0.69
ROW_510,18,Female,Rowing,77.23,105.46,77.56,53,183,,83,316.99,399.5,87.85,86.35,73.13,0.65
ROW_511,26,Male,Rowing,79.08,54.34,88.03,55,191,,78,408.73,371.31,89.74,97.17,76.42,0.54
ROW_512,28,Female,Rowing,66.21,55.71,70.37,49,181,,68,404.17,169.88,71.99,58.09,66.01,0.35
ROW_513,19,Female,Rowing,61.84,70.89,80.31,54,199,,85,344.44,256.51,87.41,82.19,82.9,0.85
ROW_514,28,Female,Rowing,70.95,85.99,66.14,43,199,,84,487.02,283.53,92.0,90.67,94.86,0.71
ROW_515,20,Female,Rowing,56.49,78.44,78.55,51,197,,94,439.85,181.02,96.42,95.25,89.12,0.27
ROW_516,34,Female,Rowing,62.26,53.14,63.89,49,173,,95,403.31,352.16,79.12,63.83,73.1,0.5
ROW_517,27,Female,Rowing,77.07,117.02,60.06,41,176,,73,593.14,187.17,88.92,56.44,97.7,0.16
ROW_518,20,Female,Rowing,78.45,116.7,87.95,43,186,,65,576.0,245.83,74.73,62.39,99.27,0.33
ROW_519,20,Female,Rowing,77.45,69.55,76.65,59,170,,91,582.17,167.23,52.08,78.89,74.66,1.0
ROW_520,24,Female,Rowing,54.19,101.21,87.81,45,183,,85,552.53,281.15,57.76,95.94,93.23,0.22
ROW_521,19,Male,Rowing,53.14,90.5,70.01,53,184,,74,302.06,299.26,56.41,79.13,50.24,0.7
ROW_522,18,Male,Rowing,55.42,66.62,69.83,42,181,,90,339.99,333.79,58.59,95.98,53.33,0.24
ROW_523,24,Male,Rowing,60.45,68.35,72.02,54,181,,96,292.42,234.87,50.51,88.5,51.12,0.94
ROW_524,28,Female,Rowing,56.0,84.38,81.18,40,175,,97,594.47,297.63,92.94,79.92,88.66,0.31
ROW_525,23,Male,Rowing,58.1,79.35,76.97,58,195,,96,261.06,333.54,78.01,51.09,53.99,0.35
ROW_526,21,Male,Rowing,66.72,70.39,87.76,40,196,,78,346.6,340.51,69.16,66.65,50.85,0.59
ROW_527,31,Male,Rowing,71.69,106.53,60.76,52,198,,73,279.62,225.41,70.49,52.87,57.37,0.59
ROW_528,20,Male,Rowing,70.74,83.7,81.25,47,182,,95,289.38,166.93,73.17,66.11,65.31,0.58
ROW_529,21,Female,Rowing,73.5,95.84,69.91,57,185,,96,298.84,159.4,53.69,53.12,73.24,0.57
ROW_530,25,Male,Rowing,46.13,63.25,65.41,42,183,,70,455.87,342.02,63.73,58.39,53.27,0.31
ROW_531,21,Male,Rowing,46.67,87.35,75.31,57,176,,86,230.42,246.36,92.58,70.53,74.95,0.43
ROW_532,28,Female,Rowing,72.63,72.26,75.15,59,198,,61,429.01,183.49,87.18,75.74,62.4,0.59
ROW_533,33,Male,Rowing,63.66,86.85,64.11,48,194,,81,527.71,196.12,78.17,60.86,63.72,0.67
ROW_534,20,Female,Rowing,65.23,104.66,66.06,45,185,,61,506.61,341.54,74.04,86.63,91.1,0.25
ROW_535,24,Male,Rowing,46.84,103.82,72.24,59,192,,79,260.47,299.73,62.95,79.52,99.35,0.7
ROW_536,19,Male,Rowing,53.94,74.8,72.26,41,178,,76,565.89,275.35,73.56,84.59,73.19,0.92
ROW_537,18,Male,Rowing,67.34,98.6,69.53,43,195,,63,508.04,305.75,79.89,86.64,66.09,0.76
ROW_538,18,Female,Rowing,75.07,115.89,64.46,57,183,,73,202.12,184.37,85.63,86.35,96.57,0.08
ROW_539,23,Male,Rowing,77.09,93.8,60.13,46,194,,66,494.95,229.76,58.33,96.81,75.02,0.47
ROW_540,24,Male,Rowing,62.51,60.39,89.11,50,199,,74,494.97,243.52,90.66,61.86,86.52,0.44
ROW_541,22,Female,Rowing,64.09,97.58,88.3,44,199,,89,398.73,228.62,67.29,63.51,70.69,0.34
ROW_542,30,Male,Rowing,74.16,57.34,74.51,47,193,,75,218.39,366.1,75.16,54.71,60.13,0.49
ROW_543,18,Male,Rowing,63.82,111.05,89.85,50,176,,99,431.96,295.36,80.4,79.63,82.74,0.44
ROW_544,27,Male,Rowing,63.09,86.17,80.21,59,181,,61,506.3,332.33,74.4,69.76,83.24,0.01
ROW_545,26,Male,Rowing,76.68,76.96,62.07,59,172,,78,308.35,209.18,78.6,74.81,73.01,0.24
ROW_546,34,Male,Rowing,72.65,53.99,63.53,54,196,,60,466.83,216.02,55.58,58.49,63.5,0.21
ROW_547,18,Female,Rowing,76.82,76.65,87.48,42,183,,90,341.57,206.33,71.61,82.45,91.59,0.35
ROW_548,18,Female,Rowing,52.64,113.22,78.9,46,188,,63,429.54,321.99,64.02,80.95,63.77,0.17
ROW_549,24,Female,Rowing,63.35,51.47,85.3,47,180,,86,353.83,237.26,54.3,63.24,82.95,0.07
ROW_550,21,Male,Rowing,74.49,83.23,86.95,50,174,,84,321.5,251.27,59.58,73.27,69.2,0.2
ROW_551,29,Male,Rowing,48.89,115.18,73.44,49,192,,81,542.37,327.28,80.12,94.72,73.62,0.85
ROW_552,33,Male,Rowing,72.81,77.64,61.46,59,182,,69,501.54,392.95,59.83,88.67,60.57,0.8
ROW_553,31,Male,Rowing,51.4,79.97,65.65,48,197,,92,338.18,190.47,59.05,61.35,82.47,0.44
ROW_554,27,Male,Rowing,73.28,90.5,62.0,54,179,,89,373.85,165.67,77.64,93.94,61.29,0.88
ROW_555,31,Female,Rowing,66.42,82.41,65.66,59,176,,89,476.68,198.71,95.24,53.37,74.29,0.23
ROW_556,24,Female,Rowing,51.76,61.8,72.32,44,186,,75,524.43,333.74,89.43,70.7,66.42,0.58
ROW_557,21,Female,Rowing,61.57,51.3,63.55,54,185,,68,473.74,198.66,95.25,54.01,98.18,0.14
ROW_558,19,Male,Rowing,68.87,92.69,65.0,43,177,,76,416.37,296.09,79.15,96.21,99.11,0.83
ROW_559,33,Female,Rowing,67.18,114.46,73.37,44,186,,94,581.75,297.58,70.5,52.04,87.67,0.13
ROW_560,26,Female,Rowing,59.95,57.45,70.21,54,182,,74,509.66,223.61,86.48,57.56,99.2,0.03
ROW_561,22,Female,Rowing,76.48,64.77,74.03,56,199,,87,246.24,167.18,63.07,95.75,55.68,0.27
ROW_562,26,Female,Rowing,63.17,75.92,72.88,47,180,,79,423.26,249.8,53.9,79.11,99.62,0.9
ROW_563,25,Male,Rowing,62.71,106.61,79.33,58,189,,92,363.82,196.7,67.23,89.76,55.18,0.13
ROW_564,33,Male,Rowing,47.18,68.85,88.12,48,187,,92,517.97,196.12,64.96,50.82,70.77,0.33
ROW_565,21,Female,Rowing,77.27,111.74,63.24,49,174,,95,217.87,280.65,83.78,70.95,61.95,0.32
ROW_566,33,Female,Rowing,51.2,53.85,62.98,44,175,,72,364.29,318.28,77.57,99.22,97.69,0.8
ROW_567,21,Female,Rowing,63.49,115.87,85.58,49,189,,63,327.31,168.85,56.91,78.99,81.79,0.42
ROW_568,23,Female,Rowing,73.12,89.25,75.19,40,183,,82,256.47,294.58,95.43,92.48,79.86,0.61
ROW_569,20,Female,Rowing,52.54,96.11,82.99,43,181,,67,351.52,211.55,79.67,98.18,99.87,0.4
ROW_570,32,Female,Rowing,63.46,75.74,66.46,44,198,,72,469.12,318.32,72.88,84.25,80.62,0.55
ROW_571,25,Female,Rowing,53.42,104.74,84.87,46,173,,83,344.67,352.55,96.86,66.38,82.31,0.06
ROW_572,20,Female,Rowing,71.59,61.66,87.72,44,176,,99,432.0,351.75,54.87,65.43,52.24,0.37
ROW_573,23,Female,Rowing,64.75,53.42,79.06,59,180,,89,437.12,242.47,89.48,53.56,92.95,0.86
ROW_574,32,Male,Rowing,74.96,77.69,63.18,47,189,,89,434.84,291.82,68.23,71.39,98.5,0.69
ROW_575,29,Female,Rowing,76.31,109.76,86.86,56,171,,84,411.81,348.42,84.77,95.77,98.02,0.98
ROW_576,22,Male,Rowing,67.71,102.84,83.77,40,173,,92,246.8,165.2,96.54,73.9,61.06,0.79
ROW_577,24,Male,Rowing,70.39,86.2,82.53,57,176,,68,287.38,301.41,75.89,95.55,61.3,0.45
ROW_578,32,Female,Rowing,64.22,90.05,61.1,51,170,,85,520.03,359.13,51.13,90.86,68.3,0.68
ROW_579,24,Female,Rowing,58.46,59.09,83.97,42,184,,83,400.95,243.09,51.44,99.21,65.51,0.78
ROW_580,30,Male,Rowing,67.68,108.85,64.14,59,189,,92,482.43,263.85,66.53,97.38,65.28,0.27
ROW_581,20,Male,Rowing,76.79,105.09,66.67,53,191,,98,427.96,324.68,89.08,85.32,80.26,0.06
ROW_582,30,Female,Rowing,59.58,95.95,77.31,55,193,,84,215.48,166.97,64.41,93.56,90.28,0.41
ROW_583,20,Male,Rowing,56.0,82.63,67.95,57,177,,74,518.49,246.41,66.72,87.4,96.84,0.14
ROW_584,19,Female,Rowing,58.6,117.51,79.84,49,198,,65,225.73,223.93,89.22,85.17,53.39,0.28
ROW_585,21,Female,Rowing,60.24,111.53,78.24,54,194,,79,577.27,154.25,55.81,85.78,63.9,0.95
ROW_586,34,Male,Rowing,47.57,95.11,63.24,49,174,,75,286.15,198.99,92.34,86.05,62.75,0.85
ROW_587,23,Female,Rowing,62.45,76.03,79.68,40,183,,80,404.96,248.97,63.29,68.97,67.87,0.59
ROW_588,28,Male,Rowing,62.3,93.26,87.72,58,187,,74,225.44,199.36,52.56,71.18,71.22,0.4
ROW_589,23,Female,Rowing,65.6,90.28,64.83,41,172,,98,557.97,300.6,55.87,64.7,69.46,0.26
ROW_590,19,Female,Rowing,57.7,77.6,77.91,52,171,,63,591.98,262.16,97.63,57.41,97.61,0.57
ROW_591,34,Male,Rowing,66.46,71.47,70.26,55,194,,83,258.52,159.87,72.57,72.92,71.86,0.53
ROW_592,20,Male,Rowing,75.74,78.49,73.79,47,191,,62,318.31,218.76,62.82,95.0,77.58,0.78
ROW_593,29,Female,Rowing,78.44,90.17,68.61,42,185,,60,206.35,154.87,76.06,82.56,87.43,0.93
ROW_594,31,Female,Rowing,65.43,79.97,70.62,58,183,,89,514.79,239.53,84.12,52.81,86.25,0.33
ROW_595,19,Male,Rowing,46.49,68.45,60.87,53,185,,72,324.59,214.78,65.94,90.56,79.15,0.21
ROW_596,22,Female,Rowing,78.92,103.27,89.45,50,180,,77,435.53,322.05,86.26,96.77,93.04,0.4
ROW_597,27,Male,Rowing,69.71,87.2,78.74,51,197,,99,215.69,226.85,62.61,91.47,81.21,0.44
ROW_598,27,Male,Rowing,56.76,54.74,75.02,50,186,,70,486.18,243.79,55.62,86.38,93.74,0.04
ROW_599,26,Male,Rowing,50.15,75.78,71.51,50,172,,88,411.76,331.33,77.49,57.51,65.14,0.86
ROW_600,30,Female,Rowing,50.02,111.94,76.18,57,192,,63,489.99,270.23,57.56,67.45,56.6,1.0
ROW_601,27,Male,Rowing,50.87,102.87,71.4,49,192,,84,515.83,289.11,97.02,78.26,90.98,0.92
ROW_602,23,Female,Rowing,46.6,72.63,70.8,55,174,,95,235.7,360.34,50.02,53.84,69.13,0.86
ROW_603,28,Male,Rowing,76.58,115.67,73.92,47,172,,95,431.24,201.72,87.78,55.31,82.55,0.99
ROW_604,21,Female,Rowing,63.93,55.36,68.28,45,198,,99,459.98,397.3,63.97,96.71,86.87,0.91
ROW_605,31,Female,Rowing,69.5,117.29,65.4,58,184,,87,406.69,375.03,92.3,85.13,66.34,0.69
ROW_606,34,Male,Rowing,73.98,67.2,76.7,52,192,,67,272.96,221.64,53.01,63.75,75.26,0.17
ROW_607,19,Male,Rowing,72.7,50.64,85.28,54,174,,80,518.24,373.23,97.65,66.37,94.75,0.16
ROW_608,27,Male,Rowing,75.89,80.37,64.58,52,191,,94,598.98,338.49,55.07,69.22,93.99,0.05
ROW_609,20,Female,Rowing,78.85,75.13,60.98,40,172,,77,587.71,382.69,89.39,53.75,87.47,0.41
ROW_610,24,Female,Rowing,60.37,87.74,67.4,41,175,,84,511.01,322.78,75.87,86.96,88.14,0.81
ROW_611,24,Female,Rowing,78.26,105.77,89.39,52,192,,64,367.24,318.62,71.52,58.84,94.88,0.49
ROW_612,18,Male,Rowing,70.32,108.97,84.86,41,183,,67,334.92,150.87,64.01,90.26,86.82,0.37
ROW_613,25,Male,Rowing,47.47,78.09,77.88,50,193,,82,227.42,268.65,92.07,92.29,66.98,0.11
ROW_614,18,Male,Rowing,68.86,80.09,87.88,52,171,,62,366.51,200.07,59.99,81.92,56.04,0.05
ROW_615,25,Male,Rowing,69.04,60.37,73.36,49,187,,96,262.42,231.02,86.06,88.49,71.09,0.4
ROW_616,31,Male,Rowing,76.71,53.33,89.5,54,199,,90,301.73,394.7,72.29,58.59,54.37,0.1
ROW_617,31,Female,Rowing,58.05,94.89,68.89,40,175,,88,556.75,171.38,99.92,78.8,55.79,0.1
ROW_618,19,Male,Rowing,65.47,54.51,67.21,53,193,,79,587.41,330.62,80.57,83.84,97.51,0.4
ROW_619,25,Female,Rowing,45.43,101.37,79.14,49,174,,62,579.42,193.24,55.21,83.08,83.79,0.5
ROW_620,27,Male,Rowing,56.62,87.74,71.34,57,183,,82,277.34,151.85,70.98,55.86,92.58,0.19
ROW_621,24,Male,Rowing,47.18,63.9,78.79,50,186,,99,560.36,275.35,53.31,67.22,82.14,0.68
ROW_622,30,Male,Rowing,63.27,87.77,69.15,46,180,,80,256.6,190.3,64.28,66.25,70.93,0.42
ROW_623,32,Male,Rowing,73.61,62.81,78.54,54,170,,72,403.06,391.37,67.17,78.63,51.26,0.09
ROW_624,28,Male,Rowing,52.23,80.71,68.27,42,179,,67,457.47,200.92,92.66,88.26,97.79,0.64
ROW_625,31,Female,Rowing,63.46,105.97,61.53,41,178,,64,384.99,198.01,91.9,78.53,53.55,0.36
ROW_626,28,Male,Rowing,52.14,82.33,87.36,47,189,,84,580.73,158.04,50.58,87.74,80.51,0.05
ROW_627,19,Female,Rowing,49.22,60.41,86.5,47,181,,98,333.29,232.45,76.61,54.95,55.11,0.95
ROW_628,19,Female,Rowing,62.88,100.67,89.12,50,195,,96,410.95,156.03,61.18,93.91,64.21,0.57
ROW_629,29,Female,Rowing,47.77,63.07,81.5,55,170,,64,230.18,274.72,66.0,76.83,59.29,0.48
ROW_630,32,Female,Rowing,65.56,101.7,80.48,41,196,,67,540.89,276.4,51.08,51.87,77.69,0.86
ROW_631,34,Male,Rowing,46.1,83.55,76.77,44,193,,63,365.35,163.31,87.49,82.16,94.35,0.94
ROW_632,31,Male,Rowing,48.74,81.76,63.78,46,187,,81,480.21,210.02,97.53,75.87,81.78,0.22
ROW_633,33,Male,Rowing,64.25,109.6,65.68,59,181,,73,472.9,358.03,60.96,61.02,83.21,0.81
ROW_634,25,Male,Rowing,65.7,99.6,68.68,52,171,,78,470.51,265.64,67.09,88.22,95.45,0.83
ROW_635,34,Male,Rowing,46.01,52.3,86.7,41,170,,72,402.78,258.65,60.32,96.68,87.47,0.05
ROW_636,22,Female,Rowing,65.07,70.73,65.19,42,170,,94,311.01,324.69,96.5,66.13,93.3,0.71
ROW_637,29,Male,Rowing,74.35,110.96,87.69,48,194,,63,450.04,328.72,50.47,74.7,70.82,0.06
ROW_638,23,Male,Rowing,70.28,51.28,75.68,49,198,,92,584.72,340.49,79.19,56.41,93.27,0.59
ROW_639,22,Female,Rowing,49.59,88.17,81.47,52,170,,81,533.58,357.62,93.54,96.49,82.29,0.67
ROW_640,23,Male,Rowing,65.74,100.95,63.31,52,191,,60,243.51,208.06,59.32,65.94,56.78,0.37
ROW_641,26,Male,Rowing,68.53,93.53,68.07,44,181,,70,209.27,166.6,79.5,59.74,51.94,0.88
ROW_642,32,Female,Rowing,46.3,103.24,88.76,46,176,,75,399.59,245.07,52.53,73.92,62.2,0.8
ROW_643,27,Male,Rowing,74.94,100.8,67.98,56,173,,63,510.33,363.77,90.73,52.16,68.92,0.93
ROW_644,34,Female,Rowing,76.72,98.44,68.9,54,190,,88,325.56,169.51,63.72,62.64,91.88,0.31
ROW_645,29,Female,Rowing,74.77,107.51,65.93,44,189,,98,480.5,293.99,99.44,53.38,87.06,0.02
ROW_646,26,Male,Rowing,73.86,95.2,63.87,46,173,,97,572.77,325.27,96.1,56.37,97.77,0.81
ROW_647,32,Female,Rowing,71.07,78.17,67.0,41,195,,83,383.59,270.35,86.63,55.61,77.96,0.22
ROW_648,31,Male,Rowing,67.17,83.03,79.27,57,184,,68,297.66,213.79,74.84,93.62,87.39,0.47
ROW_649,18,Male,Rowing,68.75,100.17,73.66,49,170,,67,567.1,231.58,88.33,96.52,63.76,0.82
ROW_650,34,Male,Rowing,73.22,111.34,76.61,40,175,,73,388.91,167.91,56.53,73.73,83.98,0.22
ROW_651,18,Female,Rowing,68.19,69.06,63.67,53,183,,74,363.14,223.15,65.51,81.52,85.31,0.31
ROW_652,30,Female,Rowing,56.47,73.95,84.06,58,195,,81,341.34,161.09,51.34,84.8,92.42,0.44
ROW_653,25,Female,Rowing,58.16,115.15,83.52,55,183,,96,369.21,331.58,82.25,69.57,76.82,0.27
ROW_654,30,Female,Rowing,76.4,90.5,60.65,58,179,,74,469.46,374.5,90.28,68.51,82.45,0.46
ROW_655,33,Female,Rowing,45.6,62.53,71.51,45,176,,65,373.49,308.38,97.31,83.78,60.15,0.01
ROW_656,19,Female,Rowing,69.46,96.46,62.06,51,192,,60,329.69,314.18,84.33,68.84,86.84,0.21
ROW_657,30,Female,Rowing,78.42,119.35,83.76,42,193,,79,497.46,268.04,86.6,79.05,91.92,0.83
ROW_658,20,Female,Rowing,69.72,107.64,82.12,46,192,,95,281.19,189.01,94.77,75.76,79.69,0.41
ROW_659,30,Female,Rowing,79.79,102.2,87.06,42,191,,61,280.77,151.93,96.82,76.22,55.78,0.64
ROW_660,30,Female,Rowing,69.06,64.56,67.09,56,181,,65,478.57,235.99,74.56,91.47,65.64,0.23
ROW_661,21,Female,Rowing,46.2,111.33,73.69,54,193,,61,546.68,337.87,55.49,85.2,73.78,0.65
ROW_662,23,Male,Rowing,73.95,86.81,65.53,58,188,,62,296.48,390.11,73.32,98.03,83.86,1.0
ROW_663,21,Female,Rowing,54.96,112.25,71.14,58,178,,66,276.45,257.77,77.8,89.55,66.02,0.6
ROW_664,21,Male,Rowing,60.61,73.09,75.67,50,172,,79,468.12,241.35,81.58,57.29,92.01,0.63
ROW_665,24,Male,Rowing,55.92,54.34,61.6,59,173,,64,448.32,261.49,99.46,86.92,68.59,0.11
ROW_666,24,Male,Rowing,54.4,83.32,81.45,41,182,,84,378.9,256.94,95.88,83.28,52.14,0.4
ROW_667,33,Male,Rowing,60.1,68.89,76.3,46,179,,97,238.34,306.47,69.82,82.3,89.7,0.86
ROW_668,33,Female,Rowing,58.26,100.07,84.87,58,183,,77,236.71,333.54,55.67,74.04,82.21,0.83
ROW_669,22,Male,Rowing,67.17,117.0,68.15,46,175,,60,510.94,346.24,60.74,53.12,90.1,0.52
ROW_670,32,Male,Rowing,73.46,98.37,87.1,49,197,,84,380.71,312.4,58.69,97.57,67.44,0.9
ROW_671,21,Male,Rowing,55.4,112.09,89.96,51,199,,76,543.19,259.43,67.8,92.6,50.88,0.14
ROW_672,30,Female,Rowing,52.48,81.71,87.58,57,197,,74,429.89,387.53,93.82,74.34,53.69,0.66
ROW_673,24,Male,Rowing,68.34,104.01,83.34,45,177,,64,447.5,327.75,71.9,57.93,55.59,0.25
ROW_674,29,Male,Rowing,68.46,109.01,84.37,59,188,,76,573.68,256.66,78.36,91.22,90.26,0.65
ROW_675,26,Female,Rowing,76.54,99.76,77.21,47,198,,80,265.85,261.65,58.96,71.53,65.07,0.09
ROW_676,34,Female,Rowing,45.56,85.54,65.7,44,179,,82,417.21,354.5,74.64,69.51,99.89,0.94
ROW_677,19,Female,Rowing,74.86,93.81,80.31,42,191,,69,223.26,260.14,93.68,83.27,87.92,0.79
ROW_678,33,Female,Rowing,63.24,99.04,81.38,41,174,,76,343.57,279.07,88.67,87.93,80.06,0.2
ROW_679,24,Female,Rowing,66.75,67.72,89.56,45,174,,60,259.24,222.89,54.06,53.14,99.18,0.64
ROW_680,24,Female,Rowing,48.2,106.67,76.24,46,174,,96,275.13,359.73,93.1,88.38,65.82,0.76
ROW_681,18,Female,Rowing,60.14,116.52,68.14,47,178,,66,573.92,280.57,63.69,86.7,58.28,0.21
ROW_682,20,Female,Rowing,52.96,82.57,80.51,43,198,,71,444.27,288.13,83.29,79.46,86.86,0.09
ROW_683,28,Female,Rowing,53.9,99.07,89.38,51,192,,99,556.86,370.17,57.32,66.92,63.9,0.35
ROW_684,32,Male,Rowing,62.64,101.59,65.32,51,197,,60,377.41,380.13,83.73,58.24,98.05,0.14
ROW_685,20,Female,Rowing,73.44,96.36,69.78,56,178,,79,439.06,356.05,51.79,55.13,99.4,0.57
ROW_686,30,Male,Rowing,71.03,88.3,76.26,58,184,,90,212.84,166.34,80.03,50.06,96.32,0.42
ROW_687,21,Male,Rowing,65.68,111.72,65.11,48,178,,63,387.8,260.88,82.3,60.32,97.24,0.46
ROW_688,25,Female,Rowing,63.88,81.42,60.67,51,198,,85,425.62,235.83,62.22,70.57,80.78,0.54
ROW_689,21,Female,Rowing,59.96,54.28,70.11,56,183,,71,206.71,203.38,96.85,62.18,84.61,0.98
ROW_690,24,Female,Rowing,79.04,109.12,85.96,49,175,,81,515.8,377.24,52.3,65.45,54.71,0.79
ROW_691,28,Female,Rowing,64.61,97.18,61.3,58,199,,60,318.17,372.52,94.59,69.52,88.15,0.63
ROW_692,21,Male,Rowing,53.89,109.45,72.87,50,191,,60,380.99,266.32,69.09,65.41,60.1,0.36
ROW_693,30,Male,Rowing,53.05,59.7,82.87,59,189,,62,414.25,183.64,85.7,86.23,92.02,0.03
ROW_694,26,Female,Rowing,66.4,52.15,88.6,52,177,,71,596.88,153.34,82.58,74.59,98.08,0.12
ROW_695,26,Male,Rowing,63.3,115.41,89.56,43,199,,80,239.67,259.62,58.41,50.97,60.62,0.73
ROW_696,20,Female,Rowing,45.27,60.34,72.66,54,171,,72,422.11,159.99,65.95,61.33,53.9,0.37
ROW_697,29,Male,Rowing,74.05,106.68,88.51,51,174,,72,412.24,302.39,76.48,85.48,74.19,0.33
ROW_698,28,Male,Rowing,69.64,107.62,61.06,49,186,,77,227.56,302.1,92.33,65.05,89.58,0.89
ROW_699,28,Female,Rowing,68.16,99.61,82.38,46,179,,92,453.58,374.73,97.74,96.01,88.53,0.48
ROW_700,34,Female,Rowing,47.41,59.19,79.28,41,183,,65,314.74,197.51,51.03,85.63,84.84,0.9
ROW_701,31,Male,Rowing,57.67,96.72,67.49,46,187,,84,241.51,242.85,67.63,64.5,91.03,0.89
ROW_702,33,Female,Rowing,77.74,112.24,75.22,47,170,,82,271.46,364.89,83.41,75.82,58.75,0.08
ROW_703,27,Male,Rowing,75.19,79.79,63.89,58,191,,83,529.44,268.57,76.39,83.36,82.6,0.95
ROW_704,21,Female,Rowing,54.99,78.95,86.15,45,171,,96,241.65,164.93,97.15,59.67,80.28,0.08
ROW_705,27,Female,Rowing,50.5,81.0,70.74,47,197,,85,386.77,177.7,50.85,62.31,57.67,0.96
ROW_706,29,Female,Rowing,60.72,55.76,78.78,59,173,,63,278.11,353.36,71.89,75.36,70.72,0.45
ROW_707,26,Female,Rowing,57.45,112.44,64.76,43,182,,97,264.93,335.92,83.44,96.24,92.63,0.76
ROW_708,32,Female,Rowing,68.88,110.84,66.18,59,185,,94,282.28,368.97,60.88,67.2,98.59,0.71
ROW_709,26,Female,Rowing,78.83,119.85,89.76,48,174,,70,397.11,179.72,86.29,70.11,83.27,0.52
ROW_710,24,Female,Rowing,57.71,90.96,82.59,44,192,,95,295.12,340.1,54.06,59.53,96.1,0.62
ROW_711,29,Male,Rowing,47.18,102.58,88.86,45,179,,84,238.69,313.78,72.55,79.66,56.6,0.95
ROW_712,31,Female,Rowing,76.42,64.19,68.88,58,186,,79,520.56,208.07,83.81,87.01,98.75,0.93
ROW_713,33,Male,Rowing,46.33,96.73,64.94,51,197,,60,415.93,393.48,63.34,72.03,51.68,0.65
ROW_714,20,Female,Rowing,78.35,95.48,75.09,44,180,,89,262.74,292.59,53.69,87.51,76.36,0.66
ROW_715,28,Male,Rowing,68.26,113.08,74.84,44,174,,63,388.57,376.72,97.85,65.13,64.55,0.25
ROW_716,25,Female,Rowing,77.96,108.16,65.25,57,184,,82,227.34,364.77,95.69,85.35,90.7,0.83
ROW_717,25,Female,Rowing,51.99,115.69,82.0,45,173,,94,432.17,233.28,96.32,62.92,60.88,0.63
ROW_718,20,Male,Rowing,46.42,110.82,70.85,48,176,,81,336.12,283.99,98.93,89.03,50.58,0.83
ROW_719,27,Female,Rowing,62.09,110.81,65.59,50,199,,90,241.41,257.84,59.23,91.53,70.73,0.66
ROW_720,30,Female,Rowing,60.77,54.46,69.96,53,179,,60,273.46,327.27,57.89,89.89,53.21,0.3
ROW_721,26,Female,Rowing,56.6,109.22,76.91,41,192,,63,338.28,297.01,51.71,60.77,64.5,0.19
ROW_722,23,Female,Rowing,78.52,92.52,81.79,53,193,,78,522.56,346.21,94.59,84.71,82.19,0.08
ROW_723,32,Female,Rowing,73.79,76.63,74.46,58,173,,89,269.5,152.94,87.64,76.93,64.74,0.59
ROW_724,33,Male,Rowing,68.16,53.96,75.77,49,189,,60,243.87,321.95,81.66,99.3,62.29,0.28
ROW_725,22,Female,Rowing,50.7,97.44,64.17,44,195,,78,406.38,229.77,96.38,68.08,57.77,0.63
ROW_726,30,Male,Rowing,70.7,72.97,87.44,43,174,,80,423.48,206.06,78.75,88.56,56.76,0.06
ROW_727,19,Male,Rowing,70.45,82.74,87.86,46,174,,81,236.1,350.31,56.49,68.5,76.29,0.38
ROW_728,23,Male,Rowing,59.88,97.72,80.5,52,180,,61,313.79,172.31,58.84,69.84,84.08,0.26
ROW_729,18,Male,Rowing,77.37,113.82,60.53,49,188,,65,305.11,207.12,56.61,55.55,72.64,0.37
ROW_730,32,Male,Rowing,50.84,107.78,76.11,49,174,,80,274.49,200.93,65.38,61.98,56.18,0.05
ROW_731,32,Male,Rowing,54.36,81.54,78.88,43,190,,92,326.26,254.96,68.97,58.22,82.39,0.72
ROW_732,31,Male,Rowing,47.21,77.14,89.84,55,177,,78,214.84,230.58,89.84,57.96,77.86,0.12
ROW_733,24,Male,Rowing,72.84,66.78,89.88,54,176,,86,460.62,330.12,59.56,50.45,69.06,0.01
ROW_734,22,Female,Rowing,66.76,76.07,85.73,50,177,,96,595.39,324.84,86.27,89.69,66.5,0.95
ROW_735,33,Male,Rowing,56.02,57.77,61.91,58,182,,88,453.62,231.37,74.56,73.4,59.16,0.19
ROW_736,34,Female,Rowing,50.73,117.98,88.6,42,174,,87,344.43,259.25,99.98,90.21,57.31,0.83
ROW_737,28,Male,Rowing,46.41,90.17,78.38,54,197,,93,467.16,201.98,88.83,80.63,66.94,0.96
ROW_738,32,Male,Rowing,50.84,58.95,84.03,55,196,,60,428.61,317.71,98.45,91.57,52.08,0.53
ROW_739,33,Female,Rowing,60.86,74.7,72.22,53,187,,84,538.7,249.06,67.12,75.19,71.83,0.53
ROW_740,20,Male,Rowing,53.65,88.29,69.59,44,193,,80,448.75,183.21,56.15,54.7,80.08,0.37
ROW_741,23,Female,Rowing,54.06,87.3,73.9,56,178,,93,453.63,181.82,75.29,80.84,97.08,0.43
ROW_742,30,Male,Rowing,75.65,52.49,64.41,57,171,,85,288.67,230.58,56.21,83.89,81.29,0.48
ROW_743,18,Female,Rowing,63.03,116.56,70.71,58,185,,95,366.25,336.83,74.62,81.33,81.2,0.15
ROW_744,31,Female,Rowing,70.52,69.28,85.73,40,183,,94,337.77,156.38,63.5,90.07,68.72,0.36
ROW_745,19,Male,Rowing,46.25,51.13,61.14,48,186,,82,204.57,214.44,74.55,86.57,56.67,0.82
ROW_746,19,Male,Rowing,57.78,55.35,64.53,53,197,,76,325.31,190.62,97.48,71.63,72.35,0.18
ROW_747,32,Male,Rowing,61.77,90.61,63.75,59,175,,71,394.42,389.12,64.45,90.96,79.93,0.73
ROW_748,26,Male,Rowing,51.52,59.64,72.09,59,172,,79,439.94,326.32,99.67,84.59,86.2,0.65
ROW_749,20,Female,Rowing,49.21,52.92,89.91,50,186,,98,573.83,208.31,61.47,56.02,91.3,0.06
ROW_750,21,Female,Rowing,75.46,76.57,65.2,41,182,,86,295.65,201.87,60.41,76.99,62.8,0.02
ROW_751,32,Female,Rowing,77.88,93.59,64.36,59,175,,96,260.97,364.51,77.24,86.43,62.06,0.35
ROW_752,22,Female,Rowing,47.76,57.83,87.45,44,197,,79,547.78,197.56,92.1,77.66,78.26,0.69
ROW_753,22,Female,Rowing,57.22,71.93,86.46,54,177,,70,576.74,399.26,87.48,97.45,78.3,0.33
ROW_754,27,Female,Rowing,78.54,79.24,60.97,51,194,,87,395.18,220.58,86.18,55.07,60.9,0.67
ROW_755,33,Female,Rowing,47.91,61.16,82.55,53,198,,61,246.09,171.08,64.13,86.12,79.37,0.67
ROW_756,29,Male,Rowing,67.53,85.43,79.66,50,175,,83,394.16,322.74,51.13,91.22,67.29,0.81
ROW_757,31,Male,Rowing,79.03,55.96,83.03,48,197,,75,243.78,302.41,58.09,85.13,81.97,0.1
ROW_758,28,Male,Rowing,79.24,53.26,74.84,59,185,,71,553.27,399.96,67.47,69.28,64.55,0.58
ROW_759,23,Male,Rowing,61.49,86.39,89.74,47,175,,75,483.26,350.52,98.58,69.27,79.61,0.06
ROW_760,27,Male,Rowing,50.7,67.35,61.32,51,186,,95,296.45,257.21,95.99,79.33,88.42,0.18
ROW_761,20,Male,Rowing,52.07,56.68,67.03,42,190,,61,554.68,319.15,60.03,69.85,99.01,0.33
ROW_762,32,Male,Rowing,76.14,79.67,71.9,54,172,,84,455.16,354.46,86.28,94.16,95.55,0.71
ROW_763,28,Male,Rowing,76.91,114.06,73.49,47,192,,88,581.31,278.43,78.95,55.5,75.18,0.97
ROW_764,19,Female,Rowing,66.28,100.69,87.64,46,181,,87,592.19,218.22,52.49,81.96,74.42,0.34
ROW_765,23,Male,Rowing,71.82,107.09,76.8,56,194,,69,201.31,202.53,68.59,56.71,71.89,0.52
ROW_766,34,Male,Rowing,70.9,111.03,61.35,51,198,,82,248.09,223.82,74.3,77.01,51.39,0.26
ROW_767,21,Male,Rowing,68.16,118.08,72.24,59,196,,91,418.77,362.02,83.38,85.78,58.3,0.68
ROW_768,26,Female,Rowing,73.95,103.43,72.49,57,175,,90,582.34,245.11,64.75,58.28,52.96,0.37
ROW_769,27,Male,Rowing,68.99,92.59,88.96,57,190,,78,597.69,221.67,96.69,85.2,84.82,0.48
ROW_770,19,Female,Rowing,63.69,75.58,77.98,54,176,,74,426.96,351.47,72.59,57.0,70.66,0.57
ROW_771,28,Female,Rowing,53.29,62.72,79.07,42,180,,92,269.52,157.98,62.43,81.03,53.19,0.69
ROW_772,28,Male,Rowing,71.04,98.07,81.4,58,178,,76,265.22,298.49,65.82,75.28,84.53,0.06
ROW_773,28,Female,Rowing,61.57,119.65,83.1,54,185,,95,505.54,368.41,87.59,64.9,82.22,0.55
ROW_774,18,Male,Rowing,55.32,82.72,79.05,55,174,,79,436.78,252.52,82.01,55.58,86.0,0.43
ROW_775,31,Male,Rowing,73.07,100.66,67.12,56,184,,68,419.51,217.33,87.11,86.79,79.99,0.13
ROW_776,18,Male,Rowing,69.38,84.66,86.22,40,190,,97,386.31,272.93,64.62,69.09,58.08,0.21
ROW_777,26,Female,Rowing,77.81,80.24,81.96,50,195,,62,490.05,329.37,66.34,54.33,53.07,0.88
ROW_778,18,Male,Rowing,50.79,78.72,82.26,45,173,,61,543.22,279.15,69.84,88.64,90.86,0.87
ROW_779,21,Male,Rowing,67.72,85.32,89.9,48,174,,77,321.18,151.91,59.43,61.64,60.79,0.03
ROW_780,18,Male,Rowing,53.55,75.68,84.08,59,176,,82,288.37,169.58,84.55,86.82,77.13,0.69
ROW_781,27,Female,Rowing,76.63,102.41,84.87,55,172,,78,468.08,330.33,66.47,78.24,74.26,0.55
ROW_782,32,Female,Rowing,48.48,111.2,88.54,45,173,,66,565.89,249.99,66.31,59.73,96.05,0.94
ROW_783,21,Female,Rowing,67.97,111.8,64.53,51,194,,94,339.26,346.19,63.47,53.82,77.62,0.91
ROW_784,31,Female,Rowing,72.69,65.94,74.93,58,184,,79,308.98,312.37,72.64,79.66,79.0,0.58
ROW_785,22,Male,Rowing,57.42,112.71,77.42,52,197,,79,290.45,295.38,88.6,51.26,65.98,0.14
ROW_786,32,Male,Rowing,78.39,73.91,69.88,52,171,,78,301.8,375.34,91.78,53.27,97.93,0.46
ROW_787,32,Female,Rowing,74.78,71.65,85.18,43,193,,75,253.97,155.33,90.23,85.11,80.62,0.73
ROW_788,33,Male,Rowing,55.31,100.87,82.87,48,194,,97,438.71,188.76,81.06,76.94,50.25,0.95
ROW_789,33,Female,Rowing,45.26,71.33,81.63,53,174,,80,312.33,306.09,64.02,66.31,77.8,0.36
ROW_790,21,Male,Rowing,55.38,53.71,89.91,53,176,,88,445.98,166.46,86.74,76.96,68.19,0.78
ROW_791,26,Male,Rowing,54.85,76.15,67.78,56,191,,97,233.21,311.24,51.97,79.58,51.61,0.68
ROW_792,18,Female,Rowing,76.15,100.5,82.06,44,186,,83,246.18,396.03,89.91,78.26,71.58,0.08
ROW_793,22,Female,Rowing,78.85,72.89,76.54,58,177,,96,414.46,369.7,89.01,82.13,88.68,0.56
ROW_794,26,Male,Rowing,47.47,94.07,69.39,41,178,,88,404.61,297.73,83.5,97.01,75.19,0.18
ROW_795,22,Female,Rowing,61.5,96.21,64.82,52,179,,90,308.6,373.49,54.9,69.44,81.97,0.68
ROW_796,21,Male,Rowing,64.19,101.36,86.88,50,180,,98,530.85,179.07,99.87,65.06,81.99,0.61
ROW_797,33,Male,Rowing,48.25,112.8,77.86,41,170,,71,274.82,263.67,87.82,51.92,83.55,0.97
ROW_798,19,Male,Rowing,58.21,80.28,84.75,40,184,,89,344.26,257.17,86.74,57.35,69.38,0.94
ROW_799,33,Male,Rowing,56.1,61.65,76.36,42,177,,63,422.2,234.11,53.2,55.31,68.5,0.01
ROW_800,19,Female,Rowing,63.76,72.32,66.6,51,188,,89,546.88,150.05,69.94,66.77,50.23,0.08
ROW_801,33,Male,Rowing,68.14,80.25,70.13,46,181,,64,367.42,372.76,54.31,80.5,57.71,0.77
ROW_802,18,Male,Rowing,69.62,99.97,71.45,40,175,,75,359.44,344.43,68.05,52.32,97.54,0.69
ROW_803,33,Male,Rowing,49.79,50.92,89.19,48,179,,86,431.81,313.21,78.52,86.38,92.12,0.8
ROW_804,20,Female,Rowing,73.45,72.1,60.17,57,193,,63,326.68,182.24,93.94,69.87,63.76,0.27
ROW_805,32,Male,Rowing,68.75,104.59,89.57,59,174,,67,483.67,244.55,64.15,98.18,70.06,0.85
ROW_806,28,Female,Rowing,76.12,96.96,89.41,45,193,,67,299.48,381.08,81.17,78.42,97.0,0.44
ROW_807,27,Female,Rowing,60.73,101.22,89.88,48,176,,76,529.28,304.23,58.23,88.57,62.52,0.26
ROW_808,34,Female,Rowing,76.29,106.83,74.3,47,176,,62,308.94,300.85,67.7,93.06,76.63,0.01
ROW_809,21,Female,Rowing,75.3,104.83,88.91,57,192,,86,597.08,378.28,97.36,94.44,51.1,0.87
ROW_810,34,Female,Rowing,60.34,97.75,71.87,54,194,,93,326.58,289.96,87.38,75.92,80.99,0.54
ROW_811,21,Female,Rowing,58.34,80.78,60.79,40,191,,80,551.53,299.41,77.29,69.84,96.5,0.98
ROW_812,18,Female,Rowing,77.65,118.85,66.73,53,191,,83,358.94,236.43,62.58,78.03,94.24,0.71
ROW_813,31,Male,Rowing,70.03,89.84,88.36,57,196,,88,298.42,242.86,68.99,70.1,75.1,0.08
ROW_814,28,Male,Rowing,77.49,64.19,60.41,58,178,,98,290.47,321.4,57.83,62.04,82.48,0.59
ROW_815,24,Female,Rowing,72.89,70.5,76.38,58,184,,65,540.08,230.11,67.67,66.2,78.49,0.02
ROW_816,34,Female,Rowing,66.33,98.55,62.27,49,175,,73,323.5,289.78,57.53,61.64,53.35,0.56
ROW_817,21,Female,Rowing,49.05,114.73,68.59,59,185,,73,335.43,219.8,89.77,63.47,57.94,0.35
ROW_818,27,Male,Rowing,55.2,62.51,62.64,45,176,,96,278.8,191.53,54.04,54.68,98.19,0.64
ROW_819,34,Female,Rowing,78.91,55.76,85.79,56,184,,83,584.53,263.6,59.47,71.32,62.8,0.54
ROW_820,21,Male,Rowing,56.18,111.71,77.73,53,192,,72,297.9,204.36,84.56,61.76,69.22,0.26
ROW_821,34,Male,Rowing,48.26,114.07,87.06,52,171,,60,298.98,374.62,95.13,72.42,75.45,0.16
ROW_822,23,Female,Rowing,69.76,69.35,80.65,47,198,,71,577.56,225.9,98.23,89.61,98.96,0.4
ROW_823,24,Male,Rowing,70.69,76.41,89.13,49,197,,83,560.36,299.35,91.8,72.42,84.5,0.99
ROW_824,23,Female,Rowing,54.99,96.21,75.3,48,177,,96,299.56,215.86,60.57,97.73,81.48,0.44
ROW_825,29,Female,Rowing,55.42,73.1,79.16,44,181,,79,545.89,214.5,64.29,57.39,76.22,0.75
ROW_826,26,Female,Rowing,61.41,111.4,77.29,43,180,,65,299.93,237.66,93.54,92.51,85.03,0.06
ROW_827,19,Male,Rowing,45.76,57.53,74.53,45,175,,71,233.79,378.97,94.47,62.41,83.2,0.38
ROW_828,34,Female,Rowing,72.63,52.66,85.38,45,189,,80,528.14,247.87,82.03,96.7,95.14,0.58
ROW_829,18,Male,Rowing,56.1,64.59,79.34,52,196,,62,508.62,355.32,65.68,61.36,77.09,0.75
ROW_830,26,Female,Rowing,74.88,70.03,84.04,43,182,,86,317.87,199.32,61.2,87.35,71.08,0.53
ROW_831,23,Female,Rowing,73.09,57.9,83.59,47,192,,95,236.06,162.04,92.61,53.11,90.36,0.52
ROW_832,19,Female,Rowing,68.15,54.6,65.73,44,185,,76,282.58,345.42,60.26,81.49,89.99,0.76
ROW_833,23,Female,Rowing,56.37,102.89,79.5,41,177,,74,508.42,285.47,83.09,60.93,58.49,0.31
ROW_834,26,Female,Rowing,63.07,61.5,65.99,48,186,,98,585.9,275.93,98.4,83.51,61.84,0.09
ROW_835,20,Male,Rowing,60.57,113.97,77.5,50,195,,63,303.6,218.05,85.26,81.79,97.93,0.35
ROW_836,33,Female,Rowing,56.86,75.76,80.32,59,198,,76,527.3,168.08,62.88,96.18,72.21,0.16
ROW_837,32,Female,Rowing,74.68,96.94,89.92,59,182,,97,291.17,270.72,64.13,81.33,75.98,0.97
ROW_838,29,Female,Rowing,61.92,65.78,60.92,50,173,,70,471.84,366.81,54.64,70.41,65.51,0.58
ROW_839,25,Male,Rowing,74.15,66.82,62.74,46,189,,71,233.45,180.01,84.31,59.68,74.05,0.45
ROW_840,23,Female,Rowing,48.68,90.23,62.31,53,179,,91,434.12,382.29,75.92,82.87,87.17,0.91
ROW_841,20,Female,Rowing,49.94,89.25,71.95,45,194,,86,307.68,218.68,60.32,55.82,74.12,0.9
ROW_842,21,Female,Rowing,79.21,103.81,84.65,43,198,,86,570.34,283.05,61.38,91.43,65.74,0.42
ROW_843,27,Female,Rowing,65.57,103.05,85.32,45,191,,99,315.9,166.63,50.45,62.37,54.8,0.87
ROW_844,31,Male,Rowing,62.84,96.95,82.11,42,189,,88,359.38,256.26,98.92,76.21,96.41,0.06
ROW_845,32,Female,Rowing,63.31,81.44,86.91,45,185,,68,536.27,181.47,91.4,79.8,93.58,0.89
ROW_846,24,Male,Rowing,52.53,112.34,69.69,42,198,,62,375.31,161.99,69.71,68.12,89.57,0.31
ROW_847,24,Male,Rowing,70.15,93.58,62.64,40,186,,98,295.36,391.64,97.3,83.19,84.7,0.57
ROW_848,25,Male,Rowing,47.97,119.31,61.74,57,177,,88,419.02,332.52,83.86,62.51,75.78,0.27
ROW_849,27,Male,Rowing,65.07,107.36,85.56,43,180,,80,536.0,329.76,87.57,51.73,94.87,0.98
ROW_850,19,Female,Rowing,64.98,53.1,81.91,45,194,,94,373.27,172.64,84.0,97.96,89.59,0.07
ROW_851,32,Female,Rowing,77.0,72.44,80.96,56,174,,69,253.16,382.34,87.84,66.0,90.8,0.45
ROW_852,18,Male,Rowing,63.42,90.03,70.19,57,190,,82,353.23,267.37,58.55,85.67,65.48,0.62
ROW_853,27,Male,Rowing,49.8,100.5,71.4,45,195,,98,581.79,363.07,78.12,75.38,71.17,0.62
ROW_854,23,Male,Rowing,65.05,88.52,88.74,41,185,,84,228.81,153.15,92.47,83.45,85.34,0.74
ROW_855,30,Female,Rowing,48.2,105.03,61.91,51,193,,83,363.38,224.55,50.98,55.55,68.55,0.72
ROW_856,27,Male,Rowing,52.13,69.79,83.21,51,177,,79,459.21,399.01,56.17,75.94,74.7,0.79
ROW_857,29,Male,Rowing,46.09,62.87,69.29,43,190,,74,231.41,256.96,62.28,69.61,82.33,0.23
ROW_858,23,Male,Rowing,62.97,53.77,61.17,55,185,,80,337.98,372.12,64.74,72.59,71.89,0.37
ROW_859,23,Male,Rowing,47.96,90.13,82.28,59,173,,71,576.23,232.0,59.14,98.31,89.65,0.38
ROW_860,18,Male,Rowing,61.43,98.2,69.93,49,175,,77,212.25,281.33,81.22,56.81,55.81,0.96
ROW_861,29,Female,Rowing,77.65,72.83,81.66,49,195,,82,500.7,363.55,64.7,87.74,85.9,0.41
ROW_862,27,Male,Rowing,70.19,92.95,81.23,46,190,,88,536.55,301.46,57.9,66.52,57.26,0.22
ROW_863,31,Female,Rowing,47.71,53.65,76.04,53,177,,95,310.82,331.3,95.29,64.52,96.89,0.63
ROW_864,32,Female,Rowing,52.85,56.95,83.32,46,178,,64,285.89,207.21,84.75,63.54,65.7,0.43
ROW_865,21,Female,Rowing,68.58,99.12,77.43,51,182,,98,565.93,188.97,62.3,67.44,89.77,0.25
ROW_866,18,Female,Rowing,76.31,75.76,68.6,50,186,,85,505.6,207.58,68.05,67.86,76.07,0.72
ROW_867,25,Female,Rowing,46.15,96.99,82.02,56,178,,98,245.35,273.26,87.04,63.54,54.55,0.19
ROW_868,20,Male,Rowing,73.44,108.22,77.67,50,182,,70,284.88,350.24,89.55,83.37,79.13,0.63
ROW_869,31,Female,Rowing,64.66,109.68,60.38,42,178,,70,448.54,238.5,58.82,52.39,95.61,0.43
ROW_870,34,Female,Rowing,64.11,62.05,87.05,58,175,,77,367.77,291.2,96.83,66.61,57.86,0.32
ROW_871,19,Male,Rowing,78.52,84.04,76.37,43,196,,71,401.67,351.2,89.26,64.01,66.07,0.95
ROW_872,32,Female,Rowing,71.17,101.37,86.06,47,179,,75,580.62,209.69,92.84,87.57,71.96,0.32
ROW_873,23,Male,Rowing,74.75,104.18,86.48,53,174,,86,368.09,370.74,57.19,57.32,63.75,0.35
ROW_874,22,Male,Rowing,57.39,104.93,73.35,59,176,,95,552.67,388.27,57.17,97.03,97.19,0.87
ROW_875,31,Male,Rowing,64.4,65.97,75.23,53,180,,76,464.3,159.74,65.27,58.53,68.88,0.13
ROW_876,26,Male,Rowing,66.54,63.48,72.47,55,193,,80,248.65,164.78,53.23,68.5,82.9,0.11
ROW_877,25,Male,Rowing,56.26,91.3,73.48,54,178,,96,497.8,172.74,54.55,59.99,61.2,0.28
ROW_878,20,Female,Rowing,64.96,101.88,86.85,51,194,,90,408.08,344.19,57.16,64.33,60.99,0.59
ROW_879,25,Male,Rowing,53.28,72.34,83.64,55,179,,94,290.04,197.33,85.62,88.05,58.79,0.38
ROW_880,33,Male,Rowing,50.02,57.33,63.8,59,180,,86,315.82,331.42,51.51,73.82,71.74,0.61
ROW_881,32,Female,Rowing,58.09,100.17,78.31,58,172,,82,422.93,260.32,54.16,58.13,76.64,0.16
ROW_882,32,Female,Rowing,70.88,70.98,89.88,44,198,,91,440.68,359.06,97.21,52.33,50.54,0.26
ROW_883,33,Female,Rowing,77.07,61.65,77.87,51,177,,76,587.27,352.14,54.18,61.5,91.65,0.57
ROW_884,18,Female,Rowing,61.02,60.34,83.58,44,186,,70,541.89,389.92,76.87,97.28,75.64,0.22
ROW_885,27,Male,Rowing,67.5,72.04,83.07,49,176,,60,282.34,212.76,82.13,92.27,57.86,0.42
ROW_886,22,Female,Rowing,48.61,91.49,70.51,56,181,,87,509.6,207.31,97.93,72.01,53.36,0.57
ROW_887,20,Male,Rowing,76.66,75.09,71.16,54,185,,77,203.32,157.88,94.99,74.1,53.16,0.97
ROW_888,21,Female,Rowing,64.9,51.45,81.72,47,184,,79,251.92,252.6,72.03,94.97,62.88,0.08
ROW_889,21,Female,Rowing,72.31,56.78,75.0,47,190,,66,279.88,264.77,97.11,79.57,74.96,0.46
ROW_890,28,Female,Rowing,72.81,70.34,77.12,47,198,,96,438.88,391.13,71.61,94.04,93.01,0.4
ROW_891,26,Female,Rowing,53.98,96.18,81.39,49,182,,75,277.87,357.7,83.5,74.59,95.15,0.82
ROW_892,18,Female,Rowing,63.52,56.9,83.33,59,187,,98,346.11,191.7,62.98,60.0,91.62,0.9
ROW_893,33,Male,Rowing,78.62,89.25,68.15,52,187,,82,297.11,349.62,81.83,86.3,66.43,0.91
ROW_894,26,Male,Rowing,48.14,58.39,64.4,55,193,,91,334.97,194.57,76.91,76.32,65.33,0.38
ROW_895,28,Male,Rowing,68.91,64.81,68.75,48,174,,76,576.98,169.44,80.34,83.42,99.37,0.3
ROW_896,23,Female,Rowing,78.68,62.05,75.23,55,183,,78,598.95,359.27,84.13,57.86,84.06,0.45
ROW_897,34,Male,Rowing,55.52,54.71,70.26,49,197,,93,474.29,393.99,58.67,82.38,65.25,0.34
ROW_898,29,Female,Rowing,75.15,96.99,77.05,42,180,,73,428.92,172.03,65.06,69.11,66.45,0.72
ROW_899,25,Female,Rowing,77.68,82.44,61.6,53,172,,62,483.38,353.48,86.81,66.6,71.73,0.21
ROW_900,33,Male,Rowing,71.15,108.17,75.29,52,186,,98,508.66,364.8,58.19,83.57,81.09,0.66
ROW_901,22,Male,Rowing,53.1,56.92,71.04,43,196,,84,495.61,179.69,67.21,79.61,94.9,0.93
ROW_902,18,Female,Rowing,56.69,60.13,76.04,43,192,,70,232.76,220.81,83.32,82.46,59.92,0.28
ROW_903,34,Female,Rowing,46.25,71.45,72.68,45,196,,74,324.12,333.42,96.88,98.27,54.22,0.68
ROW_904,25,Male,Rowing,74.1,103.61,68.53,58,181,,78,337.37,351.93,53.77,85.06,70.29,0.14
ROW_905,27,Female,Rowing,74.74,71.4,87.12,50,172,,74,347.7,238.49,75.83,82.04,62.27,0.12
ROW_906,32,Male,Rowing,67.14,78.59,65.54,47,192,,74,337.73,189.98,54.1,80.68,78.8,0.12
ROW_907,30,Male,Rowing,57.34,71.11,80.44,53,197,,97,514.84,312.09,68.96,69.94,84.96,0.14
ROW_908,27,Female,Rowing,47.69,55.62,87.74,47,171,,74,499.04,325.49,58.77,91.96,65.54,0.22
ROW_909,26,Female,Rowing,71.36,115.76,76.16,53,173,,68,201.84,275.9,82.47,69.05,84.27,0.56
ROW_910,30,Female,Rowing,70.43,88.4,86.29,46,187,,64,318.55,186.24,87.89,85.01,67.16,0.77
ROW_911,20,Female,Rowing,76.94,105.15,63.75,57,189,,78,449.47,361.12,62.37,64.66,81.75,0.13
ROW_912,20,Male,Rowing,70.57,96.08,74.81,51,190,,83,248.11,311.32,85.64,57.39,81.65,0.87
ROW_913,18,Female,Rowing,74.0,86.0,73.71,53,183,,88,228.48,367.29,72.34,56.49,63.91,0.84
ROW_914,19,Male,Rowing,71.11,56.28,60.24,54,177,,64,531.36,383.24,64.18,81.73,81.79,0.73
ROW_915,28,Male,Rowing,67.07,94.99,73.3,57,171,,81,381.07,351.42,76.17,66.4,69.05,0.43
ROW_916,31,Female,Rowing,59.94,60.88,71.07,51,195,,72,542.27,389.66,68.98,63.75,66.82,0.0
ROW_917,27,Male,Rowing,76.57,79.01,80.09,49,188,,88,529.42,388.56,61.5,79.6,64.46,0.73
ROW_918,24,Female,Rowing,67.78,94.04,88.15,51,179,,75,557.35,304.84,87.84,51.28,67.28,0.88
ROW_919,18,Female,Rowing,58.94,104.76,62.57,47,197,,95,219.31,332.04,89.88,62.31,89.34,0.34
ROW_920,24,Male,Rowing,47.92,97.95,69.82,45,198,,76,274.45,324.85,90.02,67.03,62.26,0.72
ROW_921,32,Male,Rowing,55.17,97.01,73.32,58,174,,79,318.46,305.28,69.11,85.42,84.1,0.06
ROW_922,28,Male,Rowing,64.03,60.43,73.66,40,180,,73,254.49,154.84,58.48,77.25,95.03,0.71
ROW_923,23,Female,Rowing,54.65,74.23,83.24,52,197,,65,394.19,238.98,92.02,92.8,67.52,0.07
ROW_924,24,Female,Rowing,52.74,53.0,73.3,55,197,,81,519.59,175.02,66.46,66.73,51.48,0.59
ROW_925,24,Male,Rowing,63.46,100.36,60.81,57,178,,99,580.47,225.06,87.4,64.82,51.23,0.6
ROW_926,18,Female,Rowing,50.94,116.68,81.3,51,185,,68,555.83,167.14,90.87,51.66,56.98,0.3
ROW_927,27,Female,Rowing,73.01,68.49,86.54,44,195,,91,382.93,380.01,88.41,97.59,55.5,0.08
ROW_928,32,Male,Rowing,61.95,56.14,75.42,52,196,,83,454.6,262.83,69.49,75.07,87.4,0.95
ROW_929,25,Female,Rowing,65.09,83.29,77.43,47,174,,92,292.28,197.34,96.9,75.13,64.74,0.54
ROW_930,20,Male,Rowing,50.16,109.97,64.89,45,184,,72,361.2,296.19,83.01,96.17,82.63,0.58
ROW_931,32,Male,Rowing,56.36,88.64,66.62,42,183,,94,548.47,199.11,78.79,64.5,52.12,0.62
ROW_932,21,Male,Rowing,59.35,53.27,67.06,59,178,,65,211.68,351.11,84.9,66.61,64.79,0.89
ROW_933,23,Female,Rowing,73.29,118.2,72.92,43,189,,99,413.1,226.48,52.24,82.82,61.71,0.06
ROW_934,27,Male,Rowing,71.96,108.01,87.84,51,195,,89,549.12,228.73,69.53,89.26,63.84,0.89
ROW_935,33,Male,Rowing,52.8,59.21,75.65,52,174,,97,248.8,367.49,94.06,84.97,59.54,0.24
ROW_936,23,Male,Rowing,66.57,114.53,65.76,41,184,,75,593.02,289.8,58.05,89.44,80.9,0.08
ROW_937,34,Male,Rowing,53.52,81.55,67.98,58,178,,60,204.96,371.83,70.72,78.76,83.13,0.66
ROW_938,30,Female,Rowing,79.59,76.03,71.52,43,173,,77,554.45,253.22,70.26,93.14,57.42,0.98
ROW_939,24,Male,Rowing,78.32,82.27,78.7,52,190,,81,341.47,235.98,67.8,77.51,87.06,0.06
ROW_940,29,Female,Rowing,64.71,108.42,73.2,58,190,,85,253.08,276.55,78.12,61.47,62.5,0.43
ROW_941,19,Male,Rowing,69.46,96.16,71.77,47,173,,73,262.94,165.37,99.81,77.09,64.15,0.53
ROW_942,29,Female,Rowing,73.05,54.15,76.94,47,189,,96,480.47,188.55,62.79,85.65,91.44,0.25
ROW_943,29,Female,Rowing,70.23,117.03,67.26,55,196,,73,548.29,204.88,85.25,82.68,95.06,0.98
ROW_944,21,Female,Rowing,69.49,60.34,62.37,50,190,,85,456.43,354.17,87.9,62.15,91.24,0.64
ROW_945,21,Female,Rowing,78.55,102.19,60.73,57,197,,95,571.49,333.45,79.22,52.05,57.39,0.84
ROW_946,33,Male,Rowing,65.88,94.53,67.54,43,191,,82,536.99,198.33,54.87,62.62,99.96,0.42
ROW_947,31,Male,Rowing,67.27,63.13,62.75,40,176,,61,203.61,219.19,78.62,99.2,83.61,0.35
ROW_948,34,Female,Rowing,74.72,61.95,70.09,40,184,,98,467.77,386.07,97.67,59.22,75.53,0.55
ROW_949,34,Female,Rowing,68.45,110.92,83.19,53,191,,66,321.85,171.45,67.1,73.22,97.74,0.44
ROW_950,20,Female,Rowing,70.65,79.38,81.49,43,186,,98,381.8,286.86,81.98,81.92,90.87,0.71
ROW_951,23,Male,Rowing,53.2,95.82,78.33,50,187,,81,237.61,280.5,97.97,93.97,84.59,0.27
ROW_952,30,Female,Rowing,57.99,85.28,85.58,57,176,,87,312.84,331.43,89.9,88.01,91.92,0.45
ROW_953,26,Female,Rowing,50.16,100.91,68.46,55,199,,97,453.07,215.36,84.42,95.45,69.27,0.9
ROW_954,26,Male,Rowing,62.7,83.55,86.55,56,188,,79,287.35,383.69,98.56,80.22,84.22,0.76
ROW_955,25,Male,Rowing,60.95,70.12,71.98,41,197,,77,459.01,252.65,58.53,93.27,59.53,0.17
ROW_956,34,Male,Rowing,79.9,75.44,72.03,43,179,,83,569.21,221.43,88.64,63.19,99.4,0.89
ROW_957,33,Male,Rowing,66.39,110.14,72.16,42,196,,92,201.98,234.22,70.34,71.53,79.45,0.59
ROW_958,33,Male,Rowing,72.53,82.76,62.94,54,182,,85,514.31,237.18,68.02,92.19,90.71,0.68
ROW_959,33,Male,Rowing,56.69,64.94,89.26,41,171,,78,456.53,199.73,76.03,66.28,70.37,0.29
ROW_960,31,Female,Rowing,74.1,115.42,64.16,58,191,,72,218.65,382.01,51.69,93.56,87.93,0.44
ROW_961,31,Female,Rowing,66.53,105.76,70.23,48,196,,69,516.07,193.72,65.63,68.16,69.37,0.81
ROW_962,31,Male,Rowing,69.39,53.9,69.58,49,189,,73,289.81,370.71,58.31,68.17,79.5,0.33
ROW_963,31,Female,Rowing,55.31,119.93,62.24,58,197,,68,306.33,251.23,56.93,65.45,88.91,0.17
ROW_964,29,Male,Rowing,64.2,98.64,64.57,44,180,,70,237.41,217.32,66.87,77.35,55.82,0.38
ROW_965,23,Female,Rowing,67.19,61.22,61.35,53,174,,62,413.75,199.63,90.11,56.45,67.84,0.07
ROW_966,30,Male,Rowing,65.62,66.6,68.77,49,175,,99,399.29,276.09,60.06,51.83,77.25,0.72
ROW_967,33,Male,Rowing,77.03,98.47,86.0,55,172,,71,338.87,317.31,76.57,94.87,66.7,0.15
ROW_968,26,Female,Rowing,76.44,104.58,70.18,45,170,,94,267.5,374.56,87.43,96.45,65.46,0.29
ROW_969,19,Female,Rowing,78.98,66.73,63.71,47,172,,98,535.18,313.11,62.05,53.81,64.08,0.88
ROW_970,20,Male,Rowing,68.36,67.99,79.37,41,172,,98,550.55,270.92,96.21,77.48,61.39,0.54
ROW_971,27,Male,Rowing,79.02,71.5,89.9,57,191,,91,416.23,158.37,93.32,76.98,92.45,0.32
ROW_972,19,Male,Rowing,74.14,91.86,66.97,59,173,,98,297.69,378.86,62.56,68.62,96.18,0.55
ROW_973,27,Male,Rowing,54.48,62.03,68.39,47,176,,73,238.44,375.59,99.48,78.45,85.01,0.22
ROW_974,25,Male,Rowing,59.96,57.3,89.16,44,198,,60,547.42,244.68,83.46,72.91,51.5,0.03
ROW_975,34,Male,Rowing,53.34,97.52,65.36,56,184,,86,238.42,157.26,64.31,74.48,89.31,0.6
ROW_976,18,Female,Rowing,45.15,104.54,75.34,55,180,,96,205.27,333.34,84.05,87.77,76.6,0.71
ROW_977,23,Female,Rowing,51.58,85.07,67.19,44,187,,60,387.76,347.92,83.31,76.3,87.91,0.88
ROW_978,24,Female,Rowing,45.14,75.47,87.97,56,181,,88,492.51,285.62,80.31,66.18,71.87,0.77
ROW_979,32,Female,Rowing,70.19,80.24,89.45,43,173,,83,383.01,250.72,85.58,79.07,52.06,0.93
ROW_980,26,Female,Rowing,59.89,77.19,84.44,40,193,,76,220.56,362.78,63.42,82.04,84.09,0.99
ROW_981,25,Male,Rowing,55.94,117.2,69.44,45,180,,94,476.01,198.13,98.95,83.12,72.21,0.74
ROW_982,27,Male,Rowing,71.66,103.77,72.1,40,175,,90,456.93,259.89,92.89,80.92,93.7,0.87
ROW_983,21,Female,Rowing,74.14,64.57,67.27,43,195,,91,472.61,156.12,87.29,83.23,86.91,0.67
ROW_984,25,Male,Rowing,79.14,76.89,86.72,41,188,,78,284.48,191.0,51.32,65.5,67.98,0.17
ROW_985,18,Female,Rowing,67.47,88.08,87.44,52,195,,90,518.28,385.21,79.52,72.31,86.2,0.18
ROW_986,25,Female,Rowing,61.15,92.91,72.57,53,197,,98,391.67,294.52,85.32,83.44,74.76,0.11
ROW_987,29,Male,Rowing,55.68,82.77,79.7,56,187,,79,414.54,351.4,92.7,87.72,59.97,0.94
ROW_988,32,Male,Rowing,52.78,106.71,64.97,50,184,,87,418.33,271.63,97.31,71.71,70.99,0.67
ROW_989,30,Female,Rowing,52.45,103.73,73.05,42,172,,62,314.72,358.71,95.79,68.27,61.13,0.79
ROW_990,33,Female,Rowing,59.32,85.36,78.94,46,186,,91,300.05,284.74,70.3,85.79,50.25,0.33
ROW_991,18,Female,Rowing,79.71,109.81,71.56,49,170,,81,201.91,151.13,94.83,61.11,62.34,0.46
ROW_992,34,Female,Rowing,45.03,102.58,70.73,50,171,,74,358.64,374.92,50.04,50.47,60.48,0.04
ROW_993,33,Male,Rowing,51.9,104.5,60.03,49,199,,97,394.04,187.14,67.57,73.56,50.22,0.89
ROW_994,22,Female,Rowing,51.59,116.95,84.13,47,188,,78,497.12,262.64,55.69,58.67,89.2,0.85
ROW_995,27,Male,Rowing,70.1,68.65,86.68,44,198,,90,226.65,269.17,94.15,68.91,53.85,0.78
ROW_996,23,Female,Rowing,57.34,68.74,89.08,41,178,,85,569.6,161.81,96.4,64.56,72.45,0.06
ROW_997,29,Female,Rowing,61.0,112.23,81.58,54,177,,64,305.58,163.27,62.8,88.86,70.89,0.17
ROW_998,27,Male,Rowing,50.2,104.06,76.46,55,181,,79,346.69,340.64,68.37,66.57,59.07,0.33
ROW_999,34,Male,Rowing,59.17,114.86,68.08,43,196,,61,219.34,225.11,99.19,82.03,98.34,0.26
ROW_1000,19,Male,Rowing,48.61,54.42,89.98,55,196,,80,461.25,252.41,78.3,83.7,80.19,0.84
ROW_1001,23,Male,Rowing,63.66,93.94,77.69,51,184,,95,483.57,291.03,74.85,72.82,90.68,0.19
ROW_1002,30,Male,Rowing,48.43,60.12,80.43,53,194,,87,571.52,243.35,75.02,54.05,74.81,0.53
ROW_1003,26,Female,Rowing,72.67,85.27,80.47,51,192,,79,334.73,343.76,84.81,85.02,86.14,0.57
ROW_1004,29,Female,Rowing,64.83,60.9,85.36,55,176,,96,302.95,371.12,97.73,53.76,98.49,0.43
ROW_1005,25,Female,Rowing,70.34,58.97,60.29,55,190,,98,490.43,164.93,68.33,54.96,67.42,0.24
ROW_1006,19,Male,Rowing,59.65,50.85,66.61,51,185,,95,482.72,308.85,58.63,59.8,75.21,0.96
ROW_1007,25,Male,Rowing,58.35,94.12,79.97,41,176,,70,574.85,229.42,59.25,64.02,75.73,0.41
ROW_1008,27,Male,Rowing,48.44,75.13,86.85,53,189,,62,282.13,295.82,51.02,92.32,99.6,0.73
ROW_1009,26,Female,Rowing,63.33,57.36,80.56,50,190,,96,482.12,270.98,77.77,83.75,61.65,0.18
ROW_1010,25,Male,Rowing,63.01,72.6,72.4,48,181,,79,226.75,233.42,96.46,69.36,83.77,0.82
ROW_1011,20,Female,Rowing,61.38,61.83,70.85,46,186,,91,392.15,173.7,85.65,98.93,56.91,0.22
ROW_1012,26,Female,Rowing,70.92,115.92,82.14,51,180,,84,247.76,289.86,99.65,62.18,96.35,0.68
ROW_1013,30,Female,Rowing,74.14,72.4,82.24,56,173,,80,461.26,178.2,95.48,80.49,79.52,0.51
ROW_1014,26,Male,Rowing,71.28,73.38,78.21,48,188,,75,440.59,189.03,74.59,92.36,92.97,0.15
ROW_1015,29,Female,Rowing,50.04,108.79,68.74,45,171,,60,219.53,395.54,74.33,90.1,94.76,0.02
ROW_1016,30,Female,Rowing,66.77,95.34,87.75,51,171,,82,327.85,229.18,81.42,54.52,77.86,0.93
ROW_1017,25,Female,Rowing,47.81,99.71,76.56,59,193,,83,358.01,296.11,55.55,84.86,84.1,0.13
ROW_1018,32,Male,Rowing,69.31,94.52,83.71,49,186,,84,299.22,218.06,80.38,62.89,84.94,0.7
ROW_1019,30,Female,Rowing,58.36,116.23,66.43,48,193,,66,215.47,366.38,73.2,67.79,73.02,0.65
ROW_1020,30,Male,Rowing,49.64,64.49,70.32,51,178,,97,327.53,220.84,82.14,74.45,71.74,0.34
ROW_1021,34,Male,Rowing,75.17,119.23,86.24,40,191,,98,517.05,241.72,78.26,89.54,59.31,0.19
ROW_1022,32,Female,Rowing,66.49,108.17,61.5,41,170,,94,344.04,302.1,65.52,58.31,69.2,0.18
ROW_1023,20,Female,Rowing,57.42,91.23,75.37,58,179,,73,329.35,367.5,80.39,55.43,99.54,0.59
ROW_1024,31,Male,Rowing,46.08,96.37,74.45,40,197,,68,576.7,354.05,68.3,57.67,63.49,0.55
ROW_1025,27,Female,Rowing,63.81,95.42,82.54,55,192,,62,216.65,215.96,59.73,60.91,88.12,0.88
ROW_1026,34,Male,Rowing,77.31,54.09,68.46,55,184,,97,506.92,357.39,83.75,52.98,52.97,0.64
ROW_1027,25,Male,Rowing,65.87,65.26,66.57,57,190,,79,393.24,325.3,65.32,96.32,73.37,0.82
ROW_1028,29,Male,Rowing,79.01,117.3,87.78,57,184,,92,577.79,397.46,94.45,65.95,52.92,0.03
ROW_1029,34,Female,Rowing,49.78,87.41,77.15,52,194,,91,357.39,383.86,59.97,58.85,73.79,0.67
ROW_1030,28,Male,Rowing,64.89,76.48,63.14,51,192,,95,483.22,283.28,80.01,81.89,51.38,0.23
ROW_1031,26,Male,Rowing,72.93,103.34,65.79,48,190,,85,227.97,337.48,78.58,89.35,80.66,0.25
ROW_1032,32,Female,Rowing,63.39,86.72,89.96,44,198,,64,571.51,292.54,59.89,87.66,79.33,0.72
ROW_1033,26,Female,Rowing,48.19,50.92,65.87,48,171,,89,337.82,298.75,71.99,85.94,89.89,0.79
ROW_1034,29,Male,Rowing,65.4,101.54,78.31,52,183,,76,409.6,175.38,83.78,52.53,79.16,0.37
ROW_1035,28,Male,Rowing,66.41,101.26,72.6,55,173,,65,255.39,150.56,65.93,89.11,96.3,0.79
ROW_1036,34,Male,Rowing,70.5,61.56,86.57,49,187,,74,578.22,162.05,55.69,75.09,89.16,0.44
ROW_1037,23,Female,Rowing,71.64,116.97,82.66,55,178,,60,469.19,391.66,80.76,82.45,56.63,0.86
ROW_1038,25,Male,Rowing,71.98,65.67,77.91,53,171,,72,221.58,181.57,61.21,97.82,63.27,0.02
ROW_1039,27,Male,Rowing,68.22,82.04,60.32,41,171,,93,262.08,161.1,84.07,90.53,51.31,0.08
ROW_1040,32,Female,Rowing,52.55,58.03,86.39,58,187,,89,359.93,227.41,91.97,91.27,69.31,0.78
ROW_1041,21,Female,Rowing,59.15,92.23,73.34,50,186,,78,286.71,297.04,56.17,59.07,75.48,0.62
ROW_1042,28,Male,Rowing,72.16,76.28,87.95,58,178,,61,321.85,387.12,71.88,73.82,97.3,0.56
ROW_1043,26,Female,Rowing,78.37,74.72,74.87,50,177,,71,599.0,324.97,72.25,97.47,76.11,0.61
ROW_1044,26,Male,Rowing,47.76,107.89,80.83,53,171,,99,463.46,219.09,81.63,79.13,89.05,0.93
ROW_1045,25,Male,Rowing,63.74,50.67,62.08,54,171,,83,568.89,384.76,66.72,55.13,63.4,0.66
ROW_1046,20,Female,Rowing,55.94,105.86,82.35,46,174,,70,374.32,159.01,70.93,86.59,57.66,0.65
ROW_1047,31,Male,Rowing,52.89,90.0,70.14,54,181,,61,484.11,394.76,50.6,52.15,90.54,0.76
ROW_1048,20,Male,Rowing,62.7,119.03,70.54,47,198,,60,383.88,164.66,56.12,87.11,62.37,0.87
ROW_1049,34,Female,Rowing,66.21,91.26,63.56,43,199,,87,331.29,338.46,78.49,93.99,93.57,0.26
ROW_1050,21,Male,Rowing,45.34,53.88,64.41,57,197,,63,407.67,161.32,60.79,71.26,58.49,0.62
ROW_1051,32,Female,Rowing,72.31,53.55,65.57,53,185,,89,370.92,382.89,57.23,70.68,92.58,0.58
ROW_1052,23,Male,Rowing,73.7,111.82,69.85,57,183,,66,592.22,177.17,66.22,65.21,88.64,0.13
ROW_1053,32,Female,Rowing,78.79,108.88,86.76,43,189,,81,398.47,162.62,58.18,93.85,80.56,0.52
ROW_1054,24,Female,Rowing,51.32,74.21,71.05,41,171,,85,524.45,372.32,52.98,77.39,92.51,0.07
ROW_1055,29,Female,Rowing,65.81,93.26,81.73,45,193,,88,466.73,173.95,64.19,78.96,66.54,0.18
ROW_1056,33,Female,Rowing,59.93,84.27,62.48,50,177,,84,391.85,349.48,58.22,83.09,58.3,0.91
ROW_1057,26,Female,Rowing,56.72,117.7,77.73,40,198,,69,389.66,336.76,89.97,65.01,57.85,0.12
ROW_1058,22,Female,Rowing,64.8,116.5,74.46,54,173,,79,336.76,299.72,53.13,71.64,63.52,0.58
ROW_1059,28,Male,Rowing,72.38,118.87,89.34,51,199,,73,242.79,244.49,87.37,87.08,72.31,0.32
ROW_1060,19,Male,Rowing,45.81,110.65,85.39,57,189,,92,504.59,378.9,69.14,99.27,93.8,0.56
ROW_1061,33,Female,Rowing,78.93,113.67,73.64,44,178,,64,567.24,367.77,83.77,51.72,54.48,0.23
ROW_1062,21,Male,Rowing,73.35,65.21,83.25,50,189,,65,287.18,256.56,52.63,52.13,95.76,0.44
ROW_1063,22,Female,Rowing,71.29,108.17,65.79,58,195,,81,570.27,207.93,96.04,71.4,96.27,0.87
ROW_1064,24,Female,Rowing,71.61,99.62,76.87,40,196,,76,292.92,218.14,88.37,82.98,86.36,0.38
ROW_1065,23,Male,Rowing,58.62,117.4,62.24,56,194,,74,412.03,205.08,57.01,69.32,95.01,0.35
ROW_1066,27,Female,Rowing,71.31,89.99,70.44,47,188,,98,337.45,285.31,60.94,99.98,88.5,0.45
ROW_1067,31,Male,Rowing,58.54,55.96,66.78,55,171,,99,245.8,367.13,82.2,59.77,76.42,0.1
ROW_1068,25,Female,Rowing,76.45,91.82,81.57,50,185,,87,221.14,343.4,96.08,50.4,80.04,0.39
ROW_1069,31,Female,Rowing,51.2,98.06,74.7,58,180,,61,346.14,348.88,72.29,59.51,81.41,0.01
ROW_1070,31,Male,Rowing,55.23,65.42,82.53,50,177,,77,218.94,262.07,74.28,94.34,56.34,0.5
ROW_1071,20,Female,Rowing,64.3,77.59,75.46,54,181,,86,241.68,230.61,61.89,57.26,59.65,0.85
ROW_1072,18,Female,Rowing,56.17,91.9,62.59,47,172,,80,256.92,339.34,69.15,73.95,76.17,0.55
ROW_1073,26,Female,Rowing,59.85,76.19,82.06,53,182,,82,200.77,348.32,64.3,70.96,55.76,0.61
ROW_1074,26,Male,Rowing,62.23,76.25,85.0,40,171,,66,261.3,323.84,67.53,83.29,98.25,0.03
ROW_1075,19,Male,Rowing,74.97,59.32,87.11,49,182,,78,430.91,158.03,51.03,52.73,75.36,0.86
ROW_1076,33,Male,Rowing,63.31,115.85,77.16,46,196,,68,527.81,297.42,52.05,82.94,69.0,0.39
ROW_1077,25,Male,Rowing,57.69,102.53,82.61,57,177,,71,277.37,236.76,84.03,67.74,57.88,0.97
ROW_1078,23,Male,Rowing,53.67,50.09,82.56,51,184,,89,232.35,199.05,84.09,96.3,70.83,0.12
ROW_1079,30,Female,Rowing,59.3,103.59,64.67,41,193,,66,491.81,323.6,66.51,92.44,65.12,0.94
ROW_1080,18,Male,Rowing,63.05,101.79,64.93,57,190,,61,203.27,217.13,94.27,69.98,54.4,0.63
ROW_1081,32,Male,Rowing,71.11,50.68,62.13,46,178,,76,493.66,378.21,63.31,99.64,98.35,0.05
ROW_1082,18,Female,Rowing,49.24,75.87,69.6,59,180,,70,252.45,224.52,69.79,52.6,63.25,0.97
ROW_1083,27,Female,Rowing,52.76,92.47,74.21,51,191,,71,291.31,288.8,86.57,89.43,84.52,0.01
ROW_1084,18,Male,Rowing,58.29,81.69,89.94,59,190,,62,248.03,356.94,87.18,71.69,54.57,0.73
ROW_1085,29,Female,Rowing,57.61,104.46,72.93,53,197,,80,298.94,250.53,93.06,71.67,95.66,0.89
ROW_1086,28,Female,Rowing,58.71,79.78,81.79,49,172,,73,519.27,357.16,51.45,58.51,79.54,0.18
ROW_1087,34,Female,Rowing,72.77,60.77,80.8,48,176,,74,253.02,330.92,59.19,75.74,82.84,0.34
ROW_1088,21,Male,Rowing,56.35,118.35,66.13,54,183,,69,597.67,380.22,82.03,54.24,89.09,0.56
ROW_1089,24,Female,Rowing,62.57,66.94,61.76,59,184,,95,330.84,231.46,66.91,80.83,80.3,0.68
ROW_1090,29,Female,Rowing,66.84,100.24,76.38,49,178,,69,568.79,176.26,52.18,62.08,53.55,0.87
ROW_1091,30,Male,Rowing,53.13,60.02,81.01,58,189,,76,276.01,257.59,79.32,86.24,71.48,0.76
ROW_1092,22,Female,Rowing,70.15,73.03,89.95,58,180,,84,275.16,346.45,69.65,80.37,63.1,0.36
ROW_1093,23,Female,Rowing,64.15,80.94,70.76,51,176,,86,426.13,262.61,68.2,87.32,74.34,0.82
ROW_1094,19,Male,Rowing,60.64,63.46,86.89,51,181,,92,220.24,215.5,63.22,87.49,70.22,0.97
ROW_1095,24,Male,Rowing,73.34,81.5,71.46,48,188,,70,520.4,156.9,50.3,59.84,91.33,0.23
ROW_1096,31,Male,Rowing,53.52,61.0,80.68,59,196,,72,375.85,228.26,59.12,50.03,62.35,0.07
ROW_1097,31,Female,Rowing,75.91,89.13,77.95,43,187,,60,479.68,328.35,73.71,68.29,60.07,0.43
ROW_1098,27,Male,Rowing,64.64,96.46,61.59,40,182,,90,269.85,186.9,63.79,95.95,97.9,0.88
ROW_1099,21,Male,Rowing,66.32,54.37,62.35,55,180,,92,456.94,235.22,93.72,78.89,97.48,0.15
ROW_1100,20,Female,Rowing,75.63,110.98,60.62,40,170,,80,437.63,155.06,57.15,86.38,99.67,0.89
ROW_1101,31,Female,Rowing,73.62,62.96,71.13,52,175,,75,502.26,330.44,93.77,93.98,78.42,0.99
ROW_1102,23,Female,Rowing,66.05,65.78,82.37,42,190,,98,318.96,370.17,70.24,95.3,55.66,0.05
ROW_1103,32,Female,Rowing,71.36,96.29,65.18,51,171,,82,573.27,292.13,63.79,76.45,94.01,0.5
ROW_1104,25,Female,Rowing,60.17,82.81,78.18,48,182,,69,584.52,156.47,65.21,77.05,57.26,0.33
ROW_1105,22,Male,Rowing,64.16,84.96,68.66,43,182,,92,547.25,204.41,66.5,92.55,57.78,0.39
ROW_1106,20,Male,Rowing,47.17,58.97,83.91,41,188,,81,428.81,259.62,75.33,90.37,59.67,0.45
ROW_1107,20,Male,Rowing,48.15,106.4,83.95,48,178,,65,368.12,296.9,67.69,84.94,82.67,0.74
ROW_1108,30,Female,Rowing,74.03,93.19,83.26,59,188,,95,223.2,274.07,82.36,80.22,55.36,0.59
ROW_1109,19,Male,Rowing,47.09,59.48,75.75,52,192,,69,578.89,378.97,71.26,80.86,88.91,0.96
ROW_1110,18,Female,Rowing,50.93,76.18,68.54,53,170,,75,580.71,384.66,83.58,68.15,52.91,0.33
ROW_1111,29,Female,Rowing,72.85,106.73,84.28,42,192,,72,207.48,176.79,80.22,92.05,55.52,0.54
ROW_1112,25,Male,Rowing,45.04,89.78,65.58,57,194,,79,342.76,184.6,62.22,80.89,71.72,0.81
ROW_1113,26,Male,Rowing,54.88,57.61,68.69,48,197,,63,552.01,239.51,90.64,61.18,68.96,0.37
ROW_1114,31,Female,Rowing,65.44,76.09,65.52,54,196,,79,232.34,255.31,89.95,61.99,99.49,0.47
ROW_1115,27,Female,Rowing,65.84,66.99,80.23,49,177,,81,278.63,296.52,99.45,93.08,98.34,0.68
ROW_1116,26,Male,Rowing,72.2,86.22,80.59,56,192,,88,591.47,343.29,58.75,81.29,59.48,0.86
ROW_1117,23,Male,Rowing,62.71,109.04,79.58,52,195,,75,538.92,183.94,92.39,69.94,97.33,0.42
ROW_1118,18,Female,Rowing,62.83,80.54,72.47,40,183,,82,564.83,350.66,93.6,59.36,84.61,0.53
ROW_1119,22,Female,Rowing,70.39,80.33,63.01,50,193,,89,256.86,302.51,82.11,80.51,70.44,0.98
ROW_1120,27,Female,Rowing,62.45,113.37,87.34,44,185,,89,284.53,395.22,75.32,59.22,86.98,0.04
ROW_1121,30,Female,Rowing,66.3,90.33,75.23,48,198,,62,442.17,312.79,97.86,73.51,95.01,0.45
ROW_1122,21,Male,Rowing,76.42,89.63,72.21,46,173,,83,400.7,329.02,98.63,83.88,59.01,0.64
ROW_1123,18,Male,Rowing,59.05,68.33,77.66,46,187,,96,319.4,198.8,82.08,78.27,59.8,0.01
ROW_1124,19,Female,Rowing,58.48,92.54,65.78,41,183,,72,553.54,342.22,67.98,96.1,70.44,0.6
ROW_1125,21,Female,Rowing,45.12,90.31,63.98,58,199,,91,560.56,169.82,90.86,51.99,58.46,0.06
ROW_1126,34,Male,Rowing,66.47,77.78,72.17,59,196,,96,316.67,314.13,54.46,63.99,68.02,0.86
ROW_1127,27,Female,Rowing,46.04,119.35,66.82,57,178,,71,262.3,163.89,64.53,52.85,82.28,0.81
ROW_1128,29,Female,Rowing,62.65,111.73,67.33,49,184,,67,259.64,178.81,99.28,59.73,90.64,0.03
ROW_1129,19,Female,Rowing,73.15,102.47,86.78,44,172,,83,393.77,176.97,90.72,56.2,65.1,0.05
ROW_1130,20,Female,Rowing,64.25,87.61,75.92,55,199,,75,253.17,163.12,96.98,86.63,64.09,0.75
ROW_1131,31,Female,Rowing,54.44,82.34,74.5,44,196,,91,389.34,230.28,79.74,68.47,88.99,0.37
ROW_1132,32,Female,Rowing,72.52,62.94,80.68,54,173,,93,384.77,398.59,70.38,96.25,69.05,0.58
ROW_1133,30,Male,Rowing,54.44,71.4,88.55,55,192,,94,553.64,237.06,98.98,51.17,90.92,0.27
ROW_1134,26,Female,Rowing,70.66,104.18,63.37,43,187,,91,318.48,340.19,65.47,82.65,99.67,0.17
ROW_1135,19,Male,Rowing,66.36,81.76,85.01,53,183,,76,424.26,183.08,87.87,98.53,98.98,0.3
ROW_1136,33,Male,Rowing,50.95,111.76,77.52,56,184,,61,497.4,263.62,77.91,58.79,83.13,0.25
ROW_1137,28,Male,Rowing,76.68,60.35,64.38,56,177,,85,438.37,196.28,61.43,72.12,68.76,0.45
ROW_1138,29,Female,Rowing,52.02,85.58,68.91,55,197,,76,581.63,198.02,50.87,85.09,53.27,0.75
ROW_1139,18,Female,Rowing,79.64,95.29,74.47,48,179,,97,440.91,174.92,69.19,81.66,86.9,0.55
ROW_1140,19,Female,Rowing,45.26,86.18,80.74,41,193,,61,560.74,258.01,77.38,78.3,98.9,0.61
ROW_1141,33,Male,Rowing,54.22,112.25,67.28,50,181,,67,298.02,168.88,59.16,66.34,53.4,0.47
ROW_1142,19,Male,Rowing,52.0,119.27,76.05,54,190,,65,424.3,377.45,70.73,86.41,50.31,0.32
ROW_1143,27,Female,Rowing,45.49,58.11,80.54,42,178,,68,417.32,261.98,80.76,82.66,91.59,0.14
ROW_1144,27,Female,Rowing,70.63,59.1,73.46,55,177,,60,595.78,359.64,85.75,58.14,55.11,0.35
ROW_1145,33,Male,Rowing,69.27,59.12,85.89,58,186,,64,281.8,394.87,52.64,98.2,54.08,0.67
ROW_1146,30,Male,Rowing,72.73,97.68,86.08,45,178,,98,256.4,319.44,83.21,77.78,95.52,0.73
ROW_1147,33,Male,Rowing,53.98,76.09,74.12,53,182,,68,444.67,375.38,52.83,76.27,53.98,0.47
ROW_1148,25,Female,Rowing,60.55,101.33,89.19,44,199,,73,289.48,183.84,51.41,92.41,55.7,0.64
ROW_1149,30,Male,Rowing,68.07,78.38,62.27,44,183,,86,455.66,357.5,57.62,82.02,78.48,0.21
ROW_1150,24,Male,Rowing,60.39,93.93,60.1,45,174,,68,589.0,217.8,82.68,53.72,87.84,0.86
ROW_1151,23,Male,Rowing,69.41,103.89,71.42,57,178,,95,578.6,268.15,52.64,75.33,69.98,0.87
ROW_1152,26,Female,Rowing,67.19,88.38,78.03,57,194,,88,292.44,311.65,51.04,89.03,71.03,0.32
ROW_1153,23,Female,Rowing,49.01,87.77,78.88,58,195,,79,268.36,375.89,55.9,85.0,81.63,0.55
ROW_1154,34,Female,Rowing,72.34,56.18,74.29,41,195,,74,424.3,377.75,97.49,98.54,75.27,0.61
ROW_1155,29,Male,Rowing,70.22,78.75,63.75,56,185,,95,434.71,173.03,95.36,51.25,50.93,0.47
ROW_1156,20,Male,Rowing,67.95,88.2,65.11,40,188,,62,464.9,241.14,54.32,63.06,55.68,0.91
ROW_1157,22,Male,Rowing,50.43,82.34,85.56,48,193,,82,496.6,348.29,65.2,77.46,79.08,0.74
ROW_1158,24,Male,Rowing,54.38,113.05,86.04,52,192,,68,440.38,325.79,97.36,80.97,89.68,0.67
